(BSplineTransformSplineOrder 3)
(Direction 1 0 0 1)
(FixedImageDimension 2)
(FixedInternalImagePixelType "float")
(GridDirection 1 0 0 1)
(GridIndex 0 0)
(GridOrigin -13.596141113998536 -16.485641095416526)
(GridSize 131 131)
(GridSpacing 8.078753319062622 8.135165492214675)
(HowToCombineTransforms "Compose")
(Index 0 0)
(InitialTransformParameterFileName "./TransformParameters.0.txt")
(MovingImageDimension 2)
(MovingInternalImagePixelType "float")
(NumberOfParameters 34322)
(Origin 0 0)
(Size 1024 1024)
(Spacing 1 1)
(Transform "BSplineTransform")
(TransformParameters -2.0537402230021785e-9 -1.4312962775563096e-8 -2.2449122079124346e-8 -1.8242924013896296e-8 -1.3591774770792027e-8 -1.3486837221629714e-8 -1.9492389212676194e-8 -2.2850850510284688e-8 -2.3176140454744004e-8 -1.973414453035895e-8 -3.8685891282074003e-8 -3.4160273536617614e-8 -1.8164090329133616e-8 -9.536284765296739e-9 -4.784418963630515e-9 -1.503915860918576e-9 -8.407390837392491e-10 -4.878801249454103e-10 -2.5210815462203163e-10 -8.501786655884974e-11 5.448057477119205e-11 4.885917287396679e-11 1.700396809935511e-11 1.1045656923598332e-11 3.7308659471955304e-11 1.0886849223299073e-10 1.0172524929103064e-10 4.922527918886441e-10 8.248997141178135e-10 -1.890313396352487e-11 -4.804277399995938e-10 -1.4853822852337081e-9 -3.2286228509316916e-9 -8.49514519573647e-9 -9.069998423537298e-9 -2.3280589549518894e-8 -2.2911312857070198e-8 -1.894614037919327e-8 -2.3457782542758216e-8 -1.878344478781683e-8 -9.831475820333482e-9 -4.274217581067616e-9 -4.649281329660364e-10 -1.7862912639725686e-10 2.509596836584123e-10 2.9589737823429245e-10 1.3097670292019272e-10 1.2823755968280302e-10 3.525029781003586e-11 1.0760367699728524e-11 -7.412786954044023e-13 -7.474383843997816e-13 1.1453756202224166e-12 1.4741591736009799e-12 2.3249391739281406e-12 2.6390601883990645e-12 2.093020056049226e-12 1.024659840512346e-12 -1.7192448023561276e-12 -3.8832706017603605e-12 -1.5857438081011737e-12 1.0355372959992825e-11 2.4047299876063454e-11 6.166680389628677e-11 1.4892915874004857e-10 2.4824146765904934e-10 4.0788441005229647e-10 6.028014306435939e-10 5.269289084804539e-10 5.567742861611201e-10 6.162327274133289e-10 5.22988559018893e-10 5.02417466458589e-10 4.5303578596931315e-10 3.631370889689062e-10 2.977480194163104e-10 1.9256851485649488e-10 1.0479012564353164e-10 5.1018680875215756e-11 1.789924684165462e-11 1.3032878241171658e-11 1.02187670260535e-11 3.48854736485184e-12 7.230861546044654e-13 -4.865922077238046e-13 -1.7015942277864985e-12 -5.090049395847305e-12 -1.0369880783530157e-11 -7.64551960774765e-11 -2.9327105387504435e-11 4.730927811825986e-11 -3.550665068325236e-11 3.3632461236213666e-10 1.3148824634461276e-9 1.7737041309564962e-9 -2.2575657752474176e-9 -1.42123061610761e-8 -4.2695717068224116e-8 -1.7088466027579207e-7 -2.319708744502526e-7 -2.608399013211469e-7 -3.661147291313593e-7 -3.041982677518588e-7 -2.570409958693479e-7 -2.3183305648309468e-7 -2.3074940247281157e-7 -1.4118538979124417e-7 -2.4455435726892652e-8 -1.300420209929456e-8 5.560469973740286e-9 5.205179302123665e-9 3.4512166668662836e-9 6.08709529619496e-9 7.0898045472601585e-9 1.9828775111326734e-8 3.7858055453834775e-8 2.415983117993013e-8 7.191072720606922e-9 -2.296993301909444e-8 -8.30868681849469e-8 -1.9546338204353817e-7 -3.975287815262174e-7 -6.509954666605494e-7 -0.0000010155231150721835 -6.406590140802305e-7 -5.612835541588501e-7 -6.030983786298439e-7 -5.871452895083266e-7 -3.83902641717283e-7 -1.751140938754904e-7 7.47751191770962e-9 2.2716695224203503e-8 1.1086940524657108e-7 1.5753271867973814e-7 2.407881294530139e-7 2.5755035033145953e-7 3.46390113126019e-7 3.1918211891200274e-7 2.4538008515149156e-7 1.5505899739040977e-7 1.2526316579723127e-7 6.611508662294739e-8 5.921021452372499e-9 -3.4345316212512045e-8 -2.8088777984302762e-8 -3.0166672883224954e-8 -7.876605584220625e-9 -4.5204154190589454e-9 -2.6252739036085952e-9 -1.485601375431681e-9 -6.680127909922045e-10 8.387436339478341e-12 1.8839734190426658e-10 1.160561755659268e-10 1.5463684968631274e-10 1.4335501194079894e-10 3.59683583164502e-10 3.3496209285365385e-10 1.2454472252051704e-9 -8.337994476336693e-10 -3.745669151314295e-9 -8.18956043605241e-9 -1.2434585656484507e-8 -1.4442023687772193e-8 -1.9371161219550427e-8 -3.19131679323872e-8 -1.5078392788244996e-8 -1.7809910569703736e-8 -3.057028791346494e-8 -3.723410907850375e-8 -4.706184831680176e-8 -2.6253131734431275e-8 -1.7012616599389076e-8 -9.10595605031309e-9 -3.833199053381614e-9 3.352545355286955e-11 1.1109465583280175e-9 5.443182629245809e-11 2.890927972015732e-10 1.2825030312149848e-10 1.5013728253560877e-11 -2.3665713290472566e-12 -4.727567077957312e-12 -5.416779891789746e-12 -3.986327891476187e-12 -3.742841911809842e-12 -3.189564712282485e-12 -3.9231367415597495e-12 -4.303543706554665e-12 -7.194689647467585e-12 1.689695216584896e-12 2.0761312540544286e-11 7.549526859019538e-11 1.3380951809067287e-10 2.0633853495317157e-10 3.9141688615961913e-10 3.555689210118827e-10 5.354580108795543e-10 1.1277506943068388e-10 2.698957646040339e-10 5.545639079316063e-10 5.173654806456403e-10 6.148995890006717e-10 4.964503417400001e-10 7.695325449097983e-10 5.389520305211255e-10 4.583319008743908e-10 4.512567755719566e-10 3.324618179423809e-10 1.581807577359707e-10 7.153548192482393e-11 2.9586379414566484e-11 7.099589949662636e-12 -1.2396444427240983e-11 -1.516047858054362e-11 -8.438565214637131e-12 -2.220578709112235e-11 -5.7704911397668375e-11 -4.509068652138425e-11 -2.0014079517583365e-10 4.5911043554969135e-10 7.956126319463009e-10 1.346008846273746e-9 5.991026123449712e-9 1.7067609354773588e-9 -1.6948328848234422e-9 -3.795333788576687e-8 -5.524737270273506e-8 -1.8345298094355159e-7 -4.400668231031383e-7 2.5048993715288307e-8 -6.550361657095959e-7 -0.0000010238381562604886 -7.382691464048835e-7 -9.366435030141882e-7 -9.002411239650879e-7 -5.741398047271226e-7 -5.239164271061487e-7 -2.280072342248353e-7 -1.1389302299441424e-7 -1.1603955936535486e-8 -6.977812031104099e-9 8.83337815173657e-9 1.3238629912343598e-8 2.9631374337221233e-8 4.1127603831958353e-8 -1.5555844729238187e-8 -1.0585552821239351e-7 -2.7006450100051467e-7 -5.116353467343851e-7 -8.198457770904235e-7 -0.0000012328331230789243 -0.000001731797468194261 -0.0000022998552814898193 -0.000002039142283742918 -0.000002871991655012735 -0.000003224491883074439 -0.0000028512577667779684 -0.0000021972272710949615 -0.0000018303293616458355 -0.0000011240087809596867 -1.2053318627319936e-7 8.018137929749116e-8 3.3756495894998927e-7 5.926148249078997e-7 8.194534633960239e-7 8.687881463270423e-7 7.165672445497295e-7 6.69932386611252e-7 6.964019745215709e-7 5.673411216329593e-7 2.672903677097026e-7 2.0973609276952873e-7 1.1901584479820413e-7 6.037406650320992e-8 -9.128639099393454e-9 -5.418091606956814e-8 -1.7470724331375402e-8 -6.612934235800848e-9 -3.453061405477581e-9 -1.8460109384620477e-9 -1.096856200728398e-9 -6.630538140095751e-10 8.809401823627853e-11 2.034705420503037e-10 2.448200075548512e-10 2.0985695879088788e-10 4.265202790969718e-10 2.0767188786264107e-10 3.019723330697654e-10 -4.1105761974013245e-9 -7.177744259454073e-9 -1.5929174132723497e-8 -2.5929088654864596e-8 -2.3124015347804765e-8 -2.983309725790893e-9 3.015074448244919e-8 5.497603368167175e-8 4.843571228313779e-8 -1.0977775811228314e-9 -2.8515139858126315e-8 -1.8528300200157266e-8 -3.7358006796834656e-8 -1.3228115696426236e-8 -2.3013211063434595e-8 -1.415468154148939e-8 -2.6127106143672955e-9 -1.9519425615978343e-10 4.54665195400374e-10 1.0270732821873314e-10 1.8292920272035037e-10 4.645587212025947e-11 8.421361541401402e-12 -1.2621870362705612e-11 -8.406597934331148e-12 -1.0088083926571313e-11 -1.3054350120748517e-11 -1.40730229239982e-11 -1.2335957156736999e-11 -8.090207815705733e-12 -4.058812895495967e-12 1.7058764563025186e-11 7.09481935616401e-11 1.2317829964277405e-10 1.9973736167357402e-10 2.1167645850912868e-10 2.923804691658459e-10 2.0912215574696961e-10 -1.9360358829185446e-10 -2.1573450298207555e-10 -9.214125148199759e-10 -1.2992245478397984e-9 -1.3259985073558042e-9 -1.5197983740506059e-9 -9.817844894432845e-10 -5.999144415175493e-10 1.0996776633438991e-10 2.8378527438303954e-10 1.4926226031389568e-10 2.694299396150204e-10 2.0447087545618823e-10 8.649230861312195e-11 1.1069601027577597e-11 -1.6287290202379746e-11 -2.8927628504234048e-11 -3.335351325039956e-11 -3.2353807154432524e-11 -4.231741437343767e-11 -3.745535524086619e-11 1.5669607523437008e-11 1.3077197442146423e-10 5.509526503328476e-10 2.4849333822452306e-9 7.1156095918049425e-9 2.8819977220407935e-9 -1.0268797421042155e-8 -1.8954886431928593e-8 -4.486272475067396e-8 -1.7390493089263204e-7 -1.7117263708021386e-7 -1.7110989138678148e-7 -8.351735735642472e-8 8.196680287487714e-7 0.0000011184359329169062 0.0000013908821433975865 0.000001281490161238557 5.423228948856132e-7 6.073854556671059e-8 -3.5341205628618605e-7 -6.82772018884935e-7 -2.630218766095016e-7 -6.893542796009746e-8 -4.0365642590371334e-8 1.508704229716175e-8 1.3048329414519218e-8 2.124273383324057e-8 -1.7712405046867445e-9 -8.984480248895147e-8 -2.393373651620333e-7 -5.279080947029448e-7 -8.019636934681579e-7 -0.0000011838003991996275 -0.0000013627693862976334 -0.0000021537341586118177 -0.0000012120755298553803 -8.337285710055727e-7 -9.441579841641106e-7 -0.0000014050760998462167 -0.0000031661501030387304 -0.0000024989356197025673 -0.0000019346694532816515 -0.0000017895166120391377 -3.0451951705623163e-7 2.0757747608932123e-7 6.955012613897726e-7 0.000001627107204337702 6.156561830652919e-7 5.902510205541685e-7 0.000001448163172751852 0.0000012816000483970606 9.208183870470739e-7 8.597673333101015e-7 5.522662935280966e-7 3.8616492554519417e-7 2.1692746560365295e-7 1.2278447708317666e-7 4.0185297481611027e-8 -2.987798118743545e-8 -4.102301710747208e-8 -1.7330104273923434e-8 -7.448691396783092e-9 -3.6174966062158166e-9 -8.161534957120847e-10 -1.0325277994544174e-9 -1.7642905967660878e-10 2.963344450639385e-10 3.076707277070881e-10 3.1985967347491844e-10 5.190118570480735e-10 2.432873895890693e-10 -1.1761582010441315e-9 -4.833725428814851e-9 -1.169793123754796e-8 -2.0364875356511592e-8 -1.6056709163012727e-8 -5.526889919826292e-9 2.37133252820528e-8 3.403755781709118e-8 1.2472938642825136e-7 2.2425391656331725e-7 2.592694106199515e-7 1.4552394781690628e-7 4.749001306779352e-8 -5.506540556053431e-9 -1.091296560082104e-8 -2.7836165438412936e-8 -2.0663644112928528e-8 -9.031485116300114e-9 -1.860343218620175e-9 1.3573442950200898e-10 2.4176945345734743e-10 1.249361067754868e-10 7.69138526542591e-11 1.8755418798188074e-11 -2.434366369211896e-11 -2.234823177127199e-11 -2.42680633423259e-11 -2.2451095604853266e-11 -2.0305959139216047e-11 -2.0990980130410006e-11 -1.681628945519726e-11 -5.697975783398063e-12 2.5969227106400596e-11 8.322238184361138e-11 1.8648503984202163e-10 1.7984215680713415e-10 3.83441023713353e-10 4.5406497374356845e-10 -3.587197179409587e-10 -7.24420567003589e-10 -2.223318254839854e-9 -2.6314366509889882e-9 -3.450554946813292e-9 -5.368011218359741e-9 -4.45791670734916e-9 -1.7824395170007066e-9 -2.6313144354367333e-9 -1.6144247764181986e-9 -4.436747992125341e-10 1.457184611515513e-10 4.875093967411039e-11 2.3733041277562767e-10 1.3619570918399147e-10 7.326871411975936e-12 -4.5798547599818067e-11 -7.520334471598157e-11 -7.761940325125363e-11 -6.12955877476224e-11 -6.96212802328045e-11 -5.38746365256944e-11 8.10211911497874e-12 4.7925764162247115e-11 1.9891331561590275e-9 2.5864485431461207e-9 5.100289695234838e-9 -9.13389743682091e-9 -2.3012115869131178e-8 -6.075402114717673e-8 -9.122530423349782e-8 -1.6619242920777652e-7 -3.833398775344204e-8 -1.924534785637659e-7 0.0000013069721689401862 0.0000014510518709020372 0.000003829540980379596 0.0000033220668234580915 0.0000028426310209686156 0.0000029671260713669713 7.840430032323289e-7 3.5568865204191676e-7 -2.162881098997254e-7 -3.5520430725341903e-7 -1.1919953611303585e-7 -5.133910492333508e-8 -2.231072223193284e-9 1.0754142934440623e-8 1.5905840232123717e-8 -2.7743697369771475e-8 -1.9844849648582449e-7 -4.612161778764266e-7 -9.246353571947751e-7 -0.0000014562222490139024 -0.0000017220503426686619 -0.0000013559546206561167 -3.102249299610399e-7 6.807731579446804e-7 5.524827497857325e-7 8.311231109222244e-7 6.973830102713957e-7 6.225330963069328e-7 -0.0000024523118289241036 -0.0000036950509672787447 -0.000003218539875370276 -9.72895612721176e-7 9.309650790097692e-7 0.00000181866540147797 6.952922682250564e-7 2.3776914501658862e-7 8.376600415144543e-7 4.6726673006357615e-8 7.304521171616203e-7 8.427004305599664e-7 7.897412396971947e-7 6.018984374828149e-7 6.291888261354809e-7 5.50893807463859e-7 2.3785590089210094e-7 7.50789444637713e-8 1.0005861007517092e-8 -2.3895296554564116e-8 -4.360468221943035e-8 -1.1925551731395316e-8 -8.056605835930341e-9 -3.004140982884801e-9 -1.3990642026891634e-9 -7.614233531213538e-10 2.8429471843571388e-11 4.5003129257545285e-10 6.758589647757712e-10 4.4806450026156277e-10 -7.35624028740112e-11 -3.251387462902567e-10 -1.0175908945496828e-8 -2.4374778957823977e-8 -2.509762395451198e-8 -1.1366758395677299e-8 4.845495259377027e-8 1.3864842141077922e-7 3.303635518135642e-7 5.273765326887426e-7 6.01222643125444e-7 4.978350307417742e-7 4.871052632196268e-7 2.3743382904490492e-7 8.815149859924757e-8 -9.403745281762673e-9 -1.9840482216728516e-8 -1.4406978741472326e-8 -1.2271137256871711e-8 -3.435758613728785e-9 -7.13077935177236e-10 -8.119958971441053e-11 1.7350331428181282e-10 7.634564734598449e-11 1.1882921701724227e-11 -1.2295829229290438e-11 -3.337658280464343e-11 -3.554377933887579e-11 -4.9481685617878446e-11 -5.7753171416409987e-11 -5.2276037806610704e-11 -4.978100653259254e-11 -7.80070361246648e-12 2.8714213209717258e-11 1.0427461428795676e-10 1.8418183280851156e-10 3.596412953929635e-10 3.547223381519166e-10 -6.434741673413969e-10 -1.1676858325140657e-9 -3.241351435386501e-9 -5.1464922087797454e-9 -7.598587587182633e-9 -1.0960210984888249e-8 -1.2370328303875523e-8 -1.2161293074878275e-8 -9.216020297108226e-9 -4.380178545891757e-9 -3.632485002613318e-9 -1.9342673713279585e-9 2.068802084813751e-11 1.8749183880638424e-10 4.4892903884406914e-11 7.905030481576086e-11 -6.284061602374883e-11 -1.1064897610000962e-10 -1.1781685593648401e-10 -1.6758270221430417e-10 -1.2137316546714932e-10 -6.829259901937151e-11 -5.60763941696838e-11 -3.991019575396392e-12 5.010897978336351e-10 1.8133200544841497e-9 2.4304986665101907e-9 6.781914590361172e-10 -1.579395581610648e-8 -3.4869576658327246e-8 -8.531031560477426e-8 -1.4043569018540772e-7 -3.360891509237862e-7 -4.4591456045410275e-8 8.315577413589531e-7 0.0000022619597458923557 0.000005965365786431683 0.000010835398407714607 0.000011796932476957845 0.00001007127295321982 0.000005485737158127936 0.000003944078964550221 9.64566787053652e-7 2.2032322886658418e-9 -2.0996771728737572e-7 -2.1395155552314662e-7 -4.9880888585540297e-8 -1.0967867211940478e-8 9.916023780508035e-9 4.111465385728073e-8 -7.966414887936865e-8 -3.857517136078388e-7 -8.31355388493215e-7 -0.0000016651299372295468 -0.0000015647914511478568 -0.0000011714179912115612 8.744960551574575e-7 0.0000023577122691016573 0.000005009275635769227 0.000007568245464691695 0.000009901923253664452 0.000003148291254270373 3.86840199442495e-8 -0.0000014208729408538987 -0.0000028408863442830197 -0.0000015208137329937932 -0.00000168781593397456 0.0000023391448879201387 0.0000021382632823662167 -8.19273695725228e-7 -0.0000020967866440239327 -0.0000017008672863920477 0.000001427103148271072 0.000003029733357268872 5.302090189184604e-8 9.193853665161943e-8 9.056517306838571e-7 9.784695515797536e-7 7.593422897057957e-7 6.292716643970386e-7 3.0845566181524315e-7 7.847358829283084e-8 -3.618007435239176e-8 -5.337223391533373e-8 -1.6087855943507176e-8 -1.6329965314186034e-8 -9.416655647124956e-9 -3.7127435484161576e-9 -7.989683995400995e-10 -1.4312840638594557e-10 2.8454728974848275e-10 7.228455701590686e-10 2.8125528094877976e-10 2.4170373028014914e-10 -3.6034974423758133e-9 -1.4045493217413796e-8 -4.0447199832337626e-8 -1.1208473845156245e-8 7.966749704969528e-9 1.1400526550988591e-7 2.6619914172335173e-7 6.105449405396223e-7 8.568201545043321e-7 0.0000010730756962557513 0.0000010615209869989841 7.42542224276247e-7 4.95413709857848e-7 2.2438019701561267e-7 -2.306085776948158e-9 -1.5642770907710324e-8 -2.2251641084625624e-8 -1.033822811328072e-8 -5.1794329411286355e-9 -1.5802366285246882e-9 -1.3365404242354738e-10 1.0181173719149974e-10 9.326715518730094e-12 1.893059633180362e-11 -6.146619200528877e-11 -7.577940086442662e-11 -7.917374551866947e-11 -9.36239841032199e-11 -1.0502127253163539e-10 -1.0159158648265633e-10 -1.2961274475633708e-10 -6.207818589348317e-11 -2.254991492441966e-11 1.1443293618297134e-10 2.2770360947791384e-10 3.170345066247703e-10 -3.384344286261635e-10 -1.022214006374379e-9 -2.879673478689868e-9 -5.0508502903399295e-9 -8.42858769619021e-9 -1.531838681036554e-8 -1.7997621181788535e-8 -2.2208875343870502e-8 -2.0412162786199583e-8 -1.7695795796522112e-8 -1.1838228588934353e-8 -6.464180865793539e-9 -3.5688630929195827e-9 -1.4674244313472036e-9 -4.943188103129306e-10 5.51787874296348e-11 -3.765839446302858e-11 -5.675878703583676e-11 -2.8480162395478987e-10 -1.737900275367659e-10 -2.2414523932457026e-10 -1.469013289851537e-10 -9.769152229172661e-11 -8.97406159034474e-11 1.6069680224319317e-10 9.329866637020064e-10 1.4059528122104212e-9 2.200624684577889e-9 -2.9000637721508624e-9 -1.882746964008422e-8 -4.3618613525997283e-8 -1.1139275343910393e-7 -1.603836599254308e-7 -6.12061290382114e-7 1.3212831883931578e-7 0.0000019478893255922354 0.000005440674467042116 0.000011940109789523527 0.000016786131756267017 0.00002235115695833007 0.000018873831997834475 0.000011940375240921 0.000007599294323169204 0.0000028804188660411214 3.0464240763433737e-7 -3.3617152215718463e-7 -2.6675971568642625e-7 -1.1298556727823146e-7 -1.891232214569373e-8 8.84928210757222e-9 -9.629348801474001e-9 -2.7922432370751375e-7 -5.353741074524672e-7 -0.0000011620785086616621 -0.0000014326293110382763 -6.978199786831046e-7 2.9062637199198206e-7 0.0000034352089741918973 0.000008873874515938628 0.000014212886196632896 0.0000115741769061388 0.000010811523395247467 0.00002058859458465818 0.000020277376766694116 3.9684156134092414e-7 0.000009385107883025166 -0.000011094350447483376 -0.000003849411431471752 0.0000027298980746781404 -8.755166228747894e-7 -0.000005281444575333342 -0.000010480210463370816 -0.00001593514196333813 -0.00001967548765790971 -0.000010390580303956667 -0.000008055901917242927 1.3338440091408367e-7 0.0000010085373321418686 0.0000010617563036382767 0.000002062751472934765 0.0000010780090351230431 6.115741954236745e-7 1.2877293849574612e-7 3.298775346550687e-8 -5.532658291515308e-8 -2.8998953973313826e-8 -2.082075283887411e-8 -1.5726916689910773e-8 -7.604443492129508e-9 -3.78740705113423e-9 9.176925954412207e-11 6.860008577281005e-10 5.679912942166452e-10 1.5411606738724868e-10 -3.521496785056471e-10 -5.400748624725105e-9 -1.8364874714442128e-8 -2.5451787855285894e-8 -2.9002964088452438e-8 2.6713745329729493e-8 1.4100427831097103e-7 4.1070208524170767e-7 8.742779319000374e-7 0.0000013383867080581478 0.0000017233391562038735 0.0000016261320062351135 0.0000012226365244062566 7.360609941556426e-7 2.7245613296004466e-7 8.898537233330009e-8 1.2297569360628013e-8 -1.7667386969162415e-8 -1.2701571053984766e-8 -4.889389052952176e-9 -1.817746939596632e-9 -5.683148563527671e-10 9.952599087763143e-11 -2.0055461911248912e-10 -1.3236790441085475e-10 -9.757044594508479e-11 -1.6505382873298335e-10 -1.993024751047249e-10 -1.5843080415509865e-10 -1.8918147288442447e-10 -2.1059450145530228e-10 -1.0753399042851902e-10 -1.9553876721295992e-10 -1.556410233255964e-12 1.6463161239429777e-10 1.7950699007057034e-10 1.0170831853642304e-10 -1.714659685510358e-10 -2.2448359873628183e-9 -5.024435172229631e-9 -8.625016046513217e-9 -1.5151829010670693e-8 -2.502551369559021e-8 -3.278410349629546e-8 -3.597785849976699e-8 -3.2356594287891695e-8 -2.7328056220131954e-8 -1.948392703029961e-8 -1.2160903545458635e-8 -4.613892454035351e-9 -2.6915211503662663e-9 -1.3788507476237588e-9 -2.690810893180425e-10 -1.4462662900107888e-10 -6.378436315494776e-11 3.771183363265712e-11 -1.0455019298492802e-10 -2.436337983529562e-10 -1.1443956703796619e-10 -7.576098888294816e-12 1.1299407274827615e-10 2.3210068053083435e-10 6.518663989888648e-10 2.306909275082808e-9 1.2935114833647497e-9 -2.196664203217498e-9 -1.5368669183185516e-8 -6.045433286486043e-8 -1.0136688905079897e-7 -3.5531923293714084e-7 -6.241336340938535e-7 5.880484167349376e-8 0.0000028683864595586212 0.000009032526774920323 0.00001574210838536391 0.000025797633891033133 0.00003254103382551473 0.00002714843020925238 0.00001908694489301945 0.000008498306424386923 0.0000035363791528324817 5.226497225092571e-7 -2.4874307025672294e-7 -3.798128014679328e-7 -1.6716984101352562e-7 -2.293177497350407e-8 -2.7738734301445906e-9 -1.126873162214615e-7 -3.560689265157427e-7 -7.520734631277482e-7 -0.000001091139224949437 -0.0000011079058942992648 -0.0000012172191116208374 0.0000040884294516972105 0.000010032582630859177 0.00002432638085964617 0.00002959323635535463 0.000033213096166594004 0.000053032086108692154 0.000044123826484566065 -0.000014826638579068535 -0.000020484843091199185 -0.000004239005170410645 -0.000010948509474884888 -0.000011368375789939873 0.0000043141308167995465 -0.0000010626088518790025 -0.000008761710032461472 -0.0000309967369685885 -0.000038684994032918414 -0.0000363704565333292 -0.000030731360860598396 -0.000020894702731899947 -0.000013223264675969149 9.336054343603734e-7 0.000001100974790354245 0.0000037825384608375944 0.0000019785530815693768 6.357736943822133e-7 5.745332258245424e-7 1.031923246228709e-7 -5.860669184228218e-8 -2.830973562399085e-8 -3.2763457268837534e-8 -2.2456220017757308e-8 -1.0833150352657603e-8 -4.816343256831461e-9 -1.1471127679309747e-9 4.982400404123398e-10 5.521226150892171e-10 6.192720863582063e-10 -1.4295569746625025e-9 -5.174661045446625e-9 -1.3605323196902475e-8 -2.2419864730773666e-8 -2.7927728271440102e-8 -3.782497036038475e-8 2.2909098620072328e-7 4.789280066389953e-7 0.000001081678456710985 0.0000016630804377068633 0.000001731221352454908 0.000001663211474304476 0.000001306459232287601 7.953166765313844e-7 3.4811271328759506e-7 2.4967554606535987e-8 3.181754898190427e-8 -3.049772742375468e-8 -6.73483479385801e-9 -4.4823059261671075e-9 -1.3838002801398485e-9 -3.470961747063246e-10 4.239285710314597e-11 -8.52326602842949e-11 -1.0000767837727968e-10 -1.860494880511317e-10 -3.6091176862639367e-10 -1.4348948576502062e-10 -2.447550603089638e-10 -1.257148477043092e-10 -1.4873773102311575e-10 -7.654995838912982e-11 7.615279229403957e-11 5.925917532112084e-11 3.4647012942351e-10 5.18523468710711e-10 4.109557759815944e-10 -6.656519265765798e-10 -3.0825839277184877e-9 -5.338444695169163e-9 -1.3747632632987293e-8 -2.3947798520282956e-8 -3.406116877562692e-8 -4.5731533250166306e-8 -4.914642706397407e-8 -4.797490267541445e-8 -3.824127065807217e-8 -2.637228009792601e-8 -1.721217643044746e-8 -7.977916463332846e-9 -1.981919060065479e-9 -9.875740270831046e-10 6.640196980737714e-10 9.391165757131275e-11 3.4666953218520333e-10 2.5117050981039415e-11 -4.864766892539953e-10 1.6469892069203823e-10 -1.9862478221832927e-10 -9.996162515495472e-11 3.649764312016736e-11 5.51928923030688e-11 5.451933117224925e-10 1.4003000670704482e-9 3.94012955953914e-9 -4.403224360976315e-9 -1.45074786257623e-8 -7.232642321662883e-8 -1.4327377930553276e-7 -4.380166426280858e-7 -2.485949234659758e-7 4.2066541796832485e-7 0.000003200175523841927 0.00000869081525069553 0.000017579605060641827 0.000027557958609467722 0.000031032494301882436 0.000029727260009267834 0.000021213565192825726 0.000010878796308817109 0.000004762264559185591 -1.6509053298069454e-7 -1.0983291406527851e-7 -3.551495718805683e-7 -1.8414920934388035e-7 -5.300587977913986e-8 4.4568577993335497e-8 -1.8264146019907625e-7 -5.097172007344015e-7 -0.0000010091261313764302 -0.000001032438506862505 -0.000001669906181172052 0.000001979399005542132 0.000007318573606863557 0.000021068698982783806 0.000036213710103402797 0.00005493791335138991 0.00011398443265453142 0.00016599626736378876 0.0003012368955297125 0.0001866598616016186 0.0002856716222766389 0.000009810841338670369 0.0000058360835633335934 -0.000015091822491464859 0.00000586763976494794 -0.000008614878599391955 -0.00003370178272554117 -0.000053965217032913996 -0.00008046235919294267 -0.00006924052954392258 -0.000056845927606674654 -0.0000377226048182445 -0.000020082495187268257 -0.0000029399592245189035 0.000002510507153405925 0.0000051505865064394655 0.000003319933989897382 0.0000013428231016474581 8.345135321179926e-7 3.6985699103029286e-7 -1.285406035317987e-8 -4.1545019198575647e-8 -2.945885775226066e-8 -2.56896330081722e-8 -1.6819800439565104e-8 -6.2364706444688805e-9 -4.524265663680295e-10 1.8045141658247605e-10 4.381698551580697e-10 1.07182362147958e-9 -1.9521369001145845e-9 -3.754443056405302e-9 -1.2855981914939226e-8 -2.4786003988738914e-8 -3.0587077193264565e-8 -1.0968278995071091e-7 1.97526073189249e-7 4.2235848639749117e-7 9.200250378960971e-7 0.0000013668052370131534 0.000001932558558286408 0.0000017588890975591239 0.0000012504658550399108 6.928177627991914e-7 2.412575293058682e-7 1.0770612119154029e-7 -1.866911321707869e-8 -1.6627359409694632e-8 -2.027412599681459e-9 -1.6662109357548308e-9 3.3151191424879e-10 8.811278516591882e-10 1.0404794134743906e-9 4.279550550124997e-10 1.4815967508045798e-10 -2.31622214308076e-10 2.6614161627769058e-11 -1.9509100391742624e-10 1.300322587159084e-10 5.222604472428526e-10 -1.4758015434844003e-10 3.90651535453079e-11 3.768816228802884e-10 3.975689241005916e-10 7.871635599002003e-10 9.025007109981785e-10 1.0958272352758167e-9 -3.515512944941442e-10 -3.29889012692578e-9 -7.307529217632639e-9 -1.570167499568736e-8 -2.776908760665905e-8 -3.971904533815761e-8 -5.028786459877849e-8 -6.329997143957906e-8 -5.7245699770685416e-8 -4.08079690742058e-8 -3.0087401707762e-8 -1.8621707352188936e-8 -9.382527975176785e-9 -8.686437232055137e-10 -2.422994571494684e-10 4.1338716673745223e-10 1.591150086233832e-9 1.2652825592612014e-9 1.7020908408857575e-9 1.812967266915636e-9 3.399471096726006e-10 7.865705920922432e-10 5.722105128592828e-10 8.220901989056037e-10 9.395844080657053e-10 1.7003650659833385e-9 2.4372143225803344e-9 3.576808518124679e-9 3.0560850255016123e-9 -1.3129908657844331e-8 -6.615147808996891e-8 -1.6763301108012478e-7 -2.943047348224847e-7 -4.3697733465148894e-7 7.429240812234702e-7 0.0000026054699596407235 0.0000070351696304080125 0.00001697753998410907 0.00002827204915940695 0.000026690786913062293 0.0000263998522035989 0.000016876587930958308 0.000009890900386439259 0.000003426803335358196 4.6105805760013065e-7 -4.687636088217448e-7 -2.6947219186966667e-7 -1.2193653092635256e-7 -5.9166305031366685e-8 -2.1786794646439732e-8 -2.3005549950387059e-7 -5.603193778353559e-7 -0.0000011721178083589878 -0.000001165031770885944 -0.0000014691048615089884 0.000003080970986006349 0.000009019226124083375 0.000027567925647214737 0.00004409040609876033 0.00008284476789851772 0.00013071257562050545 0.0003080676043168334 0.0010774106889743756 0.0008663443865674993 0.0006763941312764906 -0.00006090681117746335 0.00006732791615126398 -0.000013769676145610114 0.000006135791906887887 -0.000020886562909425916 -0.00004465237706162348 -0.00008214563647301457 -0.00010924961440064323 -0.00010821915952684164 -0.00009816425299525591 -0.00005532477041386017 -0.000028750264408569293 -0.000008424368389589607 -1.4421532441949871e-7 0.0000071627012095833335 0.000004340183243662528 0.0000024618537983535604 0.0000013446044021871253 4.1528221173857225e-7 1.303197821541416e-7 -9.412303123686994e-9 -3.660613088958177e-8 -2.6207119405984813e-8 -1.6364725988138925e-8 -9.406335387797227e-9 -9.74248486031665e-10 -3.961572190676435e-11 7.145920425144417e-10 1.225032047069205e-10 -1.3158661530338898e-9 -3.4630993829217714e-9 -9.740921387928794e-9 -1.2588963261519441e-8 -1.884139993983703e-8 -6.075975712319795e-8 1.187369130063138e-7 3.595511726063406e-7 7.067815481615367e-7 0.0000011331346129746783 0.0000012775609536281632 0.0000011281651447500918 8.936797768990479e-7 4.67922715289839e-7 2.2683380173713158e-7 7.986229003806717e-8 -3.6124790881695024e-8 -1.045964774310505e-8 -1.4634395259900456e-9 -1.078557648222639e-9 2.623713890612212e-9 1.0042991507263343e-9 2.6384838600953115e-9 3.128790910992156e-9 1.6737967058247016e-9 3.455957967562516e-10 4.2944772214953096e-10 1.1465676569361146e-9 1.1482057424961676e-10 7.067350441609348e-10 2.1219921720192496e-9 1.8900106168418013e-9 2.3175274363671416e-9 2.7865877656419756e-9 2.6422488963970057e-9 2.7658204967764768e-9 2.3386494707317094e-9 1.3337216234058783e-9 -1.3958926482170674e-9 -6.2778964278541186e-9 -1.639573411539563e-8 -2.758982380036638e-8 -4.168309713321011e-8 -5.5930438246971566e-8 -6.296898996683244e-8 -5.5316752105935154e-8 -4.528848155875335e-8 -2.8817825131065852e-8 -1.720962549573696e-8 -8.187721853453688e-9 -5.449588907266174e-10 2.254443313296877e-9 4.5419459276161415e-9 5.267912106672462e-9 5.739524271729602e-9 5.253042008292761e-9 5.5082083792601905e-9 5.919762079331533e-9 3.638331804680084e-9 1.0145136858603706e-9 2.06246533683518e-9 2.417577337591679e-9 2.824663671214972e-9 3.8441980260011626e-9 6.681550036409121e-9 4.100212693036145e-9 -1.0866353445039686e-8 -4.3564955783195425e-8 -1.6860144651063576e-7 -3.252149515127312e-7 -1.429188272019317e-7 -2.431954363231639e-7 0.0000025121559791270117 0.000004851628622225559 0.000009283998569562026 0.000017131763843232063 0.000019946375910020632 0.000018558907920429337 0.00001098929268199297 0.000005789120559745857 0.0000018761362057512514 5.4413306920640386e-8 -2.3754060471845114e-7 -3.058112319293591e-7 -5.0211114549207205e-8 -5.697784355186467e-8 -5.598083458456568e-9 -2.9543543475512353e-7 -6.343199121364372e-7 -0.0000010667964274662903 -0.0000014903100511709421 -2.96901602409537e-7 0.00000413516980831496 0.000011029462192813597 0.00003678694742665904 0.00005524754094499151 0.00011648269848361502 0.00016010843718047195 0.00044803269488286393 0.001017574956964497 0.0016758425187624153 0.0005961725368275178 0.00021967960478835025 0.000022463967106685335 -0.00002709491195100772 0.000007395021244393349 -0.000022416616825040833 -0.000059321336879910615 -0.00011185480076477018 -0.00013327945041984377 -0.00014993560048165577 -0.00011977397153281666 -0.00007163295996885944 -0.000041565518666814765 -0.000010793675167964895 -0.000002496466374109397 0.000005400443554740451 0.000005445856282632108 0.000002997893621813941 0.00000198646311292457 6.526435522347234e-7 2.0728933154524906e-7 -2.8100434208067423e-8 1.0076991708916031e-8 -3.204558599573044e-8 -1.2378861117616861e-8 -9.698480606657091e-9 -2.219570133967698e-9 -1.336764395986469e-10 1.1962853488113975e-9 1.8326457483796442e-10 -9.715848359925307e-10 -9.286641202606446e-10 7.600562779319686e-10 -1.022194281562052e-8 -1.5254436106927888e-9 -1.5012368648869444e-8 1.5825322472406336e-8 2.1036697576302423e-7 4.276766791564674e-7 7.452353010584168e-7 8.178189566078379e-7 7.212416554202171e-7 5.067551374101637e-7 3.146158526846768e-7 1.6316389856334538e-7 2.3164052839944332e-8 -2.3102585595866647e-8 2.794812806469254e-9 8.966504021710355e-9 1.247491386660884e-8 1.168020281424412e-8 1.265348344793386e-8 1.04722235943728e-8 8.290755199980392e-9 6.7072098375767224e-9 6.199557609404165e-9 4.721160002408737e-9 3.903779136033831e-9 5.605514960214544e-9 5.525759702836396e-9 5.145601302066553e-9 4.279958976746371e-9 5.003288864936106e-9 5.893482734002723e-9 6.14692540345517e-9 5.531834577256902e-9 4.791396006919687e-9 3.222710261250597e-9 4.692293937484008e-10 -3.430316857767438e-9 -1.148895478545888e-8 -2.238198647837783e-8 -3.4231821197833575e-8 -4.8422004704583184e-8 -5.459272786027394e-8 -4.8713138755165195e-8 -4.017597226426039e-8 -2.3361651703661794e-8 -1.303109397687398e-8 -4.624499719245493e-9 2.994866542415399e-9 7.189240697339749e-9 8.979845540770909e-9 1.1484460845544308e-8 1.3168230611932107e-8 1.3142809503741293e-8 1.313671400770251e-8 1.0407200803091594e-8 8.994530613397687e-9 1.1255943601358502e-8 6.19035498631147e-9 5.763444221706671e-9 3.2612963997753646e-9 3.793196144966101e-9 7.991124775719422e-9 1.525578530245418e-8 -1.0843960728941276e-8 -3.422634580961057e-8 -9.554911020630387e-8 -1.5697735168399146e-7 -1.7492214365061532e-7 -6.640775495009015e-8 4.836197099814293e-7 0.000003710311112850733 0.000005282366768471209 0.000007788542442078537 0.000009528422324752227 0.00000783632421703656 0.0000054845267676915575 0.000002386995154982358 0.0000010456364450398372 2.800961409344793e-7 -4.578828966189391e-7 -1.8669326829631363e-7 -2.676648738958473e-8 -3.156119474343818e-9 -6.21473113816745e-8 -3.434859138871794e-7 -8.745154844709307e-7 -0.0000010546031472225076 -0.000001914005187880919 -3.703264470903802e-7 0.0000025897148290310394 0.000008156505860327362 0.0000338298057998705 0.00006382482224692996 0.0001131553087047748 0.0002385445722846606 0.00039858374781891 0.0008499185696279524 0.0011309682522915813 0.00047909303274991106 0.00028218077023274763 -0.0000033530157199432778 -8.82368920228079e-7 0.0000066560134228305735 -0.00002957553531686297 -0.00006663622743338768 -0.00011278620006794568 -0.0001548545512803612 -0.00015481926261069298 -0.00012968431570319959 -0.00008636705050688997 -0.000051234147916662586 -0.00002150845140346489 -0.0000023935711742750634 0.000002550433932477722 0.000005948252264774765 0.0000037598475439846743 0.000002249871506210204 9.639621059862357e-7 4.0463918035707827e-7 -1.3287097547564038e-7 -1.781387592415872e-8 -1.981877592699226e-8 -2.4196475432432372e-8 -1.2272902645284268e-8 -2.817309801321648e-9 -5.250058617739622e-10 8.309764703766423e-10 1.1746435514019643e-9 1.2307250154419659e-9 6.795506055115113e-9 5.356522294322479e-9 7.758866093269452e-9 8.148076234886781e-9 2.140346869964152e-8 2.7146888552669945e-8 1.1424516101608622e-7 1.811450754298863e-7 2.395628178876373e-7 3.79564047758105e-7 2.9643170868655654e-7 2.515353886427921e-7 1.6233532917760063e-7 6.414381986082679e-8 -9.442025472987508e-10 2.156262027113602e-8 2.757093681438484e-8 2.733832616853519e-8 2.897091273735684e-8 2.7625887925509526e-8 2.3881853062978254e-8 2.039535687641883e-8 1.728635909200455e-8 2.0378407850430988e-8 1.458937784604587e-8 9.970725427756293e-9 1.2919981668923815e-8 1.1722288422754619e-8 1.289260289591265e-8 1.0672926847719473e-8 1.2028763847347834e-8 1.3089977317170269e-8 1.0826406713201862e-8 1.1517724048750214e-8 1.0698260903524004e-8 9.300963568564377e-9 6.021433893290935e-9 4.697263709023594e-9 -1.19235617928673e-9 -6.511329311684341e-9 -1.4827259810819239e-8 -2.690191716307002e-8 -3.143819991231024e-8 -3.872518137190301e-8 -3.2863491114236073e-8 -2.4005477285201475e-8 -1.3945580260149214e-8 -3.1941167921262075e-9 5.094051238350927e-9 1.019184135060676e-8 1.4193457480902696e-8 1.7404765912937173e-8 2.099977374298032e-8 2.8741153393680256e-8 2.606729605320615e-8 2.4224938101597536e-8 2.5125983253114108e-8 2.1827045976876883e-8 1.6527670510079173e-8 1.6297643161639526e-8 1.3693476427231006e-8 1.7829993376825257e-8 1.43008167753464e-8 1.4878458344039168e-8 1.8113270928017822e-8 1.0210251078129251e-8 -2.154454391542727e-8 -5.0928651435660964e-8 -1.45428816471935e-7 -7.849127142850747e-8 -1.2885541013019648e-7 2.725621707409166e-7 4.735997594225809e-7 0.0000024483892902396223 0.0000029241090869614296 0.00000393440255750879 0.0000026351569199972025 0.000001546216728736436 4.301819097809354e-7 -7.897795411926502e-8 -5.141061374854041e-7 -2.16757879892106e-7 -7.723679593831728e-8 -2.088951308087099e-8 3.61162993073761e-8 -4.3432613170660134e-8 -4.0224524743143555e-7 -8.998370699649256e-7 -0.0000018498672071761318 -0.0000028747422794097843 -0.0000017536589130302335 6.188449946779954e-7 0.000005067237448046255 0.000030133023703253926 0.00005718691345441992 0.00009199985402808073 0.00015950226511015475 0.00034621501405896285 0.00031780926510046795 0.0004086547391829834 0.00029067044678724043 0.00013375064376134374 -0.0000194481289660991 -0.00001807876728789551 0.000003741070241371983 -0.000040955649644615185 -0.00008465502785508182 -0.00013880745426007415 -0.00017540739870844187 -0.00016768135717947516 -0.00015420281159454142 -0.00010714547237782439 -0.00006366784664030734 -0.00003764240686125834 -0.000005480316107162499 0.0000016077149556972547 0.000005428261505192181 0.000004820530332772325 0.0000030837547452109676 0.0000013146850462123838 6.473054706956611e-7 -6.375229380375084e-8 -1.2311013974240646e-8 -3.795947961796734e-8 -2.3965531106630503e-8 -1.4669085436775335e-8 -7.888470177251796e-9 6.062322980969811e-10 4.141532155170265e-9 6.590815152248158e-9 1.2349928099819832e-8 2.1441430345134868e-8 2.6070135246832913e-8 4.024081377365684e-8 4.497338086757714e-8 3.123681744946575e-8 3.035101850907166e-8 8.680150104977961e-8 1.3596983293709523e-7 1.7035038757416643e-7 1.4636774072802338e-7 1.4393616342937258e-7 1.0949451512898896e-7 3.156406989966925e-8 8.929051682400628e-8 8.521507637860739e-8 9.372840389996619e-8 9.326091825228805e-8 7.769758446166191e-8 7.369463261979217e-8 6.622970284737675e-8 3.836994829965353e-8 3.1211298253502995e-8 3.1988764727199147e-8 2.4753489507148696e-8 3.0321652205495666e-8 3.282645097685619e-8 2.9193199017300664e-8 2.6785766892076727e-8 2.3935154096418275e-8 2.6753729533829434e-8 3.011425748602461e-8 2.6986416850197675e-8 1.8630687460163023e-8 2.003924115594771e-8 1.518130725143384e-8 1.4319265931471292e-8 1.0710499651740053e-8 6.027038063300398e-9 2.3025012423393578e-9 -2.801196792436116e-9 -7.723918659398482e-9 -1.1913492853586848e-8 -1.4183428509319746e-8 -1.6458995586359905e-8 -1.1448273259229807e-8 -3.7091841198903638e-9 3.842007879717398e-9 8.286138546024352e-9 1.6262903654741943e-8 2.0971667615101993e-8 3.370760850736848e-8 3.271903038512093e-8 3.488467663234009e-8 3.7599436262879956e-8 3.642931132596945e-8 4.2690415563436784e-8 3.92058173580975e-8 3.898177244227157e-8 4.272821068828568e-8 3.408606776726666e-8 4.474229652126373e-8 2.9414052796685532e-8 1.9712885836043332e-8 1.4850466080661552e-8 1.9670006942279415e-8 1.3715994297958388e-8 -3.0249608529020703e-9 -1.974315001626093e-8 -5.208803295152466e-8 -7.071770839803849e-8 -2.4005432095591865e-7 -1.9019805274306852e-7 -7.437896161533482e-7 -0.000001268509087617421 -8.261117752992005e-7 4.430654921039707e-8 3.909946438723355e-7 4.092328248299726e-8 -3.129805392102725e-7 -4.225996742913724e-7 -1.6222509741908598e-7 -9.240728712414336e-8 -1.2256041212438448e-8 2.173270951937507e-8 2.93690496804621e-8 -2.6181593276527715e-8 -1.3163644210969446e-7 -0.0000010770903186652614 -0.000002183481772729054 -0.000004174690821601722 -0.0000033558588973931595 -0.0000010722641822505523 0.0000016994121153487112 0.000009508155544140366 0.000059112090712616874 0.00010368111532594791 0.0001553802747091216 0.0002624407393669376 0.0002922009801559128 0.00035532271861827327 0.0001630242957542045 0.000029294102846262222 0.00001721301094884076 -0.000028639968127788364 0.0000019251571252483793 -0.00005983118619889602 -0.00011070732387384988 -0.00016577899545587224 -0.0001947021606822931 -0.00019618652789955642 -0.00017330004480607433 -0.00013175901861319262 -0.0000833748976438233 -0.00006193518671545886 -0.000017738076810978122 -0.000006902114583324709 0.00000735857455167653 0.0000054661830819785325 0.000003952436239727506 0.0000017686893278491377 7.602379201965118e-7 5.636462040891101e-9 -2.2796409651381974e-8 -3.9142750822765104e-8 -4.842924814725004e-8 -2.6773850726267646e-8 -7.822566898553434e-9 2.8071582048340426e-9 1.1732210525350093e-8 1.629215089962787e-8 2.5772349688480287e-8 3.849750648539406e-8 5.564124809969344e-8 6.457277099956756e-8 6.698069331977723e-8 4.96218810478191e-8 7.385862555039981e-8 1.2495092112371961e-7 1.1828805838255525e-7 1.4932539376894209e-7 1.326984166876565e-7 1.1867748928923638e-7 6.557444666674118e-8 1.4182923368173546e-7 1.184413356507601e-7 1.457355256416859e-7 1.239718306862766e-7 1.1866844496107353e-7 1.6593225541567242e-7 1.452151306725016e-7 4.7261011873991805e-8 7.923018490660804e-8 5.0705145984681624e-8 3.215900128379452e-8 3.6823516680613437e-8 4.338291964538225e-8 3.967588147812646e-8 3.74898163333896e-8 4.3240703782302767e-8 2.9996774076076835e-8 2.8773925414594354e-8 2.4065989572656865e-8 1.3129190313276435e-8 1.0928931676534322e-8 5.742476204264285e-9 6.920809748853433e-9 7.203102493455371e-9 9.347010274155945e-9 9.162663253255288e-9 8.227706512171883e-9 1.6624214073186697e-9 8.370749157103391e-10 8.991303098381228e-10 4.134224937291167e-9 5.954605660306594e-9 2.2108480014819e-8 2.1187442694118035e-8 2.3935486005093677e-8 3.67065086535822e-8 4.2359662738050686e-8 3.8834553699265386e-8 3.101924533501538e-8 4.037874466805801e-8 5.0677272389780374e-8 3.755167861887942e-8 3.9966500595299906e-8 2.9164861747559167e-8 3.8107233557610104e-8 4.8110411702464746e-8 4.4692097101027494e-8 4.218032109787314e-8 3.324585097424525e-8 3.831735104785834e-8 2.220617223186338e-8 2.8507311473046012e-8 1.9011464578329833e-8 1.795638303547581e-8 1.4814930771648105e-8 -3.016631996896624e-9 -1.879567483537438e-8 -4.2129776135244045e-8 -1.2711289160277036e-7 -1.9198344437707313e-7 -4.5158558558086206e-7 -2.7019968987808397e-7 -1.9570807555575695e-7 -1.7451925327587968e-7 -2.076281693607738e-7 -4.1135352965251054e-7 -4.440049458889933e-7 -1.4261715112044393e-7 -1.0166717944740829e-7 -2.9464711863571117e-10 6.986719131220506e-9 3.8810543520572684e-8 6.98348728021502e-9 2.40285224423711e-8 -1.6565043322030156e-7 -0.0000012240325961061694 -0.0000024022110814334877 -0.000005019734154105651 -0.000010987923397923092 -0.000006892086139583691 -0.000007807854301085082 0.0000015949189323269842 0.00006833015488636735 0.00012884732017649043 0.0002704934968256043 0.00038565492983469733 0.0003716365704478166 0.0003423866173185207 0.0003001987823952172 0.00018854075799303594 0.000054981160997272264 -0.00003314668144965638 0.0000033796528293650347 -0.00008959098350098131 -0.0001496295760563423 -0.0002178755710282195 -0.00026611162714076806 -0.00027825753338862755 -0.00026476816151922114 -0.00021514320181923878 -0.00014294791758974324 -0.00007677742467137241 -0.00004630798887669245 -0.000009544863247390144 -9.307347794320447e-7 0.000008005597370372315 0.0000037264093389590626 0.000002467296641440376 7.084317618014621e-7 2.455850135698777e-7 -5.370975965094227e-8 -5.440492936309819e-8 -5.021286050156525e-8 -3.203291049755342e-8 -7.530086636163995e-9 6.275307048475598e-9 2.2109650067530187e-8 3.670751048966666e-8 5.778680031309486e-8 6.85777555443598e-8 9.538187599499071e-8 7.21009985033131e-8 7.005010025902399e-8 9.382216630097673e-8 1.1961760686214127e-7 7.926624888484168e-8 1.5954934440025539e-7 1.205168030713109e-7 8.862877469623764e-8 6.83403293355765e-9 2.584187578555122e-8 8.192380461328448e-8 4.9037486637845244e-8 -1.0869187784426976e-7 -1.0892071511182369e-7 -1.8220403301302252e-8 -5.0097530016890544e-8 5.335396505953963e-8 9.156776764040095e-8 -3.118509606500396e-8 -9.213099394409132e-9 -8.390764320135315e-9 -1.156753483870701e-9 1.5393929545414397e-8 2.5810211542012603e-8 1.2490581516262367e-8 1.4975501496720827e-8 2.6274095219163622e-8 -4.607949571721968e-9 -7.734353473241685e-9 -2.260093636172044e-9 -8.444738375933641e-10 -7.982925836933671e-9 9.550418062014121e-10 1.598146983527439e-8 7.2858943837598035e-9 7.199522101635632e-9 6.694079300419201e-9 6.1767955021705035e-9 9.606875910653191e-9 1.59374165452056e-8 2.750767097867284e-8 2.4517764750846598e-8 3.5292191507340456e-8 2.692786694797116e-8 5.9504276394373296e-8 6.699439126161301e-8 5.649842130622013e-8 6.057640691182012e-8 6.18936083167436e-8 4.126921857235613e-8 5.510653365515327e-8 1.9769943418516464e-8 -8.934248737179342e-9 -1.8752655802600066e-8 1.6188043857525974e-8 3.338569182379738e-8 1.8119713061231705e-8 1.7787826577778343e-8 8.749061369201392e-9 2.2985986341756764e-8 6.927407149533738e-8 2.082341127591632e-8 2.3295361538598887e-8 1.9387437336236525e-8 -1.1801257815745107e-8 3.209569851695106e-10 1.344319988556099e-9 -9.613711350856862e-9 -1.5670432824078936e-8 -8.969508167578969e-8 -2.0129688917908556e-7 -3.580062546993072e-7 -4.518332710503502e-7 -3.037913138155252e-7 -3.2698007199681476e-7 -1.97216515802277e-7 -9.421186493094638e-8 -1.2439803025594864e-7 -1.2771521735852279e-8 7.003393206351647e-9 3.4312272325575666e-8 4.399469948370626e-8 2.3094391576272537e-8 2.06505861237116e-8 -3.0032193507172787e-7 -9.048115153308184e-7 -0.000003537854652164872 -0.0000069704979202915 -0.000009661202167849948 -0.000007040336703277797 -0.000007205225189245315 0.00003536523220859215 0.00011230309751062945 0.00024949896710534667 0.0003677781599500817 0.0005366316158796671 0.0006436386817185633 0.0005542201944839981 0.00043991291787355807 0.00026200420182614237 0.0000940816482108582 -0.00003676066778286548 0.000006383024793619049 -0.00010811014681166514 -0.00019644553224491636 -0.0002922489305834538 -0.00037049722786827645 -0.0003740332217385737 -0.0003657212395223213 -0.0003127819806232757 -0.00021797288892455097 -0.00011956824317876291 -0.00006301150367640116 -0.000021416447803283576 0.000004129595666231747 0.00000488441988278229 0.000004128868156882327 0.000003266840559649021 0.0000016058165587925023 2.3568810769669977e-7 3.678021678427279e-8 -5.7754384755144675e-8 -7.307533587345422e-8 -3.2855172072572996e-8 -2.522213270371301e-9 1.680401217240402e-8 3.0301994412456315e-8 5.432254976133118e-8 5.699277176787744e-8 7.784091028365285e-8 7.29537765137558e-8 2.120547424435351e-8 -1.3897424757504033e-8 8.387636237363568e-8 -1.8537769322671001e-7 -1.0557846911708792e-7 -1.2887719360679003e-7 -2.9051945945168914e-7 -8.090622773560931e-8 -2.6962893893050844e-7 -4.0818490440768516e-7 -5.619191760383086e-7 -6.269058364957058e-7 -4.972223208793199e-7 -4.1137998179193256e-7 -3.874058135513357e-7 -4.0667209841848474e-7 -4.348380901076178e-7 -2.0233449894759704e-7 -7.683985430285826e-8 -1.0302811982439575e-7 -5.6510660537838055e-8 -5.9102849934258526e-9 -3.0437729210236558e-9 -4.3211035170481153e-8 7.299393316445992e-9 -1.1318562125649884e-7 -1.528793362137727e-7 -9.260798927818879e-8 -1.0077006619173427e-7 -1.0916814763996189e-7 -8.14343063188331e-8 -7.860970322006191e-8 -7.22817607802197e-8 -8.131009867517224e-8 -4.646627430119543e-8 -3.693722964818519e-8 -6.372664178437993e-9 1.7233501262938304e-8 1.989994218442085e-8 2.6852675262806697e-8 3.141263132548882e-8 2.417048134819189e-8 5.882040527040668e-9 2.756846202543489e-9 3.4053585200422235e-8 1.1787383558775662e-8 -7.835290551435102e-9 -4.754202009627656e-8 -1.0349954358720702e-7 -5.24670275380547e-8 -1.5199655524698976e-7 -1.850033410860905e-7 -1.6891605060007906e-7 -1.6083737270987743e-7 -1.652697117587281e-7 -1.0684825676780823e-7 -1.0067431283191936e-7 2.4890523919341067e-8 1.4639022184341388e-8 -3.801346204978855e-8 -1.0754313452538086e-7 -4.8089073232697243e-8 -6.44454715606655e-8 -3.0954939219791324e-8 -1.2115132992962826e-9 -3.61874142932788e-8 -2.69370276454299e-8 -1.6441894650875617e-8 -1.105708855366115e-9 -3.437379925083951e-8 -7.627224785528173e-8 -1.1168211717719158e-7 -1.6355125651507863e-7 -2.216211034800148e-7 -1.1243752807745445e-7 -8.014461386365621e-8 -7.367498322085247e-8 -2.5485706695005654e-8 -1.3059957914950625e-9 1.4204594714375944e-8 4.092015413330269e-8 5.830257666180125e-8 1.3234258394363531e-8 -8.210380359431489e-8 -3.212257956655866e-7 -0.0000010165489385139097 -0.000003943541257716085 -0.000008910205960799242 -0.000008025215890712288 -0.00001441965777758921 0.000018676886483055916 0.00004336645816317679 0.0001457540537133084 0.00034606818902458385 0.000554523620180284 0.000754411939201828 0.0009241902443247153 0.0008337452351976927 0.0006278168164974764 0.00038684161398582964 0.00016197043451058663 -0.000029995963634102187 0.0000027799911052151712 -0.00012664571466333702 -0.00024849020851848614 -0.0003532441757833001 -0.0004683702053627938 -0.000491856055971764 -0.0004811003013845638 -0.0003920398155521281 -0.0003095841798279711 -0.00019232137637870692 -0.00007047127682841334 -0.00003919393222339739 0.000002589972260931126 0.000003361293582874754 0.000004843481581288721 0.0000045959225297857275 0.0000019049747166001152 5.755404629646e-7 4.656908386989202e-8 -3.6095367358754413e-8 -6.679145320880684e-8 -3.301278805625262e-8 -5.962675530294793e-9 6.919436001683396e-9 3.499385553102193e-8 -1.8384684547556078e-9 3.27017388212675e-8 3.154545862419086e-8 -2.466087523965145e-8 -7.60678863815754e-8 -2.437134944238265e-7 -7.005821100329352e-7 -7.35384218451305e-7 -7.927668026347128e-7 -0.0000012959946855105119 -0.0000010696420153983509 -0.0000016148302643186844 -0.0000013082392992976999 -8.723417432517706e-7 -0.0000012700460519130412 -0.0000014128120983682902 -0.0000014649940778356969 -0.0000018019917298758054 -0.0000016751087460921627 -0.0000013991432163212975 -9.539519665874764e-7 -8.95603795527431e-7 -6.02388918431467e-7 -2.2436056216621476e-7 -3.188674568352261e-7 -3.6813938267726393e-7 -3.55604914047425e-7 -4.132539528684815e-7 -4.440441456311667e-7 -2.9266299735240387e-7 -2.986430570337372e-7 -3.491455976254661e-7 -3.147727638060917e-7 -2.912608263844313e-7 -2.881323247529502e-7 -2.3966627675301374e-7 -1.7869818553643143e-7 -1.368052932529832e-7 -1.7260822270976932e-7 -8.878976805249326e-8 -4.980410747968135e-8 -1.7611382236373455e-8 2.4333900897898512e-8 5.03520444682123e-8 3.138011442903114e-8 1.4160286282503392e-8 -1.7067136532204238e-8 -2.0816289990998656e-8 -9.827543323990581e-8 -2.1491743636672915e-7 -1.8972602275286804e-7 -2.9098201541858566e-7 -2.795372672333444e-7 -4.866778591623206e-7 -5.148437227702988e-7 -5.044275848759506e-7 -4.2304041560387677e-7 -5.32639844967453e-7 -6.045338686334242e-7 -5.97063136520119e-7 -4.3092619077415657e-7 -5.354392290277337e-7 -4.2111719044391247e-7 -4.245953777366283e-7 -3.5849862145802736e-7 -3.3282261874773825e-7 -2.4236416139490996e-7 -2.3116958793604423e-7 -1.720042432114003e-7 -1.1043642189542753e-7 -6.42648074792585e-8 -4.994268596707255e-8 -9.94307437778493e-9 4.4183492423194036e-8 -7.1406897170704705e-9 1.0019346790904749e-8 -1.4857908707886016e-8 -8.16291135691611e-9 -1.6010350463017258e-8 -3.0006749954611844e-8 -1.4918280064798876e-8 7.200457149867885e-10 -6.690304531458237e-10 2.4096706338699623e-8 3.327874957006408e-8 4.131903159808113e-8 1.7878166991178268e-8 8.869272799329082e-8 -4.7042771595872296e-7 -0.0000017521277273481623 -0.000003939840881337988 -0.00000868146612327059 -0.000008866102231473246 -0.0000067531310549523284 0.000014170278253373022 0.00005490375998028892 0.00023358479337943263 0.0004353955529249437 0.0007730829702278044 0.0009728004070222162 0.0011740636943588694 0.0010418432933310552 0.0007852802525265191 0.0004965459394239554 0.00023599861437517065 -0.000019250384795948076 0.000011827147337737107 -0.00015275888603717578 -0.00030658909011129247 -0.0004358557297160565 -0.0005710671391957305 -0.0006299112264127742 -0.0006010781004690624 -0.000543372925857953 -0.0003778151345584201 -0.000245619563715901 -0.00010437077495075955 -0.00004126980119926675 0.0000063552944782953244 0.000004334420580358007 0.000008091199171122638 0.000004954864787904386 0.000002367797321273036 7.695836740720375e-7 7.783397029704652e-8 -5.952077724641527e-8 -2.91655346628693e-8 -2.8887279193510727e-8 -2.3393587185543336e-8 -7.746977285596733e-10 -2.2750004998575436e-8 1.6306958772335403e-8 -7.062865488995431e-8 -2.2361482813259342e-7 -4.798503414042328e-7 -6.983856558874969e-7 -0.0000011092402756165697 -0.0000010876483305439137 -0.0000017612433907558749 -0.0000023147962384795375 -0.0000026377088767198977 -0.000003211979053322957 -0.0000032744464477380338 -0.000003586787022732422 -0.00000431801124808786 -0.000004199351089013156 -0.000003830965194567028 -0.0000035417294107567935 -0.0000027076482558939454 -0.0000029879512028821745 -0.0000027015448558969567 -0.0000023534287509074227 -0.000001780083871555398 -0.000001962108153233432 -0.0000018318811518170868 -0.0000010371708140166067 -0.0000011010023855600002 -0.0000010895903750943966 -9.04065415329139e-7 -9.471740386692407e-7 -9.31708115803738e-7 -8.041527835700491e-7 -7.427681665293945e-7 -6.972658643357331e-7 -7.013898719317664e-7 -6.432860176470116e-7 -5.534732856038166e-7 -6.105978197135756e-7 -5.415381281424754e-7 -2.513828118108316e-7 -2.32709270756468e-7 -1.3556890474105402e-7 -5.8420066084758475e-8 1.854310186914503e-8 2.2986148352048696e-8 -1.1607620357581872e-9 -5.511187547993107e-8 -1.0029359176408199e-7 -2.3527338412434818e-7 -4.0080826971715164e-7 -4.1906783181340005e-7 -5.234000478860099e-7 -6.549442101828253e-7 -9.051078938452521e-7 -9.16090548233642e-7 -0.0000010952279701724095 -0.0000012455518962242689 -0.000001416113747559718 -0.0000014441908884453903 -0.0000012611694282225526 -0.0000012201765464487591 -0.0000013314850490113091 -0.0000010818731336127026 -0.0000010334780007666978 -8.134276688863512e-7 -7.238854264932866e-7 -6.500824260772385e-7 -6.324897867774834e-7 -4.739080640465657e-7 -3.9844216420351383e-7 -3.0401753619334496e-7 -2.0570133793950282e-7 -1.2734078331278267e-7 -9.531201962377779e-8 -5.641671845274214e-8 -1.9823893625806404e-9 -2.2090207844607112e-8 -9.715838044369489e-9 -9.081530130984376e-9 -9.22612428197335e-9 -6.207788035459806e-9 -5.120956710454106e-10 -2.9825255725934924e-9 5.852794098735735e-9 1.8344647537683508e-8 2.9284884416165356e-8 4.451519142262143e-8 3.424436083471237e-8 1.1340976162999316e-9 -6.754573582019955e-7 -0.000001783035304804126 -0.0000047607972355539795 -0.000007701313846624876 -0.000009171536765697649 -0.000014370964290339674 0.00003360763416270874 0.00010267885008553328 0.0002758170588226356 0.0004789543199993234 0.0007753088286058432 0.0010921608259319188 0.0013056446623059396 0.0011475689442087239 0.0008969882026460684 0.0005703942806279061 0.0002626824306320907 -0.000017893534926624527 0.000015340612895246974 -0.00017657642510422934 -0.00034842450223709356 -0.0005243499238641711 -0.0006802078081340756 -0.0007873991950613475 -0.000761765208453824 -0.0006259901719417152 -0.00044964310589506426 -0.00028147327619387096 -0.00013736090287759436 -0.000060735426090185054 0.000018203188194756713 0.000007230111876698066 0.000009471073307835735 0.000004918422821963002 0.000003023010749378934 0.0000010943676866988652 1.0073401604570631e-7 2.860465892633013e-8 -6.205971566633362e-8 -5.5114988756857976e-8 -2.1799786339623046e-8 -4.130200761780822e-8 -2.9243737020320538e-8 -1.710352782959267e-7 -3.6081628692609304e-7 -6.400175680211836e-7 -9.71632188847388e-7 -0.0000014929624864438546 -0.000002269359495925558 -0.0000034254122451342277 -0.000004419712124198377 -0.000005476451406381013 -0.000006219470113078427 -0.000007037808971173476 -0.000006814804113211305 -0.000007512487919555214 -0.000007514374753053624 -0.000007878596353670074 -0.000007309246673350096 -0.000005677145667211656 -0.000005825331731522046 -0.000004596657714565062 -0.000004330247047171554 -0.000004404393567309356 -0.000003835270767732979 -0.000003847032621792872 -0.000003531765629447664 -0.000002500879655748846 -0.0000020572484015388105 -0.0000019500304643607542 -0.000001941962189998794 -0.0000019598058243373353 -0.0000018597425755584676 -0.0000019618127409649845 -0.0000015169833103610136 -0.0000012635910283708208 -0.000001123496240092422 -0.0000010934149870169526 -0.0000010485480913655183 -6.756805280019031e-7 -8.55747235683957e-7 -7.564514807996259e-7 -3.106475464183184e-7 -4.753537160577085e-7 -2.5726165999556917e-7 -1.167044868380829e-8 1.1000800050155292e-7 1.556524961905376e-7 -7.708602456946873e-8 -3.031212815212548e-7 -5.393722850208278e-7 -6.39308432045972e-7 -0.0000010142627472395302 -0.0000011777294750516017 -0.0000016360927400492016 -0.000001865372310248963 -0.0000021998794484219608 -0.000002205861467555344 -0.0000023840931207278035 -0.000002565605216939435 -0.000002437734062472265 -0.0000030807208129039088 -0.0000030710766283039277 -0.000002491619374142751 -0.0000023025835808937662 -0.0000019862679726651616 -0.0000015788167892131298 -0.0000015549318714761346 -0.0000013583661250235145 -0.0000011120215367816305 -0.0000010200900888855575 -8.293600144745851e-7 -5.451073844122168e-7 -4.5038968342311674e-7 -3.4174664523444623e-7 -1.9403567138247813e-7 -1.454722880532716e-7 -9.571776335952915e-8 -2.621469162842356e-8 -1.8752072958247508e-8 -1.8778335498343214e-8 -4.388655612249977e-9 -8.466320188037425e-10 -5.651863111190557e-10 1.0481180548755164e-9 3.860054884387782e-9 1.1915639958463116e-8 2.8996457563983028e-8 2.06503585221699e-8 1.0934854350295654e-7 -2.642597600662667e-7 -5.572124435066433e-7 -0.0000018149199455762323 -0.000005076927843626244 -0.000010922720822058998 -0.000010569793639513498 -0.0000017713503502568951 0.00005247831069697072 0.00010922520392125771 0.0002970121782397666 0.0005390902795879207 0.0008696256381426291 0.0011025705396625072 0.0012755331574284805 0.001254840713166612 0.0009204302640297351 0.000565303335619882 0.0002533327750908138 -0.000025248007217420095 0.00001683614444260405 -0.0002094674693144804 -0.00041905077333765956 -0.0006355566106724555 -0.0008145843154518181 -0.00094948705930852 -0.0008883914467600576 -0.0007441319190223707 -0.0005383949929139581 -0.0003200043667708631 -0.00015116926822355994 -0.00007665926850707775 0.000009481766771301303 0.0000046623588774126315 0.000009193916908683634 0.000006242826849735879 0.0000028276446559409055 0.0000014773316027760604 2.2247304802123043e-7 -5.471633906202662e-9 -6.744583396789667e-8 -7.083963352819033e-8 -1.530835051694921e-7 -2.1664084853461429e-7 -3.0153936896164944e-7 -7.028925262472513e-7 -0.0000010943295810939562 -0.0000012496558832082185 -0.0000020206716697394005 -0.0000033562836786987774 -0.000004529473581596152 -0.000005849350318051157 -0.00000713101177355089 -0.000008972974308837461 -0.000010770959120148527 -0.000012393068143033483 -0.00001298926984295922 -0.000015993208037731784 -0.000017978694913565764 -0.00001404110238442699 -0.000013618330539213012 -0.000010190388403013645 -0.000008696757827890006 -0.000007747323017270948 -0.000007924828901920114 -0.000006812168779105537 -0.000007320984185754191 -0.000009142429456073312 -0.00000534589437200596 -0.000004511038036882841 -0.000002518125812453381 -0.0000025040255855547143 -0.0000025532823755838982 -0.0000033941807128253772 -0.000003407242634150094 -0.000002572700384975574 -0.0000024834357438163034 -0.0000020131553564811387 -0.000001443669784252181 -0.0000011064789329083733 -8.904642850985652e-7 -0.0000013090302013746667 -5.778191062857613e-7 -1.9064575818783437e-7 -1.7075198222640876e-7 1.6310128660625675e-8 3.066933479596633e-7 3.617584675487707e-7 3.531882385073533e-7 -2.56076280637553e-8 -1.342572773684301e-7 -5.072682271803312e-7 -0.0000011708977736833427 -0.0000011704163150439786 -0.0000012345226896818554 -0.0000017780825362414884 -0.0000028146837613714364 -0.000003667425766862161 -0.0000033414677163924256 -0.000003713707486108603 -0.000004011542926470167 -0.000004062548683521762 -0.000004515773252435803 -0.0000037132598328902935 -0.0000032569046875639802 -0.000004225148814600859 -0.000004274604301986 -0.000003026252378541444 -0.0000027694648819752457 -0.0000022291615363905423 -0.000001983663498771592 -0.000001932033023389615 -0.0000016454515484360612 -0.000001886250454337909 -0.0000011201442127367386 -8.840363876681016e-7 -7.114428371651632e-7 -5.494910245923264e-7 -2.078338398284846e-7 -1.8758962934878313e-7 -1.1585611505800441e-7 -6.624196105889978e-8 -3.3624534859091396e-8 -1.6769119313617834e-8 -5.180991410513835e-9 1.5572524589276836e-9 -2.0989233371357552e-9 4.765600671519657e-9 1.1904817310656501e-8 2.617851645219058e-8 3.0663949797462716e-8 3.9922498557940766e-8 -1.487821840526995e-8 -6.599539796139942e-7 -0.0000025213746185650694 -0.000005534696694749919 -0.000011842619429227828 -0.0000020356888104445853 -0.000004615953522028185 0.000044978109487539554 0.00011389401441756007 0.00029942474159617787 0.0004960371628913602 0.0007338611085279855 0.0009478004124896718 0.0011124037488082648 0.001035288961175061 0.0008215351482443046 0.0005381424542520828 0.0002578364054877238 -0.000018728949282429276 0.0000176935622624693 -0.00023781102988214422 -0.0004760939937884951 -0.000739741144279716 -0.0010353625003106152 -0.0010152807385686653 -0.0010210333431258179 -0.0007977214801514399 -0.0005586150570491799 -0.0003449225655065125 -0.00017868829915641409 -0.00004139094575649433 -0.00001776184414561863 0.000009899811685180331 0.000008953977149686778 0.0000061817122065718515 0.000003088516737431239 0.0000014522523847018751 4.908518261782587e-7 1.142494186116858e-8 -1.0424539323081302e-7 -2.2706145370057502e-7 -3.2293006301522463e-7 -4.897969916317866e-7 -7.672398389750145e-7 -0.0000012633588372939055 -0.000001722386929609789 -0.0000028004861868967256 -0.000004580685660611909 -0.000005915353059126379 -0.000007438525323296375 -0.000008500169918971861 -0.000013058266954428057 -0.000012093611888714584 -0.00001512809844221097 -0.000019112971326596896 -0.000025508437273236287 -0.00002668076602483546 -0.00003334446910449 -0.000033012511101483 -0.00002232346579549299 -0.000017852526949211138 -0.000014621513580245595 -0.000016871640439974455 -0.000008018092833064957 -0.000014090065396055644 -0.000011595377120339542 -0.000005885428375364067 -0.0000068051153692055415 -0.000002071196767550331 -0.0000035790102994798303 -0.000002414067122174846 -0.00000427425770441277 -0.00000378153159257585 -0.000004160601894835137 -0.000004660217576644048 -0.0000034522282788034116 -0.00000191261055588158 -0.0000014717254593979051 -8.724429254472514e-7 -0.000001132198508100239 -2.231860403835542e-7 4.3468616434971083e-7 1.5104062304852696e-7 7.395245702289829e-7 0.0000011902646145513994 0.0000010551894066334155 6.281446049527065e-7 6.636323031184085e-7 6.887469922947825e-7 3.4710492728695106e-7 5.413826197846215e-7 7.597823923156704e-8 -0.0000010138407954269783 -0.000002036123230047775 -0.0000011286094054244217 -0.000001427076231644606 -0.0000018172641342491108 -0.000003346618414500592 -0.000006716049290378623 -0.0000068919935888976875 -0.000005986421284056749 -0.000004536334598171698 -0.000004422632295661402 -0.00000509162423173471 -0.00000419531503307221 -0.000004300432623915409 -0.000005194275684073324 -0.000003876344331016084 -0.000004599720391472704 -0.000004206760712649507 -0.000002025769922189402 -0.0000028143788540709693 -0.0000015519877931563426 -0.0000016397584210117325 -0.0000015105443190648447 -9.86151374846861e-7 -8.972261378850337e-7 -6.122391912901831e-7 -3.875585940724908e-7 -2.1582002945954384e-7 -6.160567607817948e-8 -4.932281034632559e-8 -4.840794458691529e-8 -2.477010228286827e-9 5.989555898948928e-9 -4.311105277851154e-10 4.963607720597415e-9 1.55608394332125e-8 1.5774089091532264e-8 3.671246310812373e-8 2.5927235610845228e-8 4.572452956671646e-8 -6.514151504253e-7 -0.0000023330437969014336 -0.000005070112828417897 -0.000009035843688462528 -0.000004339175216578306 -0.0000011368856122345612 0.000031555777375404945 0.00010017527896923107 0.00025810246713463877 0.0004447900188305379 0.0006489699665671186 0.0008289249930023305 0.0009503237031009545 0.0008817736243738831 0.0006747189701872764 0.0004561961705082815 0.00021812515847963976 -0.00001710267897873847 0.000022178238862266216 -0.00024154722924339862 -0.0004999993931919319 -0.0007664175556378909 -0.0010885149851982206 -0.0011052566684784642 -0.0010589369665210198 -0.0008674971908205118 -0.0005805161700635873 -0.0003581733570006594 -0.00018134138618977318 -0.000050533083437409866 -0.000017132796293926683 0.000009618778005913447 0.000010347579095833572 0.0000055343761354126 0.0000032418312103644164 0.0000014868977836043915 2.7081929097033554e-7 3.791055214770981e-8 -2.1638082601400565e-7 -3.4097733314762645e-7 -4.872839553493251e-7 -7.6580436571517e-7 -0.0000013292500948635466 -0.0000020131401012677415 -0.000003317533886267118 -0.000005349073473476063 -0.000006860449558384821 -0.000007323681196746445 -0.000010000009938078115 -0.000017212925392003766 -0.000014156194877114638 -0.00001714366053372501 -0.00002858559863045334 -0.000029372458897880205 -0.00001567307065727404 -0.00002318108618297114 -0.00003216815363948667 -0.000037253814347293345 -0.00004788952695298738 -0.00003003463850251639 -0.000038508528084321156 -0.000027184739691307177 -0.000024687771714877964 -0.000007494534328956542 0.000001125034172812391 0.000003365682710187152 0.000001944850550068351 3.3511738633958694e-7 0.0000013192819137125213 -7.170149340488758e-7 -0.00000149585422682744 -0.000006077950151367235 -0.00000672250050802922 -0.000005864430009618566 -0.000005838998583007879 -0.0000033958960154404847 -0.0000020209774222152898 0.0000011568761948320427 0.000002637778509050115 0.00000421848178234484 0.000004393737887501381 0.000004097478841751068 0.0000032072472828887025 0.000002228559342002138 0.000002506518900702472 0.0000021476376189155574 0.0000024018966311973383 0.000002777636598220527 0.0000030896371817633674 0.00000258693430242387 0.0000036564732682554834 0.0000016716202878430763 0.0000029448222563478044 -0.0000012497171005517135 -0.000002244591930592547 -0.0000029314686728351843 -0.0000024429296853327132 -9.87530111262517e-7 -0.0000037448125569377654 -0.000002647886323594099 -7.473135333378178e-7 0.0000016217110873660865 0.0000035462746951522254 0.0000036934333520541804 8.680842500216705e-7 -0.0000017641747022072994 -0.0000070685583596295596 -0.0000012069804468607386 0.0000010974238938580637 -6.656663446137986e-7 0.0000011159186976650027 0.0000013200040973408183 -2.037922250599149e-7 -0.0000022957373017770197 -0.0000017698909477157397 -0.0000018150481921136507 -9.508097959557415e-7 -3.249246790700925e-7 -2.583193059732881e-8 4.275670149637501e-8 -7.260312386438598e-8 -5.0255188948850175e-8 -9.955905979777107e-8 -8.86564218897386e-9 2.1285263618427976e-8 3.6228614210499298e-9 1.0279480685098002e-8 1.4632048037337719e-8 3.6920567303731688e-9 8.68206296519472e-8 -1.5679040991075973e-7 -5.800098215439809e-7 -0.0000012295589856092986 -0.000003444678404941457 -0.000005276743927265694 -0.000008633135833088138 0.000006250481050400378 0.00002457206936774916 0.00006968525581100012 0.00020954612453570086 0.0003620960532296896 0.0005306783327944719 0.0006709156190923532 0.0007822291415921994 0.0006711308071270544 0.0005294443602808317 0.00038579490242795497 0.0001855885837702466 -0.000013106622971015458 0.000018498862736407388 -0.0002693185218499375 -0.0005269332979500339 -0.0008053786303015096 -0.0010885691284287008 -0.0011709958397084616 -0.0010109326992396818 -0.0008521223549954885 -0.0005672306516429302 -0.0003516110002654732 -0.00014047971300468168 -0.00005695362209453279 -0.000011909335309013164 0.000002872732659772129 0.00001084309376577946 0.000005514442165740026 0.0000030494813770432803 0.000001086400658265415 3.59010836562848e-7 -3.266789981179334e-8 -3.3479747627984005e-7 -6.150221595362792e-7 -9.688873318939743e-7 -0.0000014828344817300692 -0.0000024906126432216145 -0.0000035712271185052163 -0.000005032924656195307 -0.000004817621502277025 -0.00000535975966958572 -0.000006529964074394887 -0.000010131499038313242 -0.0000075980922071126125 -0.000015533068368822836 -0.0000375214043523145 4.7453657591132876e-7 0.000022241335268125243 0.000005352490790910337 -0.0000012888392364440933 -0.000009352330081633582 -0.000029489710687873214 -0.0000064568124367873234 -0.000040933220927840735 0.000008258048113529997 -0.0000025694512865331063 0.000025026130826681076 0.000035751559430075835 0.000032130813960839674 0.000024041466915136633 0.00002545473786769279 0.000016820823998784168 0.00001335241254959167 -2.135602195891234e-7 -0.0000035866937893604194 -0.000004409832886968069 -0.00000338949774632973 -0.000006980501506810554 -0.000015189597202443388 -0.000008070616058967582 -8.438979686745441e-7 0.0000010930177699010054 0.000006884408957682772 0.000009077208776686014 0.000010969621632286956 0.000008641107480685004 0.00000778416123213114 0.000005865517353876279 0.000004081007580224932 0.000004675554343644831 0.000006269312880024499 0.0000044075354979771915 0.000009344711700779198 0.00001160528310641843 0.000010495564224450573 0.000007444381015125815 0.000009651866440552099 0.000004696026534326589 0.00001224984442471204 0.000012106490563600821 0.0000059078169577425845 0.000008063322100706312 0.00001172473582989555 0.000009881471869327555 0.0000037508896060649223 0.000003178317519554812 0.000002435319500682539 0.000006719306380025529 0.000008750090598566192 0.000008449115935418802 0.000010109346237041676 0.000004563430408010031 0.0000030674471872366706 0.0000064692052778337195 0.000006888456369523752 0.000005583158272505267 0.0000070374821403521344 0.00000592378286642831 -0.0000011505510022634999 3.895682717825075e-7 2.244465514316419e-8 2.90127283376654e-7 1.9832906230778487e-7 -5.481694777419426e-9 1.9045782801867767e-7 1.48740125412186e-7 1.7677972009094486e-8 -4.709218729630196e-8 6.28285612160609e-8 3.979623510475099e-8 1.8269081284834035e-8 1.8671331301346842e-8 1.6726136759460866e-9 1.958057699783901e-8 -1.4530877443752645e-7 -4.812754707661355e-7 -0.000001148351442683373 -0.0000026150770795487115 -0.000004315142322534151 -0.000005734834966888592 -0.0000021428262757096694 0.00001751988659816383 0.00004593602322258183 0.00014513074942621945 0.0002582482985076148 0.0004011986379444574 0.0004992933558729672 0.0005910571996347306 0.0005100964560272455 0.000402465227332414 0.00026352085234539966 0.0001239647541263214 -0.000022275178642106546 0.00000620728684258406 -0.00026434680777082136 -0.0004933555174791416 -0.000710175808041357 -0.0009363162465222543 -0.0010168753924556157 -0.0009336484536006705 -0.0007881595361110355 -0.0005085751868275451 -0.0003208768992271642 -0.00013146635346201736 -0.000055154175342149004 -0.000005611244427111443 0.000003852903461177418 0.000009553057823663036 0.0000052355364686972325 0.0000023818805324522585 8.735582515873545e-7 2.0739225856193343e-7 -2.5767600768979016e-7 -6.351533092171285e-7 -0.0000010304446659988952 -0.000001848682361941934 -0.0000019037598410667648 -0.000003087609319593466 -0.000003825991963037796 -0.00000526973421496314 -0.000006110334676325996 -0.0000010662820364249013 4.6508939986979196e-7 0.000010096075321165007 8.473461472163912e-7 0.000009483288273855667 0.00005831115553268658 0.00002761734274018069 0.000019255354941264993 0.00007108339902539313 0.00010740558377412502 0.0001645924845462894 0.00017087484914604501 0.0001550460260238507 0.00016977335877798582 0.00011678413264381501 0.0000942694564462036 0.00010169842586742001 0.00007718336247366478 0.00007377622345801512 0.00004261408761009898 0.00004980955560423068 0.00005200234878920638 0.000024800240072647485 0.000022652174476384528 0.000032104166564293014 0.00001857830936473352 0.000005905158259634006 0.000020104432837682145 0.00002461449949931188 0.000027324736053882813 0.000025021561428274672 0.000020164548130378033 0.00002680136461945534 0.000020299087943652015 0.00001683876630672474 0.000016309629931902443 0.000012153671997935564 0.000013502765503271393 0.00001250279743905941 0.000012878685067790644 0.00001131017247885994 0.000023348892702441243 0.000020170344925565074 0.000029503956596662497 0.000024663672055078984 0.000015251474345739933 0.00002617540838637368 0.000039003650671262644 0.00004182614592858173 0.000046680362353411044 0.000042741112542170315 0.000042143564619238685 0.000041976935011767914 0.000029499983843550282 0.00003720545592976018 0.00005495315252376337 0.00005518675559814124 0.00004784645434120401 0.00004103025948081488 0.00003594481741947019 0.000033599184472427705 0.00002119452024406585 0.00002773146839571869 0.000028366801790435907 0.000023713914442861556 0.000021432751989721267 0.00001764223451216314 0.00001218949847252523 0.000009977788302402929 0.0000017157708082713264 0.0000014400289672070362 0.000001347034297134572 0.0000021214143295203733 0.0000016998860852966318 7.007303461277593e-7 3.092114590115342e-7 4.038016325216867e-7 2.2927627694396715e-7 9.542907599903442e-8 8.395389529014572e-8 3.260378573930426e-8 2.8255973756219534e-8 2.1167251960396132e-8 -1.3131975654651918e-8 -9.325716763164088e-8 -4.445309412450976e-7 -0.000001037907969191229 -0.000002154668186601135 -0.000003799610171066135 -0.000011090181985718586 1.905397624802619e-7 0.0000017472485872675247 0.000028835234437807618 0.00007877472489508703 0.00016860553821937237 0.00024810739312837373 0.00034435548549214916 0.00040567962512678176 0.0003829032739313511 0.000294635436306406 0.0001949957561078276 0.00007724607358857405 -0.000021622070860508183 0.000005170406084687352 -0.00022733466506577677 -0.00040469913019341243 -0.0006132294114619623 -0.0008148495933276283 -0.0008127697555400833 -0.0008298967239653777 -0.0006691577322253659 -0.00044128133243017266 -0.00026582164088047067 -0.00013361638597867955 -0.00003285947169436913 6.565071223210437e-7 0.0000053276459724446406 0.000008613101666121853 0.000004013165495672846 0.0000024286879536893344 6.234734616942908e-7 3.103592056597343e-8 -5.676783068429228e-7 -0.0000010823325449187937 -0.00000204733996532267 -0.0000016416233139690496 -0.000003022254198399021 -0.000005613049495078013 3.92162085145903e-7 2.388738610959047e-8 0.000001301838479080298 0.000017650155117844403 0.00003602168679087008 0.000028598870990694898 0.000060926440688605697 0.00009751527284079296 0.00009725171730694257 0.0002063556781900956 0.0002459778230639985 0.0003418187714050763 0.00033966913724598516 0.0003486234278854355 0.000406182758271853 0.00042955596420555224 0.0003888288477791358 0.0004197042840978843 0.0003792395309177709 0.0002716068854066658 0.00023421028238722558 0.00020836131989524645 0.000179077122730689 0.00012656671483322676 0.00012402885308242874 0.00012260200603648924 0.00010553965756936112 0.00007944672232758335 0.00008941895278608017 0.00009246351661507232 0.00007287924006489329 0.00007920707473471106 0.00005924565161877811 0.00008126079580287518 0.00005357234202374913 0.00004442134332227801 0.00005169125509529238 0.0000397906022952697 0.000025401086081030155 0.000008043948572752377 0.0000030134006228803338 -0.000001157276349225853 2.3647614717457909e-7 0.000022351261241929202 0.000011295311934833665 0.00003733698309135504 0.00008281896360239061 0.00004345562040726391 0.00003416347844397098 0.00004362572140053054 0.00007917702419118784 0.0000986592101445067 0.00008151994594173642 0.0000701792241374668 0.00007812673614163976 0.00007964363350907187 0.00009910023788739692 0.00013122756259239632 0.0001097665122551491 0.00010148970263856474 0.00010504968230562009 0.00011126793862072996 0.00010363837043652833 0.00009584933454314932 0.00008375612729496075 0.00007119507224044694 0.00006766317143775424 0.00007066260453737 0.000053250478951172546 0.00003936401987992742 0.00003405842611902176 0.0000180653174343245 0.000012338857364047714 0.000006778881532349534 0.000004810146801844018 0.00000411456842610105 0.0000038481069123173495 0.000003109830589538855 0.0000018866239441326825 0.000001177005515295412 6.608804125070279e-7 3.448267084256206e-7 1.8006270753604455e-7 5.466988106810274e-8 4.085523942012454e-8 4.802248413384497e-8 3.2580354840923365e-9 -9.921117091553293e-8 -2.789863308077693e-7 -9.975602283690511e-7 -0.000002131595787573157 -0.000004665797308395843 -0.0000067876731792733075 -0.000011017859610539281 -0.000006056248285231529 0.000004822647671642906 0.00004437140761908868 0.00011979106280000945 0.00024262197610190663 0.0003037785427813115 0.00031211402225632574 0.00027094159714271995 0.00020479825829448732 0.00011804704809798618 0.00003317335350130521 -0.0000202656394235259 0.000008826281448707864 -0.00018333814021353041 -0.0003286985821529541 -0.000495377726036146 -0.0006142443989432159 -0.0006549535425504256 -0.0006360377850370215 -0.0005060977363910863 -0.00038242551736781134 -0.00022695857154551055 -0.0000857674031479637 -0.00002734684285149085 -0.00000289700824784934 0.000009086605573345634 0.000004805879465608272 0.000003889704351934891 0.000002007068741848799 5.042303209454815e-7 -2.3123797591629013e-7 -0.0000011237288108360493 -0.0000021990612894130665 -0.0000016068000561696118 -0.0000023617528234373244 -0.000004255395620468057 0.0000045583726886504835 0.000001635600647931499 0.000008384393604377662 0.00003265757632866455 0.00005961574657298317 0.00009385330962544495 0.00012782461042226554 0.00020840068734108696 0.0002714478232403027 0.0003909691571658061 0.0004421721938204323 0.0005246466816669245 0.0006062141731228098 0.0007689594025255717 0.0009143735299717864 0.0009442504304380939 0.000964394343949056 0.0009114691763791132 0.0008295160451954883 0.0007398994940914293 0.0005760502626485075 0.0004688872961102625 0.000375453013260978 0.0003098646896291356 0.00021808637093272877 0.0001846523508282685 0.00022523813691959852 0.00023743437422063792 0.0002582616202194915 0.00023794602766473178 0.0002402265264603497 0.00021715431402184813 0.00017196665132627656 0.00015534869450811544 0.00015398441566040634 0.00011654573533273804 0.00004670722714537622 0.00003264812219632185 0.000012270671224734427 -0.000024266679384117622 -0.000015744319239075744 -0.000031454216947360535 -0.000017015903748387598 0.000006936944457978807 -0.00001866468815486432 0.00002115761214345923 0.000027212302915973514 -0.000024368091604128706 -0.000044605624235279824 -0.00003261439543621097 0.000017431882205196536 0.00002952225712477534 0.00007505293073048708 0.00011181553315008034 0.00010552807065671112 0.00012833407152322847 0.00016283477274545418 0.00019268359055664132 0.00019505651006535563 0.00021785068938891578 0.00023924191889296666 0.00023988677345992886 0.0002001064538091463 0.00019861863551416705 0.00024012395237498786 0.00015238383342391294 0.0001424643197929457 0.00011709076335536811 0.00011404064447216948 0.00009795921105490856 0.00007649066541582768 0.00005612294453316376 0.0000405358599689813 0.000034085677369105274 0.000016466967759161752 0.000014026750153941929 0.000011221921795732296 0.000007447514453853575 0.000005591267390959535 0.0000029502826757774143 0.0000020541984033810623 0.0000013515426445154678 6.72454146416186e-7 3.6774294652922235e-7 2.5699991185319827e-7 4.8237291426829584e-8 6.322763701653381e-8 4.982596864407661e-8 -6.16597593354724e-8 -1.1678213653679504e-7 -8.921475740245904e-7 -0.000001953112754642153 -0.000004293112696875331 -0.000007711760090769621 -0.00000933424127948525 -0.00001551593789636037 0.000004338316201024903 0.000008688262827998005 0.0000834264008760233 0.00016505577505620322 0.000280182489219899 0.00039281301972950497 0.000340483464193237 0.00022591066882676113 0.00011102608336391629 0.00003489638407280195 -0.000020716833935410195 0.0000016643656679430898 -0.0001393640271777164 -0.0002471137211546786 -0.0003706217830136931 -0.0004465841820517595 -0.0005182277031070727 -0.00047525813907803 -0.0004128551768525383 -0.000294321150658128 -0.0001586147761898561 -0.00005033591815250074 -0.000028401649220042907 0.000005342603054635576 0.000007775507244034616 0.0000056833389753576265 0.000003620727674391665 0.000001730831631834708 5.16500887384398e-7 -4.8464255945741e-7 -0.0000012587711723559204 -0.00000156837259194653 -0.0000032829891867235877 -0.0000020217347187482147 0.000003940311398253226 0.000010066313807713244 0.00001531066527628827 0.000046125041978450795 0.00007248340509279015 0.00011257447794325542 0.0001634356555821459 0.00026558767833128054 0.0003526990007636937 0.0004987733375268689 0.0006227450268078103 0.0008271074404737268 0.001127007004388522 0.0012307353598295114 0.0014704534516376533 0.0016694380672299966 0.0017032872922415215 0.0017257693299124201 0.001677882468034211 0.0013371265988539236 0.0011492795932796774 0.0009584459257073521 0.0007062370521222593 0.0004599218416439339 0.00030952544302774795 0.00026668736105264095 0.00026253482553504086 0.00023267922267517212 0.0003391754660290302 0.00042068700669452275 0.0004352357954457985 0.0004609151177567028 0.0004817717197722188 0.00042434152213953024 0.0003137380112068343 0.00019876781742229625 0.00010885168807268706 0.000014152947887272992 -0.000029498998385652533 -0.00005703945634319852 -0.00007847419917330167 -0.00009224976834675238 -0.0001167607177848421 -0.0001648014595363357 -0.00016508113931294763 -0.00009388033523964024 -0.000043819313543459034 -0.00017457321723863124 -0.00021825301849505744 -0.00014521521742166232 -0.0002012521585880555 -0.00021144603354653874 -0.00009155318754699572 -0.000056655328003960776 0.00009668716083623855 0.00016421424663045844 0.00015832754130175506 0.0002101492959149539 0.0002842086137929591 0.0003667912412952279 0.0003068796050122509 0.0002980901830955974 0.0002490413017621385 0.00039101105802951286 0.00041970026370713367 0.00022284025749145245 0.00024025770749585914 0.00018506510933200828 0.000212324320424384 0.00019507695939568594 0.00011679624527038213 0.00009514788995568537 0.00008006651788800236 0.000058252054160371294 0.00005989228896360344 0.0000311863563427209 0.00001729127908018826 0.000016413588871278312 0.000013794816518540515 0.00000936405504175885 0.0000063906856208848144 0.0000036538704264084384 0.0000024107061504746287 0.0000015485726121260267 7.886597658119184e-7 4.0939801291843056e-7 1.859911732301809e-7 1.2680502722804273e-7 6.915945733381774e-8 -1.6189349561497935e-8 -1.41266145669056e-7 -6.222079803098803e-7 -0.00000204217449302167 -0.000003615388661132145 -0.000008172849739642314 -0.000009195460488962778 -0.000011685191274965495 -0.0000049384455504377435 0.000004334951768338732 0.00007094302978264708 0.00024141789422985505 0.0004811186353625641 0.0004731503396066405 0.0004428065843665398 0.0003604224020727002 0.00013964297783234023 0.0000236047937518179 -0.00002138186934936339 0.00000129966193681903 -0.00010186680721882567 -0.00018075377700723123 -0.00028712711413888994 -0.00034948596666443564 -0.0004040298719471075 -0.000356518136221887 -0.0003001802032301355 -0.0002111443685717071 -0.0001011160039213967 -0.00005363120944167518 -0.000014334774476604764 0.000004771519729413638 0.000008198065163577439 0.000005071183139873642 0.000003539836356335812 0.000001509302957177321 3.691644620487331e-7 -7.895873673479369e-7 -0.0000016132373372747155 -0.0000014978870290693262 -0.000001957704164582894 0.000004921255218438598 0.00000853298792477414 0.000021821074835344966 0.00004298831531763268 0.00008327812464859305 0.00011867858635772223 0.00018748683336589975 0.00026846845747177287 0.0003852969881672772 0.0005591554631996978 0.0007680496263069563 0.0011669347592445849 0.001525061299662407 0.0016226349689844493 0.0019120530088720103 0.002381585047534473 0.0028741360441623463 0.0030172011914300174 0.0029209224386684933 0.002479972959761363 0.0022164648554874253 0.0018887329573025146 0.001655049952741722 0.0011507220698457421 0.0005238145471391665 0.0002452621601222185 0.00017435278403660372 0.000260787764879529 0.0002788584414641743 0.00038081814043260147 0.0006632131799181153 0.000885472045932339 0.0009929516361330154 0.0009282432692356717 0.0007849658705453074 0.0006099189841819759 0.0004077125469117983 0.00019281117403127955 -0.00011292774184481993 -0.00030586298599573206 -0.0003431683169954891 -0.00024130994407864866 -0.000283500114323519 -0.00030519032506638884 -0.000262625389059129 -0.0002210931193511226 -0.00033808270082208794 -0.0005980666111565186 -0.0007418152830012479 -0.001011481318077419 -0.0010269795151885066 -0.0008016082152613074 -0.0005648223042606424 -0.0004335664282168183 -0.0003135832355125015 -0.00021722897291216506 0.0001178658553593453 0.00017636926379785601 0.00024959344988603624 0.00041736959562471666 0.00038983496350997843 0.0002749751027858695 0.0002457282751531512 0.00008429869243991194 -0.00003790689818664635 0.00006951935626119675 0.00024367662868660447 0.0002966170349187841 0.0003705007653881504 0.00009664222019981457 0.00008902119232312439 0.00018358850284687378 0.0001081405654221412 0.000016896131975625638 0.000008455035321715375 0.000048786699988992426 0.00003768307801541183 0.00004540180158906537 0.000023254697897170275 0.000015033146192680992 0.000012045062312575119 0.000008249385146158347 0.000005397660971050129 0.0000036847652359447213 0.0000023951778439754657 0.0000014856264962827847 7.999153195869843e-7 4.657830189162756e-7 1.6670912000242445e-7 5.896817015702233e-8 -4.452728471359585e-9 -1.6605288251515512e-7 -6.61237302099505e-7 -0.000001244444192407251 -0.00000398907632938377 -0.0000063686465523194794 -0.000008149410483575918 -0.000007905502027736812 0.0000016061605923785222 0.00005985824798742652 0.00019387115024571287 0.00046221899058714315 0.0007331237848648241 0.0009360410878205688 0.0008648314949604813 0.000606624986398738 0.00022364285538526774 0.000034064342883519664 -0.000021677119808974695 0.000017077327232519476 -0.00004977517145562279 -0.0001397892030170271 -0.00020999713554591115 -0.0002666456064264973 -0.0002950614242063547 -0.00027477991924291335 -0.0002320346872291418 -0.00015453002264462383 -0.00009354381812546697 -0.000036921495551840835 -0.000014611218482376006 0.000004324573375077229 0.00001148932942060499 0.000005904271315643525 0.0000033937518235196592 0.000001426502533971603 9.891918748166844e-8 -0.000001734626983787177 -0.0000017385980162647543 -0.0000017887717712039038 -0.0000022727718776977104 0.000007886562440846137 0.000027729969115145143 0.0000497370605720209 0.00007244464816956129 0.00012728267048610077 0.00018929463125857604 0.0002633326404654147 0.0003866017869196978 0.0005540362055230129 0.0007900817217716892 0.0009739130537155424 0.0013056768227857095 0.0019311426254125482 0.0035845024802953584 0.005284779248534978 0.0036590936386441874 0.00465469278377011 0.005773208943689594 0.004378440875336591 0.003512014496235541 0.0023378689672133262 0.001710179489476831 0.00055863847142803 0.00011799707533639165 0.000006489391026640455 0.00020308709596260685 -0.0001945648662420021 -0.0007586849784791252 -0.0007289233115704724 -0.0003750768864117216 0.00007196292623960825 0.0004026077126206145 0.0006067561876476892 0.0004119841682373097 0.0006131909030306975 0.0002989177794164509 -0.00015955711460252973 -0.0005876931497223186 -0.0007890183059605407 -0.0006702621997011021 -0.0007161326173368417 -0.0008109205837266055 -0.0008276346469635715 -0.0008024109072831674 -0.0007973500775623374 -0.0007662906980888248 -0.0010406335205785102 -0.001096240977371714 -0.0016228156881823905 -0.0019592803395913575 -0.0018749961026051614 -0.001842828390439259 -0.001548327552220692 -0.0012930496843840756 -0.0009651875249651275 -0.0005051242723350805 -0.00021810036943966488 0.0001666007189700069 0.00041751568604355023 0.0005406444775000159 0.000228869911943614 0.000050109882982727724 -0.00037304701773039923 -0.0003834001416196738 -0.00043529907236634674 -0.0006521597367846316 -0.0004121228033750993 -0.0003736569892904295 -0.0004612068372575134 -0.0002616551192738511 -0.0001222719409475719 -0.000303083939873104 -0.00010896726162727731 -0.0000845620738459304 -0.00013086268167347386 -0.00007949006278542314 -0.00008480150714767747 0.000017358372860695765 0.00003123378198881722 0.00001552822124952201 0.00001424612568395324 0.0000125634542053311 0.00000612935033730196 0.000004607969382966781 0.0000035343397996643528 0.0000022746017935301755 0.000001316287059804961 7.851422340328146e-7 4.824988153838873e-7 1.142122833894964e-7 3.9897099323720546e-8 -2.1660194356098542e-7 -9.011104102810093e-7 -0.0000015405874377298643 -0.0000035932159117217402 -0.000004812064927948912 -0.000008395638403769702 -0.000003779446324958648 0.00002644032530706682 0.00006453076555669342 0.0002691722614333439 0.0005101263066145202 0.0008220601262466154 0.0011123967214506836 0.0013581517186683973 0.0007210793177797832 0.0003693276604126894 0.00004663134172082709 -0.000026973380842563914 0.00001690377613545515 -0.000039409123750918 -0.00011623976567684771 -0.00017829926950397023 -0.00021522660352909628 -0.00025196582352934074 -0.0002577039516992772 -0.00017558458521547285 -0.00013660524437777584 -0.00008840650379472254 -0.00003264402822763225 -0.00000881600100487424 0.0000040273053099515476 0.000010389220663123041 0.000006187857595243661 0.000003203419331391781 9.799678019780974e-7 -3.7604082880044715e-7 -0.0000014593458520357738 -1.9699048406532326e-7 -0.0000037351536622600595 0.000010669130062180814 0.000026866121713362797 0.00005713784246753073 0.00008041114636310322 0.00012713277969855603 0.00018146815503048368 0.00020054459904281954 0.00041488752201377857 0.0004459063131720585 0.000445040619811443 0.0006784353601936419 0.0005175352463587387 0.0008209513931435317 0.0024436033656165877 0.0014634815075199234 0.0012993120214887524 0.004200416638173212 0.004347799337247562 0.003697556861076212 0.004444955958252541 0.004243667188361104 0.0017420316525343575 0.00028972314249789356 -0.0008569376801084614 -0.0005012662188081048 0.0012148823939261756 -0.0015839559634991153 -0.0029244775973973746 -0.002115567335765504 -0.0018198917683186285 -0.0016576692917623687 -0.0008566804174044555 -0.00010724699655961487 0.00023587307138045994 0.00047056317214843116 0.000027624932135247185 -0.0005358310656970143 -0.0010691485173145822 -0.0016736199406855922 -0.002585191237702471 -0.002062053799505502 -0.0018596009383326226 -0.0014372310708406452 -0.00162809389425454 -0.0016536395965757145 -0.001691329743341448 -0.001554654452619629 -0.001530638799261901 -0.002043154644716067 -0.002452556643196113 -0.0028567478764478507 -0.0036565081938150497 -0.003203029198097174 -0.003032172781057363 -0.002659898391643509 -0.0023557199977360574 -0.0015530300106159727 -0.000379312910104018 0.00019318241292598173 0.0006507229265382413 0.0003809649389590172 -0.00017212163041454792 -0.0006189826536719075 -0.0015133624188349213 -0.002062628838179316 -0.0021191492996964624 -0.0019647581655513778 -0.0021118156507740687 -0.0015068553413258169 -0.0011246126675305548 -0.00138420205398773 -0.0014252373520606233 -0.0010393240009318615 -0.0009367861793846001 -0.0006949674611673584 -0.0005371248786975371 -0.0004628663328850849 -0.0001718905615726973 -0.00010145724227835958 -0.0000061138699077063215 0.000007102468965123375 0.00001741438360108028 0.000019753737708486717 0.000011662838161016328 0.0000067140671895553285 0.000004326390379628964 0.0000032299367803435864 0.0000019882038962539926 0.000001159980461436052 7.087413513032266e-7 2.5587789540300607e-7 9.73799104613679e-8 -2.9090326570928837e-7 -0.0000010621801566595185 -0.0000017979380089396844 -0.000004127616708536571 -0.0000037664655276130086 -0.0000067000571184448965 0.0000019186511160264834 0.00003297913248814299 0.00007240203419742702 0.00025539818793131525 0.00048009952266180994 0.0009225094056948334 0.001244536892205943 0.0009609745429111008 0.0007438710060162697 0.0003399943253064904 0.00006098940300026808 -0.000035296946913184015 0.00000875546875922761 -0.00006919196529031544 -0.00015028753258612056 -0.00023897830484579416 -0.00028505710728261185 -0.0002988575136272872 -0.00026466989223738433 -0.00021035058818189944 -0.000145549333494619 -0.00006976787363091415 -0.00004007694980187452 -0.000011130513838294405 0.000006648899194583319 0.000011550709449482288 0.000006338369274211643 0.000003750492877495604 8.032595073119764e-7 -6.108980783710203e-7 -6.982053236077869e-7 -0.0000032236944296824343 0.000009668323549271691 0.000023790253476819328 0.00005348139646614566 0.00008677792101776378 0.00014060916146858433 0.0002018639016325016 0.00020952685856716176 0.00033770051995978445 0.0003789444278072288 0.00045800773696427934 0.0009288687455421192 0.00027621297692761754 0.0008934587766110036 0.0011542031017880894 -0.003495445402638018 -0.0026530868100559306 -0.0011813861585348272 -0.001880330691988372 -0.001290608916372556 0.0013012023514381 0.0029552374264246823 0.00010598473585255918 -0.00036656297680719255 -0.0026827455086091737 -0.00532112510500985 -0.007996216054544687 -0.013489146724370207 -0.010253134188052597 -0.00711401318019781 -0.008020667726190403 -0.006162742303558664 -0.004116817685529161 -0.0030089726974323345 -0.00006443598061096507 -0.0005796039866952379 -0.0008780555215257223 -0.0008968466151559201 -0.001938240313514077 -0.0026256541380952907 -0.002667759231108531 -0.0012461700406465098 -0.0005030805129949379 -0.00198634250028338 -0.0022590266547522727 -0.0023066716721505563 -0.0021830273748194183 -0.0026589421750420187 -0.002902247963507704 -0.002539973552004666 -0.0028763787669674424 -0.0023015402083551356 -0.004182326703183108 -0.003212351881779346 -0.0018898887352233795 -0.0022743036010817504 0.0003002564287239183 0.00003828445510401993 -0.000713029551099103 -0.0002677456964565785 0.0004690734554294449 0.00018858360912828593 -0.00002464562671229631 -0.0005042775223590745 -0.0023464884090051066 -0.0039042523660635957 -0.005579453611743843 -0.005736628234918868 -0.006328572878710705 -0.00670838559439464 -0.005422753663473327 -0.005231356427819645 -0.0035321461490234593 -0.0023315630601961055 -0.0023971987931511595 -0.001997485020842785 -0.00171129463495363 -0.0013228948494477509 -0.0009348153719359928 -0.00045260268077179286 -0.0003548356074168167 0.00003258082620177163 -0.00006686123168359086 -0.00003362064507466344 0.00001106064021540786 0.0000018759333692193364 0.000006476960764486659 0.000005534292646701336 0.000003492081506146734 0.0000034613457271689744 0.0000018912878333919857 8.936842494828779e-7 4.927844582289497e-7 1.3361681876054247e-7 -4.3209910918900795e-7 -0.0000010927324162060837 -0.0000017950739297395076 -0.0000039246237117215414 -0.00000273397077626226 -0.000007814983272124385 0.0000030499464360579935 0.000033484734982266285 0.00009130545806348258 0.00020355361756126337 0.00044870179751018183 0.0006640028990675585 0.0010054461720141784 0.0006960912038784238 0.000658393123527052 0.0002796882815180382 0.00005414907542388817 -0.000017152280437052484 0.0000035437245558128025 -0.00011727294113134237 -0.00020617717196934254 -0.00030876004575905767 -0.0003793155147297141 -0.00040208313775934724 -0.000398470044253822 -0.0002959142285606777 -0.00020461805587583098 -0.00011861162266311579 -0.000043535872152154935 -0.00002005995882935299 0.0000010448008243932411 0.000009669099150687311 0.000007316944370511499 0.000003954463467772244 0.0000015474835539411857 -2.5216575583251784e-7 -0.0000013641320036884264 0.000007120846396926087 0.000018492991365896504 0.000040099945124342575 0.00009055337851846483 0.00013409253514053572 0.00020114320415745896 0.0001846168991831919 0.0002885818859306122 0.00001444062117480245 -0.00003154524631936223 -0.00003988535830684364 -0.001778229234214932 -0.0024255322986428164 -0.0040627140844042954 -0.0069128033873951085 -0.0032096277089812206 -0.008560167999367119 -0.011323527805337462 -0.012109244560654982 -0.014668865860426898 -0.015265138405851576 -0.014966393750609588 -0.0059481000262757095 -0.004599091949011843 -0.011153351337678153 -0.015627466756443248 -0.017266163681529927 -0.016801986614225974 -0.01805672818422714 -0.017056739421841424 -0.015583673619631724 -0.012997181984358962 -0.010754726032492858 -0.008168269723362735 -0.007492323841559402 -0.005054016254233075 -0.0019098251659569955 -0.002666151519543547 -0.004653867314271276 -0.004435146543509261 -0.002072838467924574 0.0004711421300101666 -0.00015912998286966737 -0.0011626207965047713 -0.0044270433836408225 -0.001384847783499359 -0.0018928736596736453 -0.00231141762864394 -0.004472517967175779 -0.0020113895894957627 -0.0009828341434942234 -0.002281524503897913 -0.0019245473941214548 -0.003880118767773233 -0.0009244258367375923 0.0010594838671602554 0.0015785704165692707 0.002146107790224996 0.0013940779265736172 0.0012779183374203166 0.0017103375521676032 0.0013958187710988866 0.00008715153272947272 -0.0017903704829861091 -0.004161613985881232 -0.006515500308919848 -0.009401958878942905 -0.012807476828596565 -0.014907102539809432 -0.012623458054981485 -0.011132265989298276 -0.007147568047046913 -0.009724040438437458 -0.006507883713161421 -0.0028678447568654627 -0.0031992204672146064 -0.003126825610413147 -0.0029051177119191955 -0.0023371869804229358 -0.0012070381325535022 -0.0007014526043814329 -0.0002483456903487221 -0.00013566747177779122 -0.00006815988179403578 -0.00003478333752282504 -0.000004498403247949365 -0.000001560558858877996 0.000004625041041081251 0.000003684620409840715 0.0000031740177556341034 0.0000023928442427209283 0.0000013109921198684814 6.634253256190954e-7 1.8742411503615747e-7 -3.913436066534203e-7 -0.0000012560786200790223 -0.0000019222590982595934 -0.0000034213970738474538 -0.000002745979050120506 -0.000003250779993231944 0.000010109362605853161 0.000017970652581772477 0.00008220597842746309 0.00017229298526986995 0.0003396910754934055 0.00044095717782570535 0.0005848901458276944 0.0004961460417112127 0.0002988757374142723 0.00015279874757448736 0.00006288875306341192 -0.000024785851075190348 -0.000004602183113418307 -0.0001773989310793891 -0.000287156841019244 -0.0004090083311300292 -0.000516180105170973 -0.0004724257027996775 -0.00051002289187268 -0.0003899149270173022 -0.00026924670642160855 -0.00015226776453945744 -0.00007667232470664413 -0.000028839170028645703 -0.0000011365285446552239 0.000006302243267310528 0.0000063360543101017785 0.000005345130812990129 0.000002895462745704149 -0.0000014423928686878673 0.000006827304592353756 0.00001725453559766465 0.000031530099197372394 0.00006660688635620869 0.00011975528943437417 0.00020188142818867628 0.00022229820308199589 0.00031929738011951666 -0.00007310282030080191 -0.00048284098137898947 -0.0003454541798345494 -0.002215476160697395 -0.0038711328517231068 -0.00681403287765578 -0.010731864703307782 -0.011380452007624218 -0.019710514971746966 -0.027108063232348947 -0.0294085170332642 -0.04567223587792597 -0.04659151866888087 -0.03451793457107546 -0.03515767276564002 -0.03514964931360226 -0.0253605999512248 -0.0347469576615374 -0.03927595580007866 -0.03728383881008644 -0.040684262617577044 -0.03175187363320028 -0.026874350697325636 -0.02601688735664415 -0.024354665156864932 -0.015817063243061057 -0.015887480168314552 -0.016961700271148926 -0.01577089617938394 -0.013212879083338765 -0.012882834159270325 -0.006435232424478217 -0.006510468492075311 0.000032147260838801136 0.004839818127080895 0.004990090736458786 0.012260491886128173 0.008661625026097885 0.003981201080023231 0.0005921430570601275 -0.0017154022779858056 -0.001931114875382156 -0.0017391862243909613 -0.0028229703522924914 0.0050281575381580105 0.012374409639104673 0.01747280551127854 0.019113049506340744 0.016079977714097873 0.007186383150720573 0.010407580891429982 0.007958454487306697 0.0061927507588309914 0.0008720801319981562 -0.00003915038971024795 0.0003584948961323542 -0.00469933771064851 -0.007179563552933984 -0.011303012644769279 -0.0135705796266006 -0.016718443885143205 -0.018208805326753078 -0.01654938488460578 -0.017183627494132468 -0.02326830045937171 -0.010459912676070954 -0.009186241988331524 -0.009892582706290832 -0.005441893095520948 -0.0046666226156135485 -0.00451288641469965 -0.004339671712692948 -0.002858711751437488 -0.0011429352294558188 -0.0004938300719381292 -0.0003571452044530444 -0.00015126041008526066 -0.00006926421006264276 -0.0000238516486517397 -0.000008254102928673162 0.0000022708071201520233 0.000003851049297665686 0.000003800712752431735 0.000002799843407083188 0.0000015004971193151516 7.925241086295176e-7 2.9606746676261563e-7 -3.537793415178616e-7 -0.0000012919997805984622 -0.000002230133277965754 -0.0000024872021883246224 -0.000004301681403571566 0.0000012387898304025232 0.000017545140728184404 0.00004282301042855149 0.00009611151407771955 0.00017348202524314783 0.0002472671897987129 0.000374419185720835 0.0003982133658534856 0.000312271662501563 0.00021205422868920317 0.00015054921850780038 0.00003843200204326506 -0.00002390001615682473 -0.0000027745153605910123 -0.00022606741630629823 -0.0003601122059199262 -0.00048595043348944895 -0.0005804126535316779 -0.0006006485595643535 -0.0006087992482302595 -0.00048159713506856165 -0.0003294738000535236 -0.00020716478990547908 -0.00009345330821163625 -0.00004452827591399212 0.0000016613766247216232 0.000007154359301722923 0.000005763134807241359 0.000006079686456548409 0.000003994257375260466 -0.000001270202671415687 0.000015710531363592213 0.000028402289563780855 0.00004934816495037698 0.00008701329909962102 0.00016588415663715617 0.00016430290820753285 0.0003059676264378233 -0.0000656469813545585 -0.0005626088526292163 -0.0011930811900262605 -0.0013576225787688228 -0.005286889312994925 -0.008088234531756125 -0.012656183619547512 -0.019355589333969626 -0.02752698089426091 -0.04648762209104766 -0.059137514793610214 -0.08289157180675304 -0.0917474003104263 -0.10204833938249586 -0.09831477005903552 -0.0959921990941043 -0.08113390891216773 -0.0836590224710092 -0.07488712025868409 -0.08535114500262175 -0.08631167830706322 -0.047226540876142725 -0.0376044232060146 -0.05073591853513565 -0.01247996463783426 -0.016947316718587513 -0.01705406085329988 -0.022406987829215477 -0.021280453026604883 -0.033798934035971354 -0.03321708591531978 -0.02353098894951839 -0.01942766282759222 -0.008548599824790984 0.007277797835385147 0.030536927951026107 0.032166902348042106 0.025895418570856848 0.023385702076417693 0.015853017621200276 0.009488522789067545 -0.002122543641745751 0.0029085659719563966 0.0035382723451185772 0.022823633958350638 0.030492258191631955 0.03651980789031337 0.03045371898966468 0.04391520350766816 0.044838235380738924 0.04806331433560868 0.03440920181190605 0.023361776648658832 0.00592636545522011 0.0013334054460508744 -0.008387654271183397 -0.014795707258848288 -0.012901503707489879 -0.002582750461869332 -0.014131278325389646 -0.013559833267370577 -0.017414983170471778 -0.020620486867457023 -0.02136081088489337 -0.012750737503897316 -0.010878967902762618 -0.012364523883614364 -0.014426397489161887 -0.004450442422025814 -0.012996355950038539 -0.004855366187993362 -0.007281164605180603 -0.006303153526938658 -0.0039033822515702025 -0.002835616215606391 -0.0013595871196864684 -0.00041952970566821145 -0.0003963932330465666 -0.00016824374316796127 -0.0000388092333799454 -0.00002731923069518174 5.418715415398464e-7 0.000003998109413653353 0.000005059717145546372 0.000004291866745573853 0.000002467230526912198 0.0000010808128800140828 4.759232416979978e-7 -2.551277151704973e-7 -0.0000011960750688399167 -0.000002669921830802289 -0.000002776890723267231 -0.0000032434291844263186 0.0000028286739542229957 0.00002620057114459381 0.00006055589377550177 0.00013710499549224374 0.0002118915292594598 0.00030503711253619475 0.00037094349917777175 0.0004095328843564451 0.0003223860819683004 0.00024215139011706945 0.00013643452537352875 0.000054100098114209344 -0.000016071801695932014 -0.000002221549840203633 -0.0002536582669765365 -0.0004067946129570643 -0.0005749156909546101 -0.00060886477057832 -0.0006851444414070672 -0.0006405697877554982 -0.000539424247172955 -0.00037840816614541004 -0.00023252995613822687 -0.00011076141593851997 -0.000041033061990149686 -0.000008618256125644708 0.000005063058759696171 0.000006844542627093791 0.000006201386762753181 0.000005016571789916841 0.000004153608133786031 0.000018998451825561855 0.00004320896812849787 0.0001043622353832143 0.00012182019733875144 0.00018735198192253126 0.00023185387087552454 0.00019088789184836384 -0.0008347506052925882 -0.0014812967343461184 -0.0026954899301309143 -0.005037559585630607 -0.009159754544675467 -0.014706412761686926 -0.01925764036307538 -0.027754179286768113 -0.04016602979320974 -0.05458447503583928 -0.09067178047372357 -0.1469641305462302 -0.204053441505634 -0.24920883609491443 -0.21832877486083324 -0.20817470658448892 -0.1297156272718262 -0.10477615948256994 -0.08929205937067189 -0.06147974202541513 -0.07244489644059691 -0.08222894480068725 -0.02280092494119744 0.01315257600178527 0.023415348482251783 0.018576346072479995 -0.013389933354144835 -0.04377238623367559 -0.04758816730409039 -0.08387985122720494 -0.0713170978675588 -0.059229671635618396 -0.033855069439370486 -0.013196707934310218 0.02369312603333099 0.049041128770549766 0.06708277803319966 0.06714220569241632 0.06185202963498601 0.02839163675742348 0.022324579900305376 0.004461612580814038 0.012242408466719094 0.010157089897368618 0.04104391784921434 0.07123184533401315 0.10922587338435777 0.14263899319040302 0.1381285331595598 0.1166913927590274 0.09351697511335176 0.057835649999612125 0.026259238456380486 -0.00475313489564732 -0.01943732273421952 -0.022245671012891904 -0.033155222209749674 -0.0013378228324030378 -0.007793596470076245 0.009630044965688287 0.007694647812343051 0.006790547959167146 -0.009405456789889353 -0.000917072837142423 0.012676244844917878 0.011657353271659857 -0.004487875835061181 0.007710942962231425 0.0012359784967208506 0.005134718914653997 -0.006106778533761834 -0.003376535082349094 -0.007217021861099535 -0.005115857391460211 -0.0037575961321639068 -0.002494946474301022 -0.0011610265568463543 -0.0003991962611654133 -0.0002946037195939804 -0.00010283463229597774 -0.000030424365153115558 -0.000001099063022094501 0.000010671551287320197 0.000009531855695370146 0.000005327858837629753 0.0000036042437403341405 0.0000015921607612711766 6.638650027536032e-7 -5.31316698915088e-8 -0.0000013490181798784798 -0.000002617085405524683 -0.000004918215512074468 -0.0000036289496281690264 0.000005684610531368316 0.00002462901909347356 0.00007855604863729115 0.00015215660797511058 0.00026079222425217784 0.00035511723047765086 0.0003880519938281288 0.0004417449114048821 0.0003553149983959324 0.0002638600863431515 0.0001666416879645368 0.00007707730899688283 -0.000015419054463751874 -0.0000023947423118020775 -0.00024370911727189504 -0.0003870797127565823 -0.0005576788242407515 -0.000597371596905496 -0.0006881245114529691 -0.0006582829330737287 -0.0005389611620959921 -0.00037362015537738995 -0.0002425052539931463 -0.0001240191339731018 -0.00004562014658403723 -0.000005288369462189774 0.000002253360724492097 0.000005032350164611859 0.000006368854424152529 0.000006400782263530541 0.000012230206027212727 0.0000269175044345027 0.00007592299718168068 0.00012806898890937245 0.00013456946222670206 0.00018053224326436166 0.00031024279545957724 -0.0005288721920474888 -0.0016098286203916113 -0.002855307468759361 -0.005748112017268776 -0.009326094950345257 -0.014759596536418302 -0.020992893203153225 -0.025916107213273157 -0.041695876744449925 -0.0625603884008386 -0.09107201454064565 -0.11180243929286098 -0.2127022466378359 -0.30146737637080634 -0.3947694760245553 -0.4091470674744335 -0.3155939837505255 -0.20203332172634028 -0.09268886894019598 -0.0027992318334704967 -0.01115044498210964 -0.04462396928163724 0.02491087448910337 0.03343326499964818 0.0735345926543694 0.052693760365484205 0.06499190645329689 0.037496659010293844 -0.0502320267925436 -0.12061461271051695 -0.1377711276429236 -0.14214681505933985 -0.10476495695923183 -0.09165447731213969 -0.013247671946992168 0.07084310549689533 0.10436671601918125 0.15539690669153103 0.11116738368024243 0.07123120972497973 -0.0019380856703171351 -0.020615925629969476 -0.01717898579339651 0.002550630920262122 0.029561811899583117 0.07942665727255903 0.15155984460063981 0.217255104342614 0.2769432767051103 0.31891815137180257 0.21766679066565897 0.16009301056347913 0.08025348747751274 0.01696605591480972 -0.05779924487776768 -0.08251443923109415 -0.10927233239761443 -0.04632662280742589 0.0036700712767449416 0.03769176196949567 0.04328153046398194 0.046018979751588786 0.03568104263412824 0.03839062264095619 0.06293621531582906 0.06498869265611211 0.06471421350190423 0.10444937134808599 0.07477173880599372 0.04340466672852204 0.011180289273829032 -0.0035340890352257705 -0.006847344954061792 -0.0050198170320866825 -0.0041941366077941685 -0.004038467927190121 -0.0029145202098895774 -0.0019330306073443266 -0.0007685487241301849 -0.00040393278961015425 -0.0001613673107051441 -0.00007192772135532454 -0.00001667827862909807 0.0000023317143341597324 0.000012039689386926784 0.000008103557746289343 0.000005180560469122276 0.000002600944828872854 6.416477618690753e-7 2.315794471702164e-8 -0.0000013025623047096987 -0.0000025283088263348402 -0.000004962965636936327 -0.0000036637165472694125 0.00000912315998634864 0.00003758854605333508 0.00008599091663848934 0.00016814200474796914 0.0002859952481468936 0.00039249626029019987 0.00046737117697909675 0.00046573754092700336 0.00037580265812434203 0.00030508481358134786 0.0001963230306389231 0.00010423415321089004 -0.000014037578103304225 -0.0000013969601947686535 -0.000185822585143869 -0.00035653639457988517 -0.0005492763161389908 -0.0006532341844656924 -0.0006416103047683658 -0.0006240401498133309 -0.0004983663347699354 -0.0003706466334301041 -0.00022150261213673558 -0.0001200710389590342 -0.00004279640566561796 -0.000005283985718527288 0.000002052557093129055 0.000006739160290170278 0.000006999571313034083 0.000008500745326184439 0.000018942431820598524 0.00003352393891383524 0.00009194008234215518 0.00011644210879266554 0.0001908972817335508 0.00022774332142089492 -0.0001332615850501603 -0.0013377014669732727 -0.0026757700068077844 -0.0051825671221213745 -0.008762555327457008 -0.012367018878247843 -0.01992124186744122 -0.02561503891424899 -0.019379283090271815 -0.02334034429145666 -0.014604309199990055 -0.060599119791486446 -0.12934586065909404 -0.27999500017875273 -0.4065539261502671 -0.46357989044509285 -0.5699343838438526 -0.47268629208704394 -0.17894176524622984 -0.0032176703588165326 0.02246015522524428 0.18174713121301367 0.10290903738098021 0.11118701963106827 0.27110651006060105 0.3866882639100455 0.35484766434401666 0.22547447473832044 0.17271207278261919 -0.0592363773127808 -0.20682988243633021 -0.2609190333319331 -0.2393586582667685 -0.18053165521415054 -0.05983982252378113 0.02736771186764628 0.11772024783501205 0.21988410525330004 0.2809766798124106 0.14789336223980562 0.06583303285521401 -0.020445013680011656 -0.10534494628517148 -0.069764890445809 -0.02494396348807336 0.07192734740936126 0.1556026269641941 0.22340080778620416 0.38135701905939473 0.5285720297353842 0.407028460438808 0.2511232327043798 0.16170913159002548 0.058861375247194994 -0.04684166231267395 -0.12418677205768146 -0.11919148052845854 -0.2273154480460711 -0.13374211497131755 -0.03153362629372791 0.12559946950679288 0.1695534924693783 0.18015754112705523 0.13124253693078064 0.14909999910320063 0.224982378783759 0.2478885958440643 0.31554831277103074 0.2522001552696855 0.16598742253366405 0.12923742687072606 0.05501669690818512 0.026468533840082065 -0.006958445354003211 -0.005982503462807004 -0.0045763266162129135 -0.0032929260404949267 -0.003880147785055102 -0.002316153633035103 -0.0012135457464703273 -0.0006088023323793658 -0.00022419609361414735 -0.0001306616894833833 -0.000033077573759731304 -0.000011623841538265729 0.000013148832687189905 0.000007636117865491152 0.0000060611088147926935 0.0000026663581368929936 9.809989949387926e-7 8.744888451181165e-8 -0.0000013034426524274363 -0.000002353915439296188 -0.00000405586277428237 -0.0000031055872933852885 0.0000067318337960000735 0.00003700348599081862 0.00009428350514068669 0.00017154175275127295 0.0003065378599496017 0.00042039855601240354 0.000520381555466576 0.0005746805150574516 0.0004970262185640235 0.0003419240705284119 0.0001992392130921312 0.00012014970348141367 -0.000012308863062609315 0.000014687046201915344 -0.00013585596290519925 -0.0003234926881595423 -0.0005102373237927089 -0.000599754572020345 -0.0006500751412148227 -0.0006088069194818058 -0.00042713479634636447 -0.00032878729794200774 -0.00020580965960777982 -0.00010324635017102459 -0.00003887288697243252 -0.000007768667887543137 0.000007921815987164249 0.000006004075626782656 0.000007542777585616937 0.0000128073740548595 0.00002201435188136265 0.000048413323493057684 0.00008330618662556375 0.00011009617169525647 0.00011335935347286544 0.00010396122581735691 -0.0006855375738819284 -0.0018484360219630201 -0.00451346402749694 -0.008262775892156748 -0.011907768034348344 -0.01728851862068794 -0.02509436526163488 -0.030932602341969744 -0.0062101225603926405 0.011533852973877733 0.10821844675137302 0.09811929051832419 0.03930228350428839 -0.253609996333218 -0.30537221487744365 -0.486635407039854 -0.805002699518575 -0.614226797254489 -0.28890508566742584 0.04931756799546744 0.22598093622430315 0.37046174976404767 0.5149799614448705 0.6982343038273928 0.7457038830751392 0.9455650333756784 0.747216923841433 0.5511533972113758 0.2652702215872942 0.06694813752107469 -0.26010211738943545 -0.30409278506205734 -0.36816389690600254 -0.2500435742621553 -0.12094983610377864 0.10670103598069937 0.23049807615840034 0.3066108461113258 0.34917349336135434 0.2259929862054984 -0.042259637588103055 -0.3037228183133309 -0.4171333990357883 -0.23926873006711843 -0.12184470919426518 -0.0015548433105414929 0.21179411930137326 0.3509591357744717 0.5749874572118998 0.6803842671123465 0.5302154665224214 0.4139603806105033 0.05508581905305276 -0.1550750242756563 -0.27542425720933095 -0.4101096226440482 -0.5931069220435239 -0.5932564706072103 -0.18036113314244745 -0.11551914127579702 0.06155977139378734 0.33410258958086547 0.3756144968099153 0.43520194249921795 0.3744824038129647 0.5020977283791406 0.6206679809086704 0.6420501667309148 0.6014136077924709 0.39365169986472176 0.22296184826153703 0.14879315564708415 0.07007080582239902 0.019319858217778 0.007606136416875671 0.000999984223909081 -0.0027417419086984817 -0.0044807438914057866 -0.0020236035491885906 -0.0015424606748982493 -0.0007080014821088764 -0.0004383361462868842 -0.00020499264023749334 -0.0000467752928708002 -0.00003254249053687896 0.000009727506290846544 0.00000726502759582881 0.000005709961523158197 0.0000022741063018985985 0.000001024867845923191 1.5528621133545012e-7 -0.0000013481137268483584 -0.000002750557401745929 -0.000005284214403879633 -0.000005654268800868568 0.000012095480451177188 0.0000336538050916867 0.00008711612358886376 0.00018467852093774273 0.0003133781398167641 0.0004595369028800019 0.000700690639009108 0.000821578529763947 0.0006265460934910864 0.000602739002871579 0.0002192854107241488 0.00012000834490832631 -0.000012113531139391545 0.000039188944906992005 -0.00009543456159573049 -0.00036976629008122027 -0.0005782391178283035 -0.0007134605943031169 -0.0008433596460524589 -0.00063285858935944 -0.00043804633907775935 -0.0002784504405417871 -0.00017166456769560312 -0.0000765854357882087 -0.000037436594312583066 5.078280308875765e-7 0.0000013281167537275832 0.0000075374514678088475 0.000007712501886418125 0.000015635177765188253 0.00002693747893629848 0.000058107744255677816 0.00009208748544219168 0.00013461874038941073 0.00002472669378772468 -0.00007387718331337207 -0.0007635451701671862 -0.0025165469733069994 -0.0065315246783529115 -0.011257061170485463 -0.014115830733638668 -0.020440295990130513 -0.015240584994874799 -0.02367706448282645 0.04439567073121305 0.17197936610766393 0.2980581128141564 0.34402959111993525 0.3909349257576987 0.1668355310644217 0.06418395945184321 -0.21288893267173026 -0.9714640798144416 -1.0863995359245717 -0.5531297757323514 -0.15028783386338046 0.17849852202315047 0.5241551413501739 1.10223685095289 1.5373603127773903 1.8068984393176237 1.615987885597786 1.3160411909315763 1.072215098970873 0.4571683059706302 0.27131711732452524 -0.17079346262124756 -0.46123438868590144 -0.5527058064441951 -0.36247819618993005 -0.1565023860093854 0.09302904537850093 0.3599669162686559 0.4674384814189728 0.4336972403960365 0.26941679961936543 -0.19662522429825657 -0.8213590621579622 -0.7145263226397265 -0.7312356790811454 -0.5666475045225462 -0.19762044356452915 0.016195084246542944 0.32150692328528535 0.5285373291775374 1.086060773821704 0.3764027682729353 -0.10540765849313774 -0.6424668985263396 -0.5666088990298983 -0.755430129163822 -0.9051778467261703 -1.13375461311042 -1.129700103830974 -0.9137282371588371 0.25562302350434396 0.8565765272485371 0.9520789295668205 0.7578857879481186 0.5464245487363405 0.5735598912301977 0.8601337797560353 0.9980820815435321 1.3835078962794773 1.0053467078174494 0.73096664974974 0.3862305254760291 0.25352461457272496 0.11436367229072537 0.0456984221647941 0.010813742597642806 0.004186207891718099 -0.002466705684781271 -0.0032790853324416755 -0.0027392277371051962 -0.0017427793230420437 -0.0010326530637966944 -0.0005338532852210518 -0.00024233956954231237 -0.00007014085359779664 -0.00003801727522535271 5.404795277732967e-8 0.000005606203594664958 0.000005010128244888551 0.0000024630197796917873 8.976161651600054e-7 1.5195562999481226e-7 -0.00000115065118181361 -0.0000029269687179555387 -0.0000034204342781791216 -0.000007278790993296988 0.000012695031885328812 0.00002978175615111317 0.00007074115355607696 0.00017815445961342797 0.00028433811929692865 0.000493953230112216 0.0009023811677362518 0.001010828244931191 0.0010234025863764885 0.0006526811748639633 0.0003706141695651073 0.000148516656123668 -0.000017728806258847948 0.00005064369620779257 -0.00012257843042490506 -0.0003690851359329963 -0.0007162743616705059 -0.000791145231549504 -0.0010091097204066627 -0.0006070063176839642 -0.00046827626603973446 -0.00025185315140030854 -0.0001232086054462254 -0.00006272198928031467 -0.000024496740958636645 0.0000018633199153877496 0.000005283514971363761 0.000007120319887113339 0.000008785795627913868 0.00001554506402143472 0.00003165329617818992 0.00007689776939810773 0.00008898565418797934 0.0001055373225627931 -0.000013447389409354187 -0.0000039241304598102775 -0.001422539296331398 -0.0038530325228014056 -0.009351222947043868 -0.01289022762746727 -0.020407219666254982 -0.02051549112712027 -0.0047679272623208716 0.021263485107614954 0.16672128688351717 0.36930035179592674 0.5866439841444108 0.909347236981636 0.8839700158226205 0.8878109260481931 0.5899746214426286 0.027437579065334648 -0.6928566789679642 -0.9581271110382439 -1.2491873840108823 -1.2317469514516983 -0.6854636562585352 0.519951116905914 2.4182941962261064 2.4934927316261173 2.7772030640072023 2.7000774464082236 2.501442039999538 2.0442665930705366 1.5315064745591844 0.7928768271942099 -0.04326065004529846 -0.5644761426887834 -1.1460946575665862 -0.8999731416327705 -0.16470243368804613 0.24360103677700187 0.5054562810110071 0.4546837861657861 0.45080886800064096 0.3870016868641606 -0.32520147493632884 -1.1790909184727527 -1.3517701793739578 -1.0839260203626435 -0.939286750722481 -0.6158011324711786 0.019716993485017806 0.20386098472731215 0.3167491852615675 0.7298246712050247 0.36458762153210034 -1.0306314275161714 -1.3923283604560899 -1.3279878136473011 -1.3270368354001472 -1.7203054436524392 -1.868579649632726 -1.7134601407745982 -0.8538875836404493 0.7236459773295684 1.8926824373173259 2.7085528892065636 2.1845650259067213 1.404319389178268 0.9607809319773424 0.8313932602125763 0.43381237690419705 1.4903992005991233 1.4008314666010873 1.1698995192919746 0.6307266088515077 0.3855718269093464 0.17793045556493686 0.09709448621671857 0.009610505021925227 0.016601268194473412 -0.005708312983438611 -0.0024168945117243037 -0.0032923607697471708 -0.0021881750170539994 -0.001243879316929747 -0.0006495889360836588 -0.00034383217696799795 -0.00007708387950287006 -0.000038167900991841054 -0.000008457758735880111 0.000010820063746097078 0.0000037335626857261946 0.000002569218152540814 8.759471988528007e-7 4.2965903535098064e-7 -0.0000011466862616169652 -0.0000027634860988040753 -0.0000026502860305717915 -0.000004363096159062484 0.00000526659149585896 0.000023897108921700755 0.000059868228582972554 0.0001375195752935627 0.00026098781508885526 0.0005539009869128871 0.0008649834493320946 0.0009876828981012088 0.000998375450286132 0.0006327628132046465 0.0002994450597198533 0.00013332112504285145 -0.000027306359351701013 0.00003962731364386041 -0.0001098280308699986 -0.0003185749501332656 -0.0006708930395873608 -0.0008741613257718094 -0.0009246429239658628 -0.0006336190902905439 -0.00034942677579342994 -0.0002119151644683244 -0.00009182624139615866 -0.000052349021850647034 -0.000020360859270535972 0.0000035830141156526074 0.000007065174864253904 0.000006264943882771892 0.000009985108084462496 0.000014545995523918315 0.000041964061140083115 0.00008341507428196021 0.00012555578236247994 0.0000475574271600825 -0.00003371915490662985 -0.000026343396754241374 -0.001725887169110957 -0.006410014776469681 -0.010544964674053482 -0.017652100152131787 -0.027459672219606976 -0.009193535400145952 -0.02170832981887324 0.10643817987631032 0.3340693871970334 0.6281364469792489 0.9194758661217389 1.1800283316596698 1.5738279343911745 1.4416944151164843 1.0187254204668268 0.7009206997395594 -0.07353913396888756 -0.7829923371603968 -1.8402448344839812 -2.895705539451421 -2.8040333637369868 1.0566412894490065 3.37270098789324 3.171434655825657 3.9649825276919266 3.90556711988944 3.5268415014053907 3.243115638416615 2.6131007508632393 1.725483754063093 0.5462882081855431 -0.7963536287948465 -1.5343503922635644 -1.3780961174895532 -0.40062834295240635 0.23936591114351488 0.27044898126580497 0.5217058356618671 0.8129704744127846 0.7936670484477426 -0.2381486974221014 -0.7542597308857548 -1.046049414931504 -0.6835391903542075 -0.44713497147239356 0.06981400043411749 -0.12714804772652089 -0.4748119181296375 -0.6837425900272698 -0.23060536216665695 -1.3617066328527665 -2.4168271632802307 -2.5210076973437645 -2.294769954470206 -2.2488103736431273 -2.6283592078631575 -2.8865156609967197 -2.814130080868926 -1.403545159954752 2.2922913051931806 3.0923280720315276 3.87030732452242 3.0348048261979046 2.053911306079674 0.8645760815199834 0.6214298236981521 1.0608784222895549 1.6460507349249984 1.574284428731008 1.3652825897126872 0.8912098227479501 0.4876570067403401 0.2675595598291735 0.13224873294893397 0.049603052450859234 0.02050283814427286 -0.0005981745704197955 -0.0029452428804765686 -0.0022494282054053146 -0.0019763695768554097 -0.0017022909924044795 -0.0006564152872193465 -0.0003896343425037953 -0.00011797350924692133 -0.000060694205442703206 0.0000011122537744307173 0.000003100603603581706 0.0000023831964294143994 0.0000012959703230136588 0.0000011601030885661053 4.6652567873642503e-7 -9.472247030770537e-7 -0.000002594039910497538 -0.0000030499286418472725 -0.0000027828797809719275 -0.0000032557757152695466 0.000012489661651273899 0.000057210222133228054 0.00008711460657114224 0.0002139444047662968 0.0004040175811349965 0.0007379269278610782 0.0009607657526181831 0.0009690918413009834 0.0005697282238011748 0.00028079732277563245 0.00011811813756040939 -0.000009821379143973281 0.00002753895494991755 -0.00008607550475461941 -0.0002565924710344218 -0.00042357369568121197 -0.0006691411472688096 -0.0006662299077270562 -0.00047768380999169916 -0.00025175447159552964 -0.00016963488567704627 -0.00007489824682442323 -0.00004762266405901554 -0.000010492929714057752 0.0000027431403754916104 0.000004341555539631145 0.000005539040165114231 0.000013293021842551686 0.00001736542529591627 0.00005754794273929561 0.00008596782102460949 0.00015557759188406875 0.000013882810449394078 -0.00011123233641598427 -0.00038083064479557243 -0.001960959055860874 -0.007849917004578856 -0.012057834094782583 -0.02357022160012241 -0.0217140347505314 -0.021859700275287615 -0.00982708943867856 0.1785366153291072 0.46054629002194425 0.7729873967184855 1.2387934139152215 1.6004120285113785 1.6524778395442876 1.8404540360090187 1.2295633851606018 1.4476552966496061 0.9852592399286405 -0.2822526985590418 -2.5951318609798295 -3.840056563300748 -0.9299015352817142 2.463298180302048 3.09758196434121 4.035957697906221 4.622697172235103 4.580805332023215 4.727149488394381 4.283590291641063 3.844227575899565 2.235211013752145 0.4264263323550545 -0.26075554048021765 -1.6384406418604054 -1.258480752615703 -0.07880799253055011 -0.15793815549140927 0.2140651103293767 -0.9867234172653354 0.556398206535726 2.9959178069094095 0.38135190862840807 -0.5775175067293039 -0.6630681154564675 -0.26709530108042767 -0.0445136350274683 0.337070505572764 -0.33048557685094615 -0.7742019798230991 -1.553493330994546 -2.338979735513397 -2.813938906772313 -3.7736815542673843 -3.447332876745572 -3.0161941188035715 -2.9838421967971462 -3.596249378649342 -4.15060036403251 -4.221492240573132 -1.579526141712984 1.6046184776915489 4.207077252062154 4.9241199079520035 4.00988344504999 1.9413443735526164 0.8252428231209028 -0.2146493913905127 -0.45655807379366076 1.05305235335959 1.876199578430515 1.666225073977967 1.2578742058278074 0.5474468733993949 0.36789515707198767 0.15362658853173292 0.08068042349704088 0.0312552893641096 0.004885224630476367 -0.0012847623316693266 -0.003279532476197619 -0.00226733222829852 -0.0013700563726758272 -0.0007382556878644356 -0.00043862479574781566 -0.00014056380136199165 -0.00006280105819379337 -0.000018284896325941016 -7.565478364503352e-7 0.000002387766272505272 0.000002298041588608038 0.0000013896764401399113 3.052498104054091e-7 -7.078182454959227e-7 -0.000002199805441032282 -0.000003258719442460648 -0.00000304425148869436 -0.0000030467346254761847 -6.662575822927494e-7 0.000029345943741439588 0.00009175804404308217 0.0001276851096672289 0.00029186410890724723 0.0003698725274536345 0.0004906008914320467 0.0004481610427257588 0.00029120446019241633 0.00018819867439839142 0.00007018605606701126 -0.000014514659638305868 0.0000308359523016757 -0.00005101072737474601 -0.00014533547834282647 -0.0003073221073194901 -0.00039459365778550873 -0.00033586770976969154 -0.00027996064878429874 -0.00023042287129104518 -0.0001501585291694677 -0.00008130187380657857 -0.00004383833076103994 -0.000013244838844121418 0.0000031018773694715956 0.0000023938752719757814 0.000007965861177531271 0.000011596159998396887 0.00002678135160057077 0.00005795432661161499 0.00009914652516274866 0.00014984614455042716 0.000017227446245683115 -0.000230616945284275 -0.0010134069271329738 -0.0025836211780979027 -0.008178852081559556 -0.015753144486324037 -0.028151919367852656 -0.026751681315892874 -0.02895282468835518 0.037807296849292245 0.2323251693800754 0.5431034151713895 0.8556126955418857 1.3721913586296683 1.468017479363863 1.75592558370494 7.80202464535724 6.283614243822256 1.593271166113344 1.0432795712701484 1.5733173206484417 -2.122705785996918 -4.295619739478943 -0.5560399356177241 2.0926412285896627 3.6818431438645147 4.331930491170508 4.925614689545868 4.573206781679547 5.430922374533311 4.768215891071415 4.277580021296932 3.1602781370612125 1.460764623906924 0.7097739170685536 -0.3620659372480783 -0.27044193918957576 -0.16343060903999357 -0.10847204195743088 -0.21944622416814352 -1.2877701516315299 -1.032369511798688 -0.2614528766500155 -0.9649196579899519 0.6149322902993694 0.24238585678350918 -0.3671905860146991 0.5444193506439202 0.37076207813264384 -0.25975423948810855 -1.028400289956472 -2.036723977670017 -3.2418612457675984 -4.217627129794381 -2.8323182201932084 -2.396842957271287 -3.203565145301104 -3.399336493916068 -4.52512333471229 -5.178299484102968 -4.860101515744329 -2.895356811876877 1.1432408484207 4.012272556350609 4.78789735969502 3.5612076573398097 1.806422686231982 -0.036999216914017016 -0.08218864624031975 0.21629502219643856 0.9924360380114466 2.31755353227279 2.5659072958674947 1.8822836553137743 0.6573667167725998 0.39347546243636816 0.16509946910156117 0.07392233171475453 0.03376975334767864 0.006720742974260199 0.0014506589211580666 -0.00139032427974643 -0.0017589070442206869 -0.0012798645265722657 -0.000776556517468206 -0.0005127710033198826 -0.00016214075186253319 -0.00006056893688953931 -0.00003565165055362414 -0.00000226187825577176 0.000005718429667404281 0.0000028135571681570925 0.0000022790310666398084 3.1359945670779327e-7 -5.454770673529688e-7 -0.0000016544540649052885 -0.0000031593909944028806 -0.000005206775794338752 -0.0000025730785884981064 -0.000006534069891776536 0.0000032112986719170847 0.00004104117274429468 0.00007359599703862433 0.00012835534678477928 0.00021223137035238928 0.0002572675938136113 0.0002427644944497507 0.00017795806404775422 0.00006620407014967838 0.000011449998273965299 -0.000009890019668696137 0.000013922040548966638 -0.00004257470282526001 -0.00011875786086926448 -0.00019769772701357268 -0.00024106243095447857 -0.00026979175033238956 -0.00023767137462655965 -0.00018216390682551303 -0.00012946179463180818 -0.00007983307165678349 -0.00004196509705916804 -0.000013441662225672313 0.0000028216511397025633 0.000004495563718967314 0.000008194115010527855 0.000014584276200040716 0.000028494397578962606 0.00006027242820968721 0.00011624049139745183 0.00016889949052281326 0.00002818748746264865 -0.0002228054009347481 -0.0009469764425614969 -0.001701258900627639 -0.010042159882813186 -0.01768364209360785 -0.03154409547074067 -0.03445223939608508 -0.002974557847921342 0.06408870735027757 0.2605056910285704 0.604447845726032 1.0425370731254402 1.2938677795113054 1.4862911081892043 1.26568154495382 3.0133169317093365 2.632143935870822 1.4902925222095802 2.403899425042494 2.04705494291627 -3.164225602031404 -1.6063113754824345 -0.32325331386325873 2.3205786246226636 4.18431335594037 4.674357104874652 5.228569833703798 5.650375131948472 5.260166822341397 4.381828338766948 3.580164030921053 2.672270830366736 1.5255319322950593 0.6885455478515338 0.36411549319564707 -0.1867123009236941 -0.12082684806864988 -0.09146996320222466 -0.7728366585632261 -1.1815732102431578 -4.009693839142039 -3.548639111416401 -1.5612482360630415 0.1801696713879543 0.8433713464034498 -0.20043757515408875 0.5074382891937458 0.2291446444669173 -0.13894087508920167 -0.8935426638331296 -2.0035617780503925 -3.2031791164064924 -3.981994953211238 -4.010609655954296 -3.502431186365035 -2.521246665415295 -2.9921467927441077 -4.54634822510642 -6.797695882659788 -6.686970349213178 -3.5243158176303284 -0.13873392335901352 1.9913081573678175 2.6105134146114564 1.8176385823723045 0.7946800156301088 -1.0411383644500913 -0.12204072658701254 0.7623144205194663 1.20007180863316 1.6534267726286378 1.772404580276296 1.5871111696932119 0.5089579736579449 0.3497110005231212 0.16529709106938548 0.0836551574583226 0.03098749923528787 0.010771342021836511 0.0040366619739790575 -0.002547666502641153 -0.0013859996377304988 -0.0012606631687702432 -0.0008576665612877978 -0.000467735255406041 -0.00019302466972230867 -0.00008750577861633396 -0.00004281390895568633 -0.0000010105726900133636 0.0000021572273315002488 0.000002983321707777419 0.000002917683749665425 -7.048709843357171e-9 -3.6469492174042874e-7 -0.0000013790832780456076 -0.000002692041238945489 -0.000003823813385263191 -0.000006049591262580653 -0.0000014931095780131366 0.000005300703215552732 0.000026721349970216415 0.000048079139449537406 0.000054576973550322716 0.00008114231586622222 0.00006988174266217254 0.00010271122433999421 0.00009301918502019542 0.000029694766102863437 0.000004203073492326219 -0.00000769469754241248 0.000007467667244486048 -0.000058907161408057056 -0.00010065463839427036 -0.00015981688261518497 -0.0002280433883653866 -0.0002741895310345289 -0.0002220797076534209 -0.00018882953048217428 -0.00013121703614643436 -0.00007406743743944062 -0.000042940545589725625 -0.000011697276580101486 0.0000075701718304064645 0.000005621913105355185 0.000006994215856164476 0.000013590920206354275 0.000025015792773671054 0.00007378453029320541 0.00013686318342912696 0.0002446464428757098 0.00020485302620028707 -0.00003232486179941072 -0.0003785517806525298 -0.004036627715854122 -0.010542840778926097 -0.01945104416027189 -0.028684971940409816 -0.02447179200001731 -0.021895594109325876 0.07692963382394521 0.2807431814561267 0.6354070401787241 1.153909078901262 1.48401813550985 1.5897183754565825 0.8849957412232068 0.3454999096219281 0.14630044967956723 0.6493175857309987 2.03455190274866 0.4121188066046719 -0.22153530230632462 0.12505916256563177 1.8295783486929005 3.876872317333849 3.806508868342738 5.327728546885845 4.701108866571924 4.026035917468726 3.738098644457698 3.1817802073322308 2.631918204249768 2.007977266579561 1.6268326861893811 0.8597106312669487 0.4530378038329047 0.04672371834802424 -0.07308109423646177 -0.23343759546428874 -0.7662817022469822 -2.2594208361948205 -3.2363326148611526 -3.3067996069355527 -2.323370597996391 -1.343493371655081 -0.4152630751398055 0.12376193374069244 0.3532964747197576 0.21225521213071277 -0.16604058322428408 -0.7888558627551553 -1.6141974629328546 -2.659577006768681 -2.6794698526720446 -2.1704406852587392 -1.330449791992978 -1.1625180190369808 -1.5290565421148505 -2.902467399923144 -4.895214351322506 -6.625734228551315 -2.167468878281045 -0.6682418210361692 1.1428318849074122 1.190608615099785 0.6538976735539378 -0.37775847467142426 -1.2793995839281815 -0.10410341092941365 0.5472177657918968 0.6854448996871554 0.9107095447599933 1.0238451575786114 0.9119067455891833 0.29755689091910353 0.2248495027424715 0.11691899412999576 0.07266476373896365 0.024590253783298436 0.015612183819276643 0.0038212792435235805 -0.0003014034779430021 -0.001904546819021343 -0.0010715496282331994 -0.0008791104433534394 -0.00044066974592568296 -0.00024915912794957047 -0.00009984011460030051 -0.00005405519276715153 0.000003950373443926741 0.0000014040719834156473 0.000005498030992848183 0.0000020452384194319593 2.65620969767408e-7 -1.6304424352877098e-7 -0.0000012497868029128439 -0.0000022537128732602874 -0.0000035285711058147463 -0.000004429169863570633 -0.0000021643948568331136 0.000004889995762071403 0.00001921643601600346 0.0000344995432679169 0.00005527036721024937 0.00005989168636574359 0.00007134602237992504 0.00005898665198823044 0.000023512025190644243 0.000017535788126209488 0.000004191641515210404 -0.000007428714795920884 0.000008533078474343624 -0.00006554671614504165 -0.00012715180749955473 -0.00020974669964803088 -0.0002508491560753789 -0.0002913839001296363 -0.0002451604390405141 -0.00019294616422843187 -0.00012736731394434754 -0.00008641271624441604 -0.0000336910396747129 -0.00000752552481404416 0.0000069230308909978095 0.000005213266468352537 0.000005323603581734127 0.000013080175666201132 0.000036697716953235866 0.0000819304169288931 0.00014912747478329285 0.00030010746810205796 0.0002811472078828472 0.0005579427679117599 -0.0008524503823393505 -0.005240419576426208 -0.010964811330001897 -0.021774039151379803 -0.026466624010478973 -0.03625144823969364 -0.012614680422837189 0.07131129951145546 0.29752992600854977 0.6311705431044633 1.1607867502132607 1.5805685323174563 1.9422915272218886 1.3530576595246677 -0.03685080553321285 -1.4379972550977143 -0.5344540248293058 1.4056858612765089 0.22008806680063667 2.3091910180368744 1.195279607213406 3.095220086890963 4.860711978718067 4.888255201708665 5.025280920562571 4.086662246716276 3.5745985525937938 2.8506021507868415 2.2853148869312507 1.4932489735104757 1.1883934596363581 0.698590566808255 0.5274619486843175 0.27676335509948746 -0.024785046327378026 -0.10295199296847304 -0.34184213399834507 -0.5142039014370491 -1.3396359267173268 -2.350813994583283 -3.2394769740645684 -2.6358798254243165 -1.5596615748334521 -1.0505813893296745 -0.2117113332449381 -0.20836916949994597 -0.06737069475656647 -0.20918529674822284 -0.6139573320423822 -1.1303193787848198 -1.530631236584579 -1.171296803585734 0.1316388815263244 1.6451072549423726 0.6975304996019476 -0.6414796680479321 -1.1468069505498846 -2.9421705874242616 -2.9877426401887006 -1.0339262036514694 -0.13683112852880686 0.41746198951714997 0.03731759838214502 -0.668149719711912 -1.171812595136163 -1.2737414876597666 -0.7696956491318678 0.32364652099400315 0.30173967603510815 0.4524282943029959 0.47883692792848176 0.25554949776400554 0.21530696005310865 0.17344887118169316 0.10821896804246363 0.05726358683886918 0.025049955710080028 0.014821529169369446 0.003601727477990456 0.0006440692231206095 -0.0009022042053409249 -0.0009845843932201944 -0.000674200089487806 -0.00035356542898957793 -0.00022810088714584812 -0.00010980413043906909 -0.00003869139632985307 -7.449516089079187e-7 0.000004972143048946163 0.0000028263821792734824 0.000001135157919361658 3.418288285878447e-7 -2.4002720236326493e-7 -0.0000010789148322687587 -0.000002212704386946071 -0.000003406678940305127 -0.0000010334177906911182 4.921951671581213e-9 0.000008531074618211214 0.00001896112923920842 0.00004006682713455297 0.00005676317550469668 0.00006884285968864651 0.00006825371241317538 0.000057400925789774546 0.000042086326181914666 0.000016353172162418735 -0.0000015964640690181387 -0.0000067251003177752295 0.000013238709656603609 -0.00006629719869070307 -0.00016242345976999828 -0.00024069078206372948 -0.0003023031513171729 -0.0003411890601718675 -0.00027505990944944893 -0.00022126085618381144 -0.00014640636601898738 -0.00008146586685477974 -0.000047595401859165445 -0.000001271576984156939 0.000007465175195424331 0.0000053890219314393564 0.000008526739854065187 0.000011453645339792659 0.000045627847794923256 0.00009114754560240348 0.0001688725418231038 0.0002411619913968944 0.0003159865872403815 0.0007928712649866236 -0.0016602181424047412 -0.00516195125367448 -0.011304069704230852 -0.019632675850546993 -0.03076629572683969 -0.03934760007984705 -0.0269773747798229 0.07320460323586066 0.2680749089726563 0.6025544592056097 1.1449464534575222 1.4719853766985314 1.7272058220828088 2.0359929838481747 -0.5832741872367897 -2.14564867775683 1.1848405908591668 3.6136422284593204 4.091529542536125 3.076062683867062 2.78326809169555 3.5147521402904425 4.202106779372132 4.588976833394682 4.394954951196014 3.6706226029293125 2.614366021296091 2.40218531091906 1.5159240729241281 0.8724461124486922 0.714158825550862 0.4599005406529989 0.19865778907149595 0.12228654812963291 -0.02183802700884878 -0.13150157001597793 -0.33697584339938597 -0.6559953078173644 -1.4029529000938874 -2.0945283666086665 -2.699003686425362 -2.2267426979222753 -2.138374105585793 -0.8134373926428405 -0.8183910187799549 -0.42075804247054066 -0.3036748750603813 -0.19058712244713855 -0.39704773991686104 -0.43932077321404517 -0.6795906056163528 0.10566096969312558 1.2853465016282155 2.609637110167563 2.0331235618862857 0.7307629041324746 0.050257093769316974 -0.20320836308998333 0.5653269670937084 -2.4818749343536908 -1.4830531285297743 0.0838378503749414 0.39734153670690664 -0.35994821991798936 -1.613967654570101 -3.0502123394199336 -0.809300846431342 -0.09378738519605795 0.035189399150096314 0.10374190235740885 0.15259789171717666 0.15222874659816407 0.23258393219830428 0.21332718027079184 0.10738211806336102 0.043820229337504506 0.02700657148226005 0.012934611178360388 0.004413221311249547 0.0014291971192185258 -0.00012847477981052394 -0.0008093876797503853 -0.00048225623236314476 -0.000358439337281263 -0.000190106936437646 -0.00010360458492803325 -0.000040293206635388754 -0.0000021335008544401546 0.000006100224248325989 0.000002853662087189095 7.70932659417154e-7 1.357291600121118e-7 -3.830777436494032e-7 -0.0000011936150118348482 -0.000001571596548779364 -0.0000022412304168410864 -8.471586220223489e-8 0.0000034034130212735967 0.000013160225641262532 0.00003277472490853275 0.00005533801462549442 0.00007652679381069484 0.00008407766262021994 0.00008792589572307328 0.00007911049347526463 0.00005043865002506782 0.000035730974485185354 0.000012477103901365663 -0.000005011821235175337 0.000012984219276926938 -0.00009317177973007397 -0.00020941060318978853 -0.00029412195475212333 -0.00036442711237422284 -0.00040559851844532586 -0.00034354839149391514 -0.00027135808388512636 -0.00017696782669672704 -0.00010389835231855415 -0.00004621407015722291 -0.00001599314690343706 0.000010640033745771292 0.000006516731841022701 0.000010839933597109233 0.000017137997740763644 0.00004661374700549257 0.00009740180263671287 0.00017705124606639958 0.0002860543937009742 0.00020550036087112355 0.000538225598368748 -0.0019496535485595873 -0.005794070731333172 -0.011226322959657545 -0.021957391800061107 -0.028909185167705225 -0.04351394963193762 -0.029206382170412305 0.07109258142507058 0.19436590702351136 0.5756092526380067 1.0081701016948637 1.416836312480463 1.6395788502433244 1.8460524055869094 1.3238105625956362 0.5004294883850184 0.5658918608382505 1.583788013662207 1.3784143789722902 2.3825988902808093 2.2924677590159814 1.9810844251583082 2.764405212007451 4.308290284036504 4.656597590520608 4.365762760345783 3.4207271158729005 2.705943010220778 1.6532776265664708 1.1083458127297823 0.5263320159133346 0.28558102179563144 0.09345340033863316 0.06748146884233941 0.0023095410938944357 -0.12165740030080818 -0.30022518693444084 -0.7899415464017626 -1.2607084656335126 -2.0026885264664616 -2.117800905837138 -1.1218001787352572 -0.12474528203238561 -0.8829807376334321 -0.23688366980594022 -0.4940420509202544 -0.4529597407268658 -0.28341561564957035 -0.2621778089977463 -0.3505444301847982 -0.3277222984436792 -0.12458386819785297 0.8318102049825135 0.9383202475901388 1.278905251148253 0.6433453151726304 0.4720607142033522 0.5369967768382357 0.8613620838401306 0.6572020421126467 0.6733568505673934 0.4431402315007599 -0.05576108232627752 -0.30187106794209173 -0.792150218934801 -0.6693296143163855 -0.397387133936569 -0.07728399050975357 -0.05261902358580623 -0.0632085248423852 -0.02237004895999076 0.09059979664044546 0.12380698397965324 0.14119496585522942 0.09696142832237513 0.03737186249440315 0.026783981575251865 0.011394596129806355 0.006400683084357183 0.0018615190148923413 0.00029733888601574126 -0.0005993208306962843 -0.0004151656777293342 -0.0003411322280982603 -0.00016382837240136601 -0.00008279278261868987 -0.00002756723390114873 -0.0000034158391734912733 0.000005490171704835691 0.0000018756665965399355 9.235113767902519e-7 4.3839932976317034e-8 -4.189794530541088e-7 -0.000001100574759944212 -0.000001897728539841454 -7.567742018534699e-7 0.00000158575780474691 0.000008633825392524897 0.000019220869974044948 0.00004279121463068447 0.00007892637939049733 0.0001098951631692577 0.00011577211534209527 0.00011738434625028532 0.00010459690487507297 0.00008031917873500562 0.000053223938614985196 0.000018765384870345602 -0.000005066508499288831 0.000009026673742649093 -0.00014368635941919267 -0.00025596461501547254 -0.0003988036929911707 -0.0004953980713626759 -0.0005346202034772752 -0.00042545572837999926 -0.000332638157867384 -0.0001963542016948435 -0.0001221051549620669 -0.00005450832743023128 -0.000025544747928607073 0.000008965203396944413 0.000009847913727409618 0.000015819525075852402 0.000022975031925436137 0.00005986565115667018 0.00010599411600842584 0.00021106538004934985 0.0003348052135390171 0.00007372561938244764 0.000023914801794740673 -0.0019785748663881473 -0.005625256005267757 -0.013665061003778711 -0.021381413227678586 -0.03105575063235852 -0.04961666377126051 -0.027081561176940775 0.06175615315037203 0.11797425413049714 0.45413973616689046 0.7623844450122933 1.0244286763710884 1.370704667549623 1.2019159435720923 0.42527150659128926 -0.31366098209806426 -0.9200359805782481 -1.8605183482554184 -1.132074603326087 -0.9744561264634659 -0.027293145414141184 0.18890303266370934 1.9866594742780344 5.314189144113237 4.03935418409813 3.2436625036766786 3.9134882437938314 2.6894970038556405 1.9177396538981737 1.307515367540077 0.6796387556342774 0.28136279207278947 0.11421035497377216 0.05383034183456925 0.06764278130234534 -0.06539529414788667 -0.2004409687270332 -0.459695490848477 -0.8381660822422229 -1.3712864917961227 -0.7333112453519245 -0.6078070857935068 1.1623024625036695 0.5414807097364629 -0.16389037786356556 -0.3011882917303696 -0.42248844175089223 -0.2254885588585323 -0.20923062714762786 -0.20206786194039222 -0.21074454035799095 -0.22132206464263576 -0.08192673491177985 0.2891294450958004 0.412241727255133 0.49512130760231843 0.41698205945656586 0.7200136134681063 1.1028844439314813 1.2438187692943277 1.796200418923901 0.9282096801637199 0.340865307486224 0.03758672519029532 -0.11815436354547212 0.021934223436014245 -0.08092501583761581 -0.15263903386690983 -0.20939635652856364 -0.23784195705952282 -0.1609466331356648 -0.20157131875831935 0.07995578498862252 0.13181992295399284 0.09409944598742244 0.04151122873750523 0.024862647281074193 0.010450558291269245 0.006808675617189424 0.0021449764616133806 0.000328361489638172 -0.00019015304199414723 -0.0003535601074755088 -0.00026926285739170726 -0.00012431662238455098 -0.00005186539758048361 -0.000022114950636158668 -0.0000015866679360083451 0.000003143584447998623 0.0000013860460017082092 5.901662378991534e-7 4.0076128266079726e-8 -5.611991257317669e-7 -0.0000012313256293596132 -0.0000012079721858455393 -5.387685748702874e-7 0.0000049013691919354614 0.000007997733334605604 0.00003180331516760417 0.0000647726904327523 0.0000975930783479357 0.0001513033915515016 0.00018492872222371242 0.0001716219606874739 0.00016656087355450855 0.00011464335019833612 0.00006823250325626455 0.00003998892956953472 -0.0000029578088331828948 0.000008114074858268388 -0.00019332852258315545 -0.0003481526154914402 -0.0005210366851262422 -0.0006328241385282417 -0.0006721500295551655 -0.0005352845741033604 -0.00040870455467500956 -0.0002616219962630759 -0.00014024067465402102 -0.00006211183639775779 -0.00003101158855590558 0.000008069578040037528 0.000008719277662677836 0.000017789966300091875 0.000035004827285026236 0.00007659310396211945 0.00013821309415026816 0.00029790269127150836 0.00026159970132667257 0.0004321462514149134 -0.00033214090047042487 -0.0036742988086647245 -0.007135486443546488 -0.013908966461711872 -0.021491965826965588 -0.03637606145510621 -0.04640024739945263 -0.02081195099243536 0.030433305118894277 0.13079247189077273 0.2604735571511639 0.5532398994450843 0.7823629002915218 0.8152222474525761 0.502661682729137 -0.14083725737717773 -0.98513526625385 -2.125901316404992 -3.7007731337371186 -4.361160605722923 -3.2441248398573275 -2.110525972656846 -1.9766941090513075 -0.6991390425175844 2.4185591901177306 4.717661883338244 3.9733700800315406 3.2037907464315065 2.6586289686879105 2.13587457961543 1.999482301229942 1.0300207296158668 0.4246244909477578 0.08493541955626704 0.10641336565591573 0.08290507951700105 0.057700909074368395 -0.06756693879181024 -0.230823647975598 -0.5414161505464024 -0.21574501961654238 0.2915280374750636 -0.04031596952444655 0.9061034518217048 1.496322474057315 0.6670461148540712 0.06918175921476792 -0.2363948064412192 -0.1392832312610326 -0.14827677269664355 -0.1677825587284807 -0.27370526210386065 -0.2475155077705219 -0.2835069689467638 -0.1563683077590382 0.011502103270287438 0.18067140761395095 0.35934149322524483 0.615950955394961 0.8766653676760372 0.9994738956194854 1.1391679141460305 0.828828127975485 0.5381077845519563 0.17434414973162426 0.009163753119252063 -0.036359044394766005 -0.13224732551408025 -0.2066670747511153 -0.28406106408597476 -0.27924894348094265 -0.27657236523935375 -0.3030748131977555 0.04771297093304956 0.10011522149989262 0.05573052514379293 0.034230322969134655 0.018994760639363825 0.011632817173611509 0.006478795693270952 0.0028048910205787717 0.0006449997819919237 0.00011478283396514165 -0.000298957840663398 -0.00018703692143953602 -0.0000851363130468613 -0.000035235894887783414 -0.000011653078646742823 -0.0000020361458006547094 0.0000022317154241741227 0.0000016895330113932457 0.0000010673972134034753 1.1309317822396932e-7 -5.65499828273313e-7 -0.000001542505507603564 -0.0000012616528935047017 1.22448436106941e-7 0.000004384311255792107 0.000012570754521835856 0.00004222015840791269 0.00007541989295075056 0.00012271960476193218 0.00016636182841957005 0.00021752560116925534 0.00028561736596383487 0.00021684754006800886 0.00014507028778748763 0.00008762212348992824 0.000050235838248572804 -0.0000029234655128872855 0.000006930643967571542 -0.00024876804284861427 -0.0004365422183051281 -0.0006366183950318138 -0.000787802423359242 -0.0007767775971098335 -0.0006313165546936691 -0.0005147841635521104 -0.00030041112075713204 -0.0001770264175930184 -0.00008050223325188651 -0.00001912519019599367 0.0000014626700279990997 0.000010843903322330427 0.00002160576157080961 0.00004267944215017591 0.0000958188507561717 0.0001647085895126769 0.0002456795553794709 0.00013349850605354799 0.00015398849792938553 -0.0015199067174231364 -0.005320366153187693 -0.010170125735297237 -0.01841115462017131 -0.027442386199525767 -0.03670475754334059 -0.011399433008783991 0.010038090946527219 0.04383724536398438 0.15993750837923373 0.26388472964931403 0.4592812208136786 0.6737527622678564 0.5002801787164427 0.3115172184332822 -0.3887623323923118 -1.2751713123771624 -2.2185615611701 -3.238443785975234 -3.706584348754137 -4.333894939122448 -4.234203452116135 -3.3840209559145187 -0.3337466282414061 1.7388256587281268 2.5448297913033358 2.7266845320592172 2.51900653781418 1.9623361766268566 2.522441170655003 2.4189929305488995 1.038565934209943 0.5298340407258031 0.08612444501462121 0.09717911664741541 0.12708528344477374 0.134207110469501 0.0627418461879905 0.00464605113912443 -0.16407290578074116 0.006963700107585414 0.634950286812966 0.3335114288736055 2.0796992882486274 2.1691178616364146 1.0901547312656394 0.3711324737889775 -0.050634268092247775 -0.09096397835763656 -0.08874553075413208 -0.19233072008123558 -0.2371356662357933 -0.35901610626471653 -0.5435404266804699 -0.4376419484020738 -0.3541715064513087 -0.06970581208193005 0.2067203505914738 0.38552162405110335 0.5777187200727221 0.6317106975772006 0.25072384937807785 -0.05777908186249411 0.004387849973294089 0.01251712508113952 0.02124513377394268 -0.11151481166665446 -0.16641427030164732 -0.2958918537968154 -0.3201978628887508 -0.2649812786526463 -0.30317652475522616 -0.26434739169432453 -0.13696152682369178 -0.02089113739164037 0.029038902849480235 0.017371429819046123 0.011286802416274028 0.01208082166318448 0.0068757130485795626 0.002740331396203001 0.0011426595328885222 -0.00004602481807771003 -0.00021927564690659088 -0.00021432554222179624 -0.00009240910158298684 -0.00002719697056511079 -0.000002912401059149686 9.590490776981835e-7 0.000003869642482532786 0.0000030581983021335565 0.0000012006780138498383 1.2150516810128855e-7 -4.725564285358081e-7 -0.0000013333710988936356 -0.0000018817169395577429 -5.409840794660305e-7 0.00000494924350167145 0.000017733185286157796 0.00004618634009721586 0.00008563616733649 0.00012988932846320637 0.00018034409364051478 0.00022794451728274704 0.0002518657275310943 0.0002107664644470148 0.0001631833371150267 0.0001018822983979059 0.000058304049044817215 -0.0000027795171257762125 0.0000022497804421508007 -0.0002729468416985187 -0.0004512260705133015 -0.0006471394572129576 -0.0008015051324667238 -0.0008297567424811103 -0.0007038805559962999 -0.0005413195146078467 -0.0003301293517765884 -0.00018888559950314522 -0.0001009851820478968 -0.000021149105829265358 5.386209254160861e-7 0.0000152916627551737 0.000027119302802391036 0.00005468066971775691 0.00011278217325414588 0.00016070016367457693 0.00019616439919500144 -0.0000640106507736709 -0.0005909682494380342 -0.002847910136923387 -0.006930720687414021 -0.014745761052125089 -0.022708265931123735 -0.02726434681594392 -0.02601905897543277 0.022416335782049726 0.058273360170333174 0.15468641226305985 0.2668682949413416 0.3890283096970158 0.4904956833446268 0.5102693839564422 0.46699353008664035 0.003104680832633098 -0.6838804585943904 -1.7257286626202029 -2.789136863545847 -4.120438406350888 -4.648074986050466 -5.195126675772502 -5.478408573667656 -4.176331964606881 -1.6823120828219806 0.9517919328431033 3.2791362937117325 2.0534087234729186 2.2891829414520464 2.704114599469189 2.5207469929318087 1.6156013423614648 1.0659853027139987 0.4000411288831597 0.14358744032693896 0.10667055849541619 0.1242819262330328 0.178024755526485 0.1495891893332437 0.09508167325850608 -0.24066347182115524 -0.2580171574101873 0.2402031138597945 0.853996779091688 2.298984345976806 2.703331289606344 1.4472629725076436 0.6370979194976164 -0.11967342959124327 -0.13654323456218656 -0.13712841146870894 -0.17820793951640446 -0.3220659964800221 -0.5803298636330328 -0.6525454439721692 -0.7233084572649027 -0.5023309474780714 -0.28207699183586027 -0.02822199050573069 0.12431287329006696 0.22397643734347955 0.13292346457007242 -0.0064111089812042416 -0.4141550592674384 -0.44164487108646305 -0.4822733302505469 -0.5031425748917883 -0.243075055728345 -0.22319802188193819 -0.2902285088740831 -0.30838887194613956 -0.22001021688531772 -0.28930152079816623 -0.22077402615948644 -0.2729573002393588 -0.21700541880305513 -0.03154574525124599 0.008236475147364598 0.012051903907111786 0.007981135279472005 0.006824762004414879 0.002456732061360018 0.0011552952362989793 -0.0000367662501032283 -0.00025063667190763884 -0.00020988056279544424 -0.00009208351150121101 -0.000026350588743296407 0.000001966568979082307 0.000006248604175280327 0.000007069230306129954 0.0000035382496873159816 0.0000021527531829843723 4.163083510405271e-7 -4.628276842686811e-7 -0.0000015216242058569155 -0.0000025969108954992204 -0.000003081676389101835 0.0000064603464940101035 0.000017454844804267895 0.000038769177913294924 0.00008763915033852278 0.0001325405838704887 0.00018610151839719245 0.00022014442236623565 0.00021985807085503047 0.00020307070701553633 0.00015351978180693288 0.00010037869531413691 0.000058752576315236306 -0.000003326598586811414 -6.181219418724487e-7 -0.0002896664122971056 -0.0004717111974281351 -0.0006691409893434655 -0.0007872639503582296 -0.0008410685298450993 -0.0007098042851810988 -0.000549158150855305 -0.0003533637506666915 -0.0001911280227365952 -0.00009461786521382728 -0.000023873846658442604 0.0000015691198611769567 0.00002060402818482188 0.000032057816947616145 0.000056903217340123 0.00007650333782384691 0.00027149503799812647 -0.000008833442441373403 0.0002591876664359566 -0.0016577959213659942 -0.004508983665814223 -0.008543145682499947 -0.017757848622949546 -0.023907643379219724 -0.017437863527734042 0.016443788356675666 0.060550528598883546 0.1335714193385105 0.29711455819348803 0.4011719030882857 0.4794890051373262 0.6881805187198454 0.5011317576625411 0.31085960244430433 -0.3819568273413041 -1.0618391589172391 -2.1459406676142794 -3.3709100215956296 -4.706383475850712 -5.33367013872627 -6.575181024507533 -5.99094301409113 -5.93248056260624 -3.548743782636277 -1.6858220859388644 0.49044930414686533 2.3023332532691487 2.5799539617955234 3.2134431879986978 2.759988253474529 1.622286365520573 0.8087343672887772 0.3285583113943652 0.1566772934926878 0.14421070889555052 0.11153225537164072 0.1508774984479542 0.1283626360213424 0.21723295387083383 -0.0429768729145447 0.17177605360532922 0.25777535636902965 0.48697396257711034 2.027289705419819 2.265979362038945 1.7473935820540938 0.905250909142878 0.05542008177874749 -0.2494840858701089 -0.25186486929769536 -0.22091468053738603 -0.41271786982252945 -0.5938607830342517 -0.7853076104105332 -0.6948406013110281 -0.6291269697309413 -0.4118172403052274 -0.18607198128110114 -0.08372477373638328 -0.10702055618802365 -0.26472073023205983 -0.6520456634282844 -0.8913217948903954 -0.981169716279738 -0.8511250159611211 -0.45080740136766423 -0.363427324503037 -0.2786524973281751 -0.3519247560060435 -0.3584187942395481 -0.0768070084876809 -0.032568216675010093 -0.07955162451415324 -0.10278593898748305 -0.10871705802011784 -0.012612836901597183 0.004182691668195053 0.014191539299569057 0.006472333130371861 0.0043138470904902975 0.0014364540379423745 0.0006278687110585486 -0.0006246685629274793 -0.00044027011881418303 -0.00019139012827593433 -0.00008576295184129987 -0.0000354732789660493 -0.000004122834598541702 0.000012358638196191909 0.0000096048854376651 0.000004911569048480008 0.0000029428670213693376 0.0000011210167797375143 -2.7864098615316033e-7 -0.000001542458555299073 -0.0000028011715078783546 -0.0000031532069797770424 0.0000016545358473193633 0.00001870921231211065 0.00003441364492278468 0.00008361261417366917 0.00012667322128684247 0.00017356159884424863 0.00020885972620508423 0.00020202571386591415 0.00019150215762174391 0.00014611451571216297 0.00009297924047344149 0.000048864915521945295 -0.000004321673214917261 5.442771366226298e-7 -0.00027698225550265446 -0.0004483335273216959 -0.0006185394352285068 -0.0007576061271901334 -0.000801340776262858 -0.0006653648164289273 -0.000506809046932728 -0.00033804905923894734 -0.00017077022278778482 -0.00007950334309676003 -0.000027431056252229636 0.0000036288457070497096 0.000023902262227950748 0.000033298829653528575 0.00005715502456839133 0.00010975489114465367 0.0001541695244851125 -0.0000441041002373966 0.00014698051659104897 -0.0028407797530680626 -0.005387985199764447 -0.010211277521427567 -0.018012683487658093 -0.02435595700245469 -0.004098810978800983 0.039225658799461514 0.09089724842563003 0.2900326409641209 0.41223474052701076 0.5872747914662092 0.7068059306340146 0.4942703780033508 0.4719325048932154 0.016255743845970057 -0.6066429588375721 -1.47863931499178 -2.7956044162102023 -3.980635466987538 -5.374752937765001 -5.820066621079202 -7.402370326194973 -6.342841008627747 -5.61996098165086 -3.8779451986745364 -2.1876789324715995 -0.40341182009251714 2.0032922059627976 4.446803004064256 3.1001864240645216 2.1271878891393112 1.2265347504047386 0.8142231564062856 0.45193106644615855 0.14769070246645694 0.12518730587972987 0.14813934940505602 0.13491509769758075 0.1433050275758548 0.11905098632893328 0.13866663758111508 0.48910052258000486 1.225773608807033 2.844114849555747 2.6382577971267565 2.596918884070413 2.0409585668137336 1.2853560230502339 0.25210771777431207 0.023608808628248757 -0.06816973548344327 -0.11468463362450275 -0.17464112468224113 -0.3784538555238171 -0.6281330952912316 -0.5738482111846092 -0.5341921532879772 -0.5845254195943732 -0.6199385167924836 -0.44456411082841457 -0.43466196917079425 -0.5424759526317116 -0.6784968061127304 -1.3860046838116742 -1.258043048234914 -0.4419649460805245 -0.21214572478413105 -0.27514755714246275 -0.10564073593376559 -0.27781802082564744 -0.10542952483347931 0.11957319074610608 0.15182516704769963 0.04542116829263134 -0.024344130925343932 -0.00607632593956439 0.010164113440859721 0.015082340930443331 0.013405550601219982 0.004013887227834375 0.0013095926636967536 -0.00004858074983681105 -0.0009217461327356553 -0.0008452579687856443 -0.0005220804345647328 -0.00026456118186289195 -0.0000614092922387283 -0.00003054913314644282 -0.000011195785889283523 0.00002349662498253155 0.00001010098015756027 0.00000940159322790406 0.0000037948652869078253 0.0000019953202566235064 -1.5942836082672303e-7 -0.0000014616455745442511 -0.000004002633134438561 -0.0000032708222090767637 -0.000001031298745567797 0.000014240969653018478 0.00003114007735609414 0.00006867213729043257 0.00011925278134734977 0.00016241459990312982 0.00021043266620259562 0.0001851555424364451 0.0001808918955279138 0.00013341780675142097 0.00008685414234652154 0.000037470681899396106 -0.000006627380188225636 -4.858858953751759e-7 -0.00024168617485524174 -0.0004123960650001926 -0.0005206454754328787 -0.0006530837716555524 -0.000692259525418678 -0.0005680621775225583 -0.000456559586072456 -0.0002789550737115221 -0.0001449979252266158 -0.0000674484591328117 -0.000025387461229857905 0.000010881851595884567 0.000023386180692532103 0.000041868255184447486 0.00006161886249701049 0.00011100573578212616 0.00023689609064368313 -0.00009230563649587816 -0.0009314260058013667 -0.002770168331625587 -0.006487456501842198 -0.011953014863741838 -0.02101223315543435 -0.01571633605011657 0.02102237622431274 0.05165458563908259 0.19295290099261891 0.3815481891276487 0.5882756763989394 0.7173271883509043 0.49048706713703744 0.36188373401449836 -0.023293702032256478 -0.7830316444445293 -1.491935002381059 -2.105823140268564 -3.4179070633918056 -5.079836868112386 -5.4441565459793795 -6.680569070335114 -6.0585535967030335 -5.359226319390356 -6.041324384746563 -4.15162380145892 -2.2979286054143637 -0.47298304843968775 1.782806468867072 2.7791146245536993 2.1332456893919396 1.858671173320304 1.2756768329322135 0.921107976982397 0.7206327602495165 0.5690880326554949 0.3647542480153162 0.20416001135022382 0.11323039984000359 0.07219743772000614 -0.06561098868293012 0.06318899159818585 0.3290543891077607 1.6588096659943818 3.2459716913418575 2.6826215274724157 2.8737130091398506 1.5665761432602663 1.0188598302625875 0.4021759393006185 0.06672062050222213 0.05500700166276675 0.19915693953286032 0.04092843283295736 -0.07823508746559442 -0.3158514748636434 -0.41471628205751276 -0.6327320176483364 -0.8720542298860784 -1.1227740488320315 -1.0132095148267897 -0.673896718572262 -0.6512634449353597 -0.8408833834484445 -1.3374122460160085 -0.6119246213401414 -0.2970941337933037 0.4958875009768647 0.5675542726641003 -0.2682486258091118 -0.24099032673590803 0.19992122661613765 0.4257298613283269 0.3750738178844691 0.1873211839374134 -0.04282187168439727 -0.03108796972799142 0.041935455900228236 0.041814242772350435 0.01910027108558948 0.007396995960814801 -0.0029709724520383322 -0.003471992281824541 -0.002735840745930106 -0.0015803738053155136 -0.0010930325051893685 -0.0004494021249733469 -0.00020255958184392517 -0.0000970961827824951 0.000010077241465177494 0.000020577950054561253 0.000013745707821691614 0.000009256240824992595 0.0000058112184332363855 0.0000028922147329618496 2.7654926657177716e-7 -0.0000012995710453127293 -0.0000043548237452602215 -0.0000024216176211141213 -0.000002748055706644757 0.000006128630472763426 0.0000351611680607737 0.00006280829987615014 0.00011281057771305579 0.00016192861462622826 0.00020258187495651966 0.0001931268220835436 0.000178263132288915 0.00013024105863761667 0.00007741146748728907 0.00002884891306363814 -0.000008102445158847745 5.030681495266784e-7 -0.00017823947147244852 -0.00031084488805119525 -0.0004132816799826506 -0.0005514795490812647 -0.0005305538674751578 -0.0004660071942096875 -0.00036725111727522797 -0.00021505937329486534 -0.00010305558159393829 -0.000045992396908647506 -0.000010204893015780619 0.000011060828370687663 0.00003083381741580023 0.00004979842383006411 0.00007573660970860914 0.00013010685781908546 0.000051232125833231333 -0.00022983780074013554 -0.0011047146043956443 -0.0034434732799347584 -0.007406384988096385 -0.015720188966249722 -0.01280789330288606 -0.004129424551638353 0.027333301212573144 0.10156795782880758 0.26864991850979236 0.4186130065547181 0.746790697522601 0.5713729205446952 0.4513241670557938 -0.11432133017518345 -0.9710481115704472 -1.3999764159259858 -1.7232236251249564 -2.221907057205336 -2.992675629986223 -4.40834697042371 -4.277008661567606 -4.401288749279742 -4.554699458377589 -3.601775273101608 -4.726919838414811 -4.310460768652025 -2.2204947158969417 -0.5363047662112304 1.4469298148188345 2.499639605450337 2.409383595084049 2.0460003158192497 1.5837134097398122 1.261724613349397 1.197747129715279 1.0447161324832812 0.6953613174880582 0.503774611539868 0.2213346256747003 -0.03255458875964877 -0.2552323249980858 -0.40211157567959416 0.08468179533137496 -0.6154225374196032 -1.5913713202049444 -0.13766296454332755 2.092026640126101 1.915879162041423 0.8635911096412783 0.1299847996191146 0.32903602819853434 0.5128959290266447 0.9409082056223831 0.774643234897621 0.35297538758315056 0.17115021884278386 -0.18279653831236858 -0.46437270174921624 -1.1192072362167904 -1.4946162689487625 -2.180454846602379 -1.1402640518811789 -0.8571295359924693 -0.7260875895836729 -0.9349624847883882 -0.640280277675759 0.1926393884031388 -0.2654129596924138 -0.35339280190309785 -0.0714368260817221 0.07956114051178269 0.5409807781084898 0.8025729849313403 0.5569911822598758 0.2841354419187102 -0.1727143362773886 -0.06459907178879448 0.05961325907578897 0.060774738934097725 0.04307631344378424 0.015700557960477122 -0.0038667212157439484 -0.005540603426815221 -0.00574775648941219 -0.002613627726010685 -0.0014383291591870582 -0.0006806807623010878 -0.00024434526864753275 -0.00015894589121022751 -0.0000060858582932301785 0.000018123234551051483 0.000014212594688276712 0.000011029557912744085 0.0000067973244284873245 0.0000035387960913758597 7.503009724943688e-7 -0.000001406698155577071 -0.0000038341373621454416 -0.0000030551523370844557 -0.0000016768787626313324 0.000010943641157947647 0.00003194301093634574 0.00007006571489131162 0.00012241065654211146 0.00017431126613122924 0.00021093710759711483 0.00020967248646054835 0.0001805614951824076 0.00012279979783135395 0.00006244714118659413 0.000023566459765655416 -0.000009047854428341766 0.000004380018517878218 -0.00009548885879375946 -0.00020531861273253516 -0.0003005460627372546 -0.0003652261418320694 -0.0003658531146298581 -0.00030170868837726804 -0.0002255860399747561 -0.00014327983083323257 -0.00006563822734368854 -0.00003066082605546332 0.0000018592946766176038 0.00001323091646919846 0.00003437958666974997 0.00005474478854492078 0.00009523567554754586 0.00008218309201365816 0.00017763624072592257 -0.0004101667526826228 -0.0009025362194695927 -0.0044007569467347 -0.008834138263463794 -0.012089364371592536 -0.010445114069459104 -0.0007321615510085234 0.0440881676492757 0.14415088761438413 0.31075766784301523 0.5049319402395003 0.7104320242704406 0.6502614464711178 0.2844513117103709 -0.47475717752067753 -1.3995736834148338 -1.7099455404699873 -1.8808474054402597 -1.953073436831895 -2.3454406341594285 -2.4909534418054013 -2.9437649224725924 -3.058997873775766 -3.1750679361095426 -2.847722858353708 -2.4597238370831342 -1.9128269201999746 -1.39894851580862 -1.305657452108857 1.190808338533646 2.0187765764773236 3.0803165363355043 2.3936086921931508 1.8910446209371508 2.70714532378832 2.903547490673332 1.7229293789019475 1.251616042648091 0.7256075165631382 0.3130295946069486 -0.07517215873431675 -0.5578160837013915 -0.6605793285784796 -1.9047670210997878 -3.191469007138724 -4.569168404063381 -3.554660824579965 -0.3967826528765757 0.27477052126984514 0.4141934313879603 -0.5439093905711401 -0.2807217014906536 1.2231127261895216 1.8821832165996324 1.492103446481805 1.0462142188263075 0.5383390032785776 0.0504319325967413 -0.3834605530158538 -1.2126110966295718 -2.007277514021508 -1.6158066800711977 -1.0550781131531664 -0.7162209457010342 -0.5201074104336801 -0.722569528492074 -1.2107192928930255 -1.2000559230501495 0.589196061205458 0.11006540782729082 0.25020943737624557 0.7167443480282341 0.8873844274649684 1.0961570698043288 0.740465226573106 0.4859582472708505 0.19322543341512582 0.09814375184021734 0.15493520292326415 0.12159955008756816 0.06447079726091276 0.028189141993861317 0.0004145767736900754 -0.010085264239362119 -0.006906670995383595 -0.003394252314912145 -0.0017164860072867794 -0.0007862781866865352 -0.0003875373802110925 -0.00014227073925222693 -0.00003961546336930104 0.000013018842010200672 0.000016812391448020477 0.00001296625053120174 0.000008003554227010608 0.0000037423840937218806 8.697029259123657e-7 -0.0000011817613427454043 -0.0000032185559856308484 -0.000004545342627910564 0.000002153281205205658 0.000009565526784020878 0.000035535017960077643 0.00008384712324981857 0.0001371336704224029 0.00020488631560915656 0.00024217592584203427 0.0002567067814901669 0.00021169512806556192 0.00015798123765711764 0.00008648408464806916 0.000028397829447361936 -0.00001166815395603146 0.000004605283714343087 -0.00006891001952849583 -0.00011723484170384513 -0.00019080711866281726 -0.0002310204553248897 -0.00024036456751565317 -0.00019432441058392827 -0.00014894054193152013 -0.00007699457097019063 -0.00005018869455186621 -0.00001629847896252602 -9.367463432994716e-7 0.000015899336803401725 0.000035702199260444595 0.00005830205353654749 0.00008656263588269545 0.00010838783638008325 0.00005514190859111011 -0.0002596067230088664 -0.0011295679736713325 -0.004298242806360812 -0.009540454981268582 -0.011461703054471856 -0.013071834168436674 0.003165081484276152 0.050974827500199174 0.15577426074163914 0.30189737211381124 0.5814939069753188 0.6476632438292531 0.8574701279802444 0.11479796893326764 -0.5780924499952095 -1.4357656812405895 -2.148873889943865 -2.235537864597594 -1.918270913696124 -1.5343906246782724 -1.57055767699103 -1.8827384405477106 -2.205394999420353 -2.1753381497810005 -1.7671636828989938 -1.4834728665969452 -0.8420719832581175 -0.13351049052126363 0.5790934274668155 2.0671877076267453 2.056755952758987 4.072122050587289 3.7582846371961627 2.8412792529779787 3.7422202920864014 3.3228729321646 2.1073916735301403 1.5390321273469245 1.0308931376907748 0.6384388695384182 0.05254647421902987 -0.6279813012105708 -1.3387882924023606 -2.5494287592278533 -4.2337151006533995 -5.099706683555456 -4.3512770732559405 -2.811423999253681 -1.0746818282363846 -0.7707666775240146 -1.7652951934266978 0.8980150681660393 2.873340269251584 3.416934640197896 2.69056278762495 1.912966774319921 1.0717253085875589 0.5213671123771082 -0.051800068104042744 -0.7397653199697259 -0.7067651336465026 -1.4166940144439404 -0.6995914847952688 -0.3014806646664966 -0.4585411119191255 -0.683337584136063 -1.2585198525204295 0.9511233011060667 2.2763911639077903 0.5143026132804929 0.5591768777068973 1.012855169879554 1.2575594193428963 1.1949829131286194 0.844559739395863 0.6350053844782141 0.3381919950163196 0.3445623713121859 0.25797232530520353 0.18572785316337756 0.0894848043199108 0.04405505059460406 0.009540789113103512 -0.012461541093601623 -0.00853068236715646 -0.004434987414739805 -0.002146704483676963 -0.0009439790599065028 -0.0003444756378926184 -0.00013766402079895697 -0.000053357089810816564 0.000005103931231526436 0.000010971740739508201 0.000011854653444091756 0.000009149155835830881 0.0000046922563170811 8.514947234387214e-7 -0.000001287829898421623 -0.0000023463648208779183 -0.0000039025486271815876 0.0000056299389802925445 0.00000410745744730749 0.00005643037512318424 0.00009928455195259174 0.0001694189298358394 0.00025177975077110337 0.0002848694245498738 0.00030891301496995617 0.0002556425976397334 0.00018562700404130503 0.00010674288185267666 0.00004326862396278164 -0.000012099705552061554 0.000007878565596868914 -0.000023558552009529196 -0.00006888408586538227 -0.00009769210900404356 -0.00010622067844702555 -0.0001175061784047393 -0.00010334052701927628 -0.00006711525510079294 -0.0000462422910621549 -0.000028369215432682414 -0.000005704241709382176 0.000004698509281398201 0.000016484739868269268 0.0000390879053252278 0.00007249688996845973 0.00008213809864936532 0.00006945602321548012 0.00013493388498216172 -0.00035044168532976695 -0.0012965561317452917 -0.0032093455576261516 -0.009326110375303 -0.011991920161318108 -0.01610933051066864 0.002196193929511265 0.04289930650358065 0.15006610206362658 0.3173908838811775 0.5011646582917647 0.7561844611989372 0.7324889737195106 0.09890427231596285 -0.754376010139984 -1.5646675607203557 -2.2344590860331413 -2.928159730688231 -2.735656279661152 -2.8599862489079393 -3.047424955558254 -2.486794877798199 -1.8211793827402603 -2.925070170176606 -2.484769958065166 -1.2667632365855173 -0.3683802893849971 0.42449653396137055 0.671477280321642 1.7544572072234885 2.9733396325305215 2.9264796802543622 3.8315506233175474 3.4074917451095397 3.3244102296213662 2.3499843745234283 1.9543493828119818 1.6360876816742855 1.4917823089026738 0.7879296978886353 0.19641511119638932 -0.5257166090288776 -2.0123004816227326 -3.2362466004881503 -4.167009734547262 -3.4314991728283544 -1.3788076366406714 -2.5606760277805916 -2.168505262572288 -1.9506454566193991 -0.060204879350833844 1.0030244462078672 1.7064775413854485 3.056650185249658 3.614720348834738 2.4462137163247846 1.8566839412230032 1.1119096656838572 0.4286238126150478 -0.22264882778972453 -0.17504263642431145 -0.12750112377950523 0.41248707661943534 0.6043353030859392 0.19567991007943877 -0.40295517044603685 -0.4045254511498248 1.1801293408738824 2.0621848044142617 0.8662248966419066 0.7071594558924026 1.3192347456761124 1.2004639209197216 1.3351688434472826 1.0379506590639538 0.9002466303335189 1.358439768359681 0.8697169441657968 0.4179162803325172 0.22988124345780894 0.12460259808564296 0.049331378163917396 0.014713430181207144 -0.00837111223292536 -0.0067889391482107726 -0.005470041341504938 -0.0024487017416551966 -0.0012785311531604297 -0.00035757326832827103 -0.00020207880168283585 -0.000028883709207903645 0.000015166746482380013 0.00000868796358710703 0.000012855994365248671 0.000008052927196879091 0.000005457684822500297 0.000001092469265326658 -0.0000023157714304945997 -0.0000013109078279938612 -0.000002490751716566643 0.000005046035961676571 0.000018682652724890358 0.00006401367771612433 0.00011783740030652724 0.00019054400931978568 0.00029344629855120936 0.00031860910446606603 0.00035639393286939847 0.0002893692720769055 0.00021071188970483412 0.00011760689560546315 0.00005547095525182545 -0.000013440660292793717 0.000004143058430414687 -0.000002504481616851952 -0.00001719441858129805 -0.00005018973043344761 -0.00007508095735531493 -0.00007326400254002198 -0.00006381763534539598 -0.00005017818112150493 -0.00003456545859677727 -0.000013706954306753317 -0.00000546954126906183 0.0000031792156546136654 0.000016849962360677145 0.00003866423283283956 0.00006770697304255916 0.00009382252104439644 0.00006810728466495563 0.00010869775399819215 -0.000014771817736641243 -0.0015361890669939727 -0.0025213222863989296 -0.007772852483178852 -0.013134426103100094 -0.01588989031112653 -0.00527956423668768 0.02258903095932122 0.12408093633387579 0.2898021331981074 0.47632366215528393 0.820696198530132 0.6142355729844386 0.21596012639860637 -0.4630533178385376 -1.3870883988727847 -2.197172981910384 -2.6477916817913503 -4.040189645482055 -4.824940832983954 -4.862915429462312 -4.248943284860259 -3.3248723160544773 -2.576091708652582 -2.704998001466593 -1.1446466166804683 -0.2957948784818787 -0.34656771160382943 -0.21384776144411144 0.7445139083740767 2.351352808188805 4.428407053403112 5.429180367534815 4.198683725524184 2.076394274005724 1.6306320069300813 1.2668522693501314 1.2929106125379537 1.5266314454898713 0.9403732942374208 0.34494273789308966 -0.4442202393692369 -1.5415534785612108 -2.7663705044650357 -3.5895884471225896 -0.599525546230392 -2.811938027228025 -3.16913121442016 -2.5593158502100417 -1.8825855344320213 -0.3943709411270954 0.9913770182977191 2.094077262707106 2.258610767685425 3.6883438914291538 2.655160979652149 2.482658510317612 1.6100104532272814 0.876970791197245 0.27001763170345416 -0.003072726340585888 0.4081971235232879 -0.40534289110217897 -0.5322219335637651 0.741536368258911 -0.2608187324191743 -0.009857686870949262 1.0667837226924866 2.2413204504202415 0.928752140836022 0.5093827249680454 1.0605437695699615 1.6227080154371558 1.440607754721326 1.1070498460609834 0.9781695487659242 1.5681073886183994 1.008648313149279 0.4434417982138068 0.25342134154023577 0.14029548913647408 0.06798804464910849 0.01515086808615248 -0.00636741679500125 -0.006368784485764403 -0.004348719968837904 -0.0031987732379767948 -0.001079650376099161 -0.0004947655384799431 -0.00014151423678638163 -0.00006639097638572782 0.00000776737522300662 0.00001052997377563576 0.000010008338359177305 0.000009078081788146288 0.000004692689690607648 9.967694805683506e-7 -0.000002214451484520956 -0.000002857007959567054 4.4093453841935015e-7 0.00000525928041476035 0.00002718413015387994 0.000056678293631969266 0.00012929576089261628 0.00022131667364690182 0.00031370728086828196 0.00037442933652364 0.00037881862181693155 0.0002980595037353444 0.00023439591584944978 0.00012711354094744037 0.00005598845190000894 -0.000016946904306000654 9.886683016772023e-7 -0.000016620465587586527 -0.0000271380985229001 -0.00003655109145952262 -0.000056990403064163604 -0.000054983883931469285 -0.00005437871102596749 -0.00004137900182475944 -0.00002527308812474017 -0.00001614018606864913 -0.000002100848742088199 0.0000036373552060084907 0.000013020040658793268 0.00003392810586971333 0.00005878165865860682 0.00009548139194930373 0.00007274887785475371 0.00006298830516877271 -0.00007231975055717348 -0.0009605778550362586 -0.0023280761808155224 -0.005597141102395216 -0.0103740947609561 -0.014386230051130185 -0.01009522532808453 0.02489981424868041 0.06966404331098375 0.20211018410103357 0.40047493789020294 0.5732430913244096 0.6932675097491086 0.38643097095439616 -0.1707638457153088 -0.8094281105072388 -1.7481018103935118 -3.1788145190397477 -4.888110896632368 -6.707336396656058 -8.069609445115569 -6.707586834523444 -4.938273529957211 -2.699913609960895 -1.7024408010795393 -0.6291994251907318 -0.015336577652788312 0.19113278261629316 -0.21096641073872507 -0.01688972032592756 2.5662744277160368 6.075456135009716 6.242529221096726 5.015698116300546 0.7277459900977017 0.07250204291512673 0.13276985518129525 1.123423942757108 1.2191188412850338 0.996124109642085 0.18708198714375449 -0.4504245998736758 -1.3320411235427976 -2.1216417149303943 -2.4838902837416588 -4.540178348300136 -5.778683031528715 -4.393076175971256 -2.2811600081457657 -1.2443215070776263 0.866540515683249 0.6293774451370178 1.1401923285961675 2.1244758202230214 3.0623790400472757 2.8137696980606908 2.8173206770509287 2.03858092297008 1.1234758965968275 0.5081457092066097 0.17952935790399463 0.5140150294311805 0.4954358063397595 0.41531774976809943 0.7341242765661481 -0.03203601360131288 0.16253320592497256 1.6682267072154775 2.9206294816903573 0.7023939909251761 0.7277389097395437 1.0262204738728253 1.5953986240093254 1.5903362360074782 1.1817152679370433 0.9228298197321534 0.7590432959332881 0.6126200738970948 0.40204490354353484 0.2664349687061171 0.15524376467002493 0.06737083400963952 0.010620620128575911 -0.00020220170073517686 -0.006443613126317122 -0.0043543973959708545 -0.0029206078877959253 -0.0013574980542951356 -0.0005974513787009746 -0.0000794980323591494 -0.000011442164633466185 1.787508419847196e-7 0.000018560884679961096 0.00000943454930606691 0.000008109201630105763 0.000003690840994430706 9.146084349164377e-7 -0.000001432774566290199 -0.00000404151776106249 -0.000001444149831547268 0.0000060614035042185295 0.00001664826575981812 0.00006002114713326127 0.0001272939836430071 0.0002120399246941666 0.00031036986502591793 0.0003817160891765243 0.00035480361017501734 0.00030655355560938634 0.00023157596520897696 0.00012502915266281636 0.00004839595819308911 -0.000017340226233616273 -3.7277717312486986e-7 -0.000021724906370418264 -0.00003394337335539031 -0.00005013106604404461 -0.00006239156555883549 -0.000058680322871110165 -0.000055632668979082584 -0.00004216946488640752 -0.000027605171594341208 -0.000013037441111067971 -0.0000035146481649972653 9.763470767899327e-7 0.000010506180277508261 0.000027221283017540636 0.00004731650209093034 0.00007613568389599969 0.00007390232605659225 0.00009219521176571902 -0.00006678190707045322 -0.0004835593566268729 -0.0022530537563633245 -0.004571939528425635 -0.008999697762654309 -0.009935671261556098 -0.015560583777229343 -0.000049620766257764924 0.062223191268992395 0.12455024188313603 0.27841000357808987 0.42056423867402026 0.5356403279553111 0.5443152329695385 0.17880811066730345 -0.3781049558637122 -1.3498800391570518 -3.0483730352739435 -5.019073153633366 -7.287280888949482 -8.54154504018152 -8.846549409130972 -5.669438834871984 -3.327197295445909 -1.4570395954889572 -0.739595659909796 0.058771769572110194 0.18727317879793204 0.6228370736427108 0.9309759405090021 1.828856639420983 7.918473207080387 8.866060143634416 5.14889115302258 1.7329101408404248 -0.11971344274109756 0.8199047584166981 1.2668143566296497 1.0352633346975377 0.6320003436988707 -0.07858813252314716 -0.5561174639904826 -0.8302268611067865 -1.8485136461206488 -2.547241319170707 -4.321337192355306 -7.1192996814733975 -5.980538907093007 -3.6128918996475017 -2.3419960315016284 0.47479011547929106 0.5065408026907359 1.5100338291727549 1.5479432607662267 2.931874847413597 2.9003914712006393 2.754679676840082 1.978049400481873 1.1810905060942973 0.6759791095483594 0.11607883423061433 0.27795175961779317 0.5013963166133184 0.421871796351213 0.37805927157305563 0.018247946108356002 -0.1320920417535839 0.7468614387598651 1.4230719640192881 1.9684221509807216 1.2661566449601394 1.2960873509133939 1.6446745782515348 1.7230249406170912 0.9886229040572432 0.5998341297893314 0.47126226707945285 0.41210925529610215 0.34669861720261014 0.2284639408019251 0.14490771117818058 0.05205324633500469 0.016082419341657002 -0.004275200693806332 -0.004916788023509222 -0.004769641041818406 -0.0028996012229591606 -0.0017521701174224684 -0.0005657726712844796 -0.00012703428688824227 -0.00002858350824671865 0.000008105923409832158 0.000006393241643787919 0.000006210953336503606 0.000005867038488566223 0.0000036281035261782766 3.1439832052687816e-7 -0.0000024925674765335747 -0.000005594355477704363 -0.000004435783946517281 6.701257739268763e-7 0.000008036336285089777 0.0000630708050533859 0.00012431292742620407 0.0002215449213521694 0.00033579993692440635 0.00037865779696590865 0.00039248836844744164 0.00031933337708591673 0.0002141923446426079 0.0001421309089841053 0.000034859233359556294 -0.000021789948804863965 -8.956249708651957e-7 -0.000022055680658451448 -0.000036539889860091257 -0.000049012260700529934 -0.00006240989129143579 -0.00006101654538505466 -0.00005493653971444078 -0.00004284622410788265 -0.00002979766303270931 -0.000016312124333938174 -0.000006268461415638206 3.5548050222922794e-9 0.000006345201113579112 0.000019726961590630666 0.00004559554414277946 0.000053335345630258426 0.00007776626871138703 0.00008314203286182464 -0.000017357405271122864 -0.00001863893906938735 -0.0017106236411053505 -0.0031670813134285917 -0.007065166256765906 -0.013622298502563763 -0.01232186871289667 0.00011540550737791969 0.018069961793298377 0.08349031131125365 0.16599596033028235 0.28440265582172414 0.3268925499189619 0.30842543837600267 0.14316713150286314 -0.26987462187240724 -1.3055706653983628 -2.4802579297203735 -4.863037283137931 -7.389959717266406 -8.541805105855007 -9.606630921510678 -5.8528093775437044 -3.36455234747031 -1.0762869656742886 -0.056139990147614435 0.37598633281401167 0.6245706708242963 0.2960676159022534 1.0022734229175971 0.8997821792143992 2.2420393441836786 4.1405391148343815 3.131338591467468 1.6551137061595804 1.4164205714434586 2.1924898765960354 1.8584840300776009 1.3125307504588035 -0.3776626784587172 -1.9455289286865423 -0.9468437100584878 -0.6648207452512872 -0.9100980612333281 -2.0181555077786135 -2.488307185379682 -4.83124009103151 -9.05725984789617 -7.209415371084771 -4.263819495663141 -2.5548126022251725 -1.450925756719445 -1.3347731611005742 -0.04694436320655353 1.6751692037706136 3.09850385549386 2.4745041960581684 1.9914192545163398 1.3144626214352977 0.7103063702328811 0.2676985357263198 0.319008073576735 0.36896302879744214 0.5486754248145957 0.40675360746640765 0.25856718491056696 0.00293317707261051 1.5009244267241098 1.5532643285234344 1.6421639994026476 1.5639914008021458 1.3787646493739307 1.6867425037233754 1.648867984953728 0.8706455888891662 0.40953473750902897 0.43023768933824885 0.3550305176398438 0.28495077971302685 0.19201950058591774 0.11058187357126667 0.03472435870299156 0.01242025857645119 -0.0019005920399882198 -0.008303854397561336 -0.005133562390512945 -0.003034965969321889 -0.0016521371011447902 -0.0005081830092992202 -0.00021984391776888853 -0.000019758134209943963 -0.0000022929428566750934 0.000010815699055747984 0.00000783316724405355 0.000005584434762993475 0.000003826610619772874 2.1285366772086513e-7 -0.000003044415259217835 -0.000008721886501863356 -0.000006404828615709914 -0.000010441784080123244 0.00001408209988155429 0.00006254159957660237 0.0001257158739951623 0.000265749584291886 0.0003761525486325923 0.0005000779396045444 0.0004789295877068856 0.00043814513480366083 0.0002897439341199078 0.0001472606502070506 0.000038832733945620984 -0.000034850387416031025 -6.25460419003557e-7 -0.0000230171453082629 -0.00003278401527517185 -0.00004534934727024708 -0.000055200916882665054 -0.00005680954723193353 -0.00005333106250898113 -0.00003824525177558641 -0.000025119715500266783 -0.000011026536355963589 -0.000006430968282404216 7.735753506354208e-7 0.000006804597024463844 0.00001377936902276199 0.000030933774383323365 0.000050485625642184465 0.00005410534645148973 0.00008012904613030085 -0.00004204003761780179 -0.0002528932178797009 -0.0007441865693734431 -0.002584196131096033 -0.00530041501816698 -0.00965697202146591 -0.016393543128978307 -0.007855378819969998 0.002980490271026062 0.02205445288903763 0.09982971773343884 0.12982018454892955 0.169942729935473 0.19742850586381455 -0.007615274645093336 -0.1839214479316482 -1.2106204773847098 -2.0792425195528614 -3.8180025515012193 -6.288025499412097 -7.501679828028698 -7.589770580006467 -5.3883212575661386 -3.1431299801233714 -1.0257590157835215 1.3607982705069934 1.6342998579904224 1.8333027559908681 0.356305441149712 -0.20888317979641335 -0.02595530591575486 0.7281050691537128 0.19282238198964782 0.7511390307887545 1.248585119854648 1.7831289813569742 2.803564898613285 1.705571760903537 1.2179347466775106 0.2273618451227651 -1.2926600906385142 -0.5255556484425421 0.031204685538867218 -0.316931652240991 -0.7760130756187784 -2.2132663473058614 -3.9799109923733167 -7.032375470649911 -7.646821876814868 -4.030317716266253 -2.65665843057771 -2.424055875299216 -3.549753705445684 -1.6384432240733648 0.9793582242172918 2.740473869470727 2.5583242634258245 2.0960954666960685 1.3773009939589693 0.8616641929464192 0.5410818009421593 0.36612398751761444 0.5611120897283269 0.5725141040790162 0.5744765655340391 0.6405336151296246 0.846728770995498 0.5305223509362971 1.1248104885329964 1.6934401500228815 1.487885575396869 1.681758901344645 1.717300622774724 1.6059596076815255 1.128581234616851 0.7379276597710451 0.4166070052051731 0.3070589500303863 0.2325027416434246 0.15229944022169142 0.06878605425873444 0.016462816347828427 0.01018003243376151 -0.005919230016184554 -0.008213085378025373 -0.00440667929026044 -0.003168497707685806 -0.0014571408216061614 -0.0005513609300349256 -0.0002794257187915099 0.00004464174839109834 0.000005821844787741781 0.000014755904542539632 0.000007951866076120093 0.00000751001358968089 0.000003953242886334243 -7.146974167964329e-8 -0.000004129036494324375 -0.000008293882980790213 -0.00001006963599590782 -0.000010949736157570905 -0.0000014121035773347258 0.00007567979121578829 0.0001868851751983433 0.0003226201542336348 0.0004836026285030541 0.0006297615127742347 0.0006111524890094253 0.0005501999098515807 0.00040660221629734515 0.000204899382816388 0.00008076865823051031 -0.000036791768461885794 -4.472086294827669e-7 -0.000015044503916474949 -0.000023715218361240235 -0.0000361041126099756 -0.000045915571167639054 -0.00004490976028054433 -0.00004053036318051183 -0.00002821534946932446 -0.000019084676385034423 -0.000010728441310274798 -0.00000372261793981528 9.651838416375414e-7 0.000006401329271497666 0.000011606259140394012 0.000025338273359432706 0.00004392151792914673 0.000048587503709400275 0.00006017438481612057 0.000140593910836724 -0.0002536964634068296 -0.0006123626863245937 -0.0018929496109253634 -0.004358141566437623 -0.007531738189616196 -0.010032606803345827 -0.012269222020621851 -0.0005106177518389002 0.020126862354786314 0.04070933449757653 0.06323728199279174 0.08180034835541826 0.10993532830042026 -0.0547905809391427 -0.3873230652758456 -0.936688176564214 -2.070725284122345 -3.2382998911175758 -4.836402470465265 -7.383043695298868 -10.273396813048448 -5.556771574717962 -2.320318979806292 -0.006944969526267844 1.729058478576022 1.8569995246459503 2.5899373433222856 0.9198073867608788 0.1463142611637079 0.46503202464191673 1.1673301268897254 1.7214059198844396 1.4671480419460825 1.7967055370682992 2.244900224239648 1.0846934696507817 0.7654946538855574 1.4107446321293502 0.8040412141439912 0.3829638092466654 0.28071076528102945 0.2262390672000257 -0.37483447041564055 -2.301982438457913 -3.2948046230302026 -1.8345087118942087 -4.006811788482499 -3.870008843677974 -2.4428826117790576 -1.6975181197626439 -2.1157629648019394 -2.756392356407037 -1.5348911177707063 1.7736882535981104 3.3229147590028596 2.9557639489035026 2.3741903578882657 2.2642181018623115 1.4854566722484772 0.7740325954573517 0.5961799191319171 0.7862413529387033 0.93102811061911 1.261256656372463 1.1544326992749494 1.476528499867164 0.6386141938041668 1.5147450105839164 2.0459396126389224 2.7382526086287076 2.168403814787913 1.9127783838983479 1.7098666510132696 1.3380589232823044 0.9087625008485646 0.6045421615856998 0.2590734478422592 0.17215830979546903 0.06596148455609717 0.03996083825064241 0.013873371849455666 -0.0017853293885267802 -0.00885837706879617 -0.005776903531346268 -0.004524618211315701 -0.0026050183711067458 -0.0013898636259432162 -0.0005046437317488265 -0.00013140464908649368 -0.000020319881476204477 0.000023114876614649586 0.00002041182489673458 0.000011830485130296056 0.000007890179628678992 0.0000032362095337473674 -2.2468961585862228e-7 -0.000004805258806232556 -0.000009990862681966243 -0.000010499181573520687 -0.00002358195691881122 0.00002806232537563694 0.00009027949311243131 0.00022356154251637205 0.00042416048822363923 0.0006185601927118183 0.0008041735596498752 0.0008658175031616415 0.0007067684413416126 0.0005193879371059251 0.00027671985192520516 0.00009575856963034035 -0.00003802127349567481 1.5357874360597565e-7 -0.000007440191410210487 -0.000014619706205759819 -0.00003092135806993811 -0.00004552411037419317 -0.00003693386908979525 -0.000018460518973531585 -0.000015624073797596985 -0.000009229281811841723 -0.000005855509222152446 -0.000002218581906121449 0.0000010855442927820259 0.000004828568000744049 0.000006858547647739895 0.000020729930431784774 0.00002879610068929023 0.00004301144296580696 0.000041309000350241646 0.00012460638448480495 -0.0001060461198543887 -0.0003929523319900837 -0.0012232521155044114 -0.002577537151905625 -0.004702840538517116 -0.006983856704768806 -0.0073792122868458114 -0.005589402756095227 0.008263160784026613 0.0186276583583406 0.02966947437424415 0.04624006145693302 0.07671558809143068 -0.13660433065460556 -0.40246669374406846 -0.8650111836274357 -1.9776735774281704 -3.101528404507904 -4.297455401712892 -5.0935759131368545 -5.9271950838518075 -3.6355800116480026 -1.7554069848208578 0.9427481234916381 2.0843475141787287 2.830550693278169 1.6112622185217975 0.34048671081259313 0.6952428133743477 0.6616143562984677 2.1143678743029866 3.1159723571453877 2.6688234880950645 1.4581959157107927 2.341491975125856 0.9065628743801085 1.294827527161599 1.7311934796673294 1.643688980299424 1.2221407849090038 0.8831389073520387 0.37668094991820955 0.3725807013491287 -0.9550272961459039 -0.9547326324705204 -0.6341827432623329 -1.3140700712658755 -1.8884950313223057 -1.0093284113395278 -0.1588265314778471 -0.28826777314279745 -0.19846254695284438 0.07998931559701172 3.593776422050981 4.184933286496506 3.2776651192887125 3.0380614345283217 2.723722327087326 1.479498847438984 0.9634182099231845 0.8716248610566895 0.9064163279037185 1.2911977096721263 1.7706710600204056 2.1679949798410307 2.367419412740683 3.710777353771285 2.8468490217076656 3.230777190930925 3.1300817043794447 2.890127626392686 2.48570059911482 1.9368227201145627 1.3981438644318107 0.9273795400214982 0.5912378397743724 0.21615539276822246 0.08025232401834627 0.03112851010864013 0.01821660065534417 -0.0035046099110412833 -0.00934244667792333 -0.009813382112583533 -0.006627435168957371 -0.0043104225058465855 -0.002450113784525757 -0.0012591662885300206 -0.0003353844059930078 -0.00006368393702171222 0.000006657299993685585 0.00005773857215617463 0.00002979471637117435 0.000021215011923351727 0.000011516506380560547 0.000004181054086443549 -8.955037158048047e-7 -0.000005835056615061608 -0.000009449090100951962 -0.00001073258272019018 -0.000015333058702662747 0.00003560774379165906 0.00010951097899382026 0.00025949273072151417 0.0005357439258642725 0.0007916164950551548 0.0009578990198343279 0.0011020819088682432 0.0008884417540110939 0.000741811704998431 0.0003779850650944746 0.00014060591163042447 -0.00004745270567323809 0.0000010370038936091349 -0.0000025086363532631656 -0.000018519866104376518 -0.00003325151427229876 -0.00009544800413126906 -0.00005533482398849942 -0.000015895642151181753 -0.00000521620796108562 -0.000002886815748991331 6.698561057454877e-7 0.0000025133246067550962 0.0000029430508727093544 0.0000033046988099076383 0.000007404843803176496 0.000012367869206396123 0.000018039592580820264 0.00003433978682966062 0.00003496787299331291 0.00006269802387576961 -0.00010025757472762274 -0.00029949202026874734 -0.0009678910166246134 -0.001872432798686105 -0.0023551036329151373 -0.003919382856691534 -0.0021137756625422745 0.0011280966084637493 0.008352307480620946 0.01646032318011237 0.035924801714997075 0.03518439888742058 0.04973989258026954 -0.1299108460756674 -0.3809275861090563 -0.8618252837401676 -1.774340766124241 -2.8893365215453564 -3.980522322291433 -4.367629851642626 -4.346094511421982 -3.2068624960748786 -1.8227616454721156 0.06944757300127762 1.3956542500232125 1.2536652419144574 0.795700434624505 0.11592982971277806 0.1801548939259766 1.717069532133898 3.1839765857918647 3.1509779392204624 2.233645174998858 1.724460951928105 1.191478080694218 1.226334832019439 1.4638035023068818 2.599251310701969 1.9106024473051224 1.9191790272226463 1.2875617992561286 0.6932603787321734 1.09570391473655 1.607413605267598 1.2781145282931257 1.4107849070901681 0.68889329770695 -0.05952198658112792 -0.15397400270174705 0.43582018378424225 1.6663884407718215 1.6376216596468147 2.80006883709029 3.1360961283661446 3.6518399159572943 3.9078011593706976 3.675939806892432 2.4719410777328243 1.4406563869686606 1.0203842908913037 0.7785469345027662 1.0817214470999181 1.409707464635893 1.7838474388306331 2.4617289070313624 2.3820165349297335 3.6307137958930795 4.065381676249315 4.1500021661212765 4.234443920760517 3.81017693081938 2.989494351073381 2.1860623140654143 1.6478182796671035 0.9917197170748027 0.5706679600474215 0.21397458910975367 0.03695223709676848 0.01902162982361103 -0.013569189966768279 -0.022573617256776982 -0.01765831669836985 -0.012558721496967941 -0.007055770073479004 -0.00395183229453803 -0.0020426273562708184 -0.0010837342907367886 -0.0003124062654133467 -0.00005445899262886026 0.00007543660540322205 0.00006612605621814912 0.00004140592514936232 0.00002702281919179745 0.000010889319677668382 0.000004052957444370647 -0.0000013057790936132486 -0.000006854582757247613 -0.000009626811806872712 -0.000010607412424783637 0.00000220240255091042 0.00004485021040498194 0.00012274854095757856 0.0003483526331297355 0.0006133201817668214 0.000936622554752532 0.001165775365721887 0.0012426780918364734 0.0010502086974643026 0.0008418763745140245 0.0004853592057549579 0.00019739277551843987 -0.00004865441623068043 0.0000015542425249154482 0.0000029233815021329396 0.000004254990429617076 -0.000013802545741435927 -0.000041876924352543906 -0.000022047025422394127 -0.000004179838139228583 4.3346670125267467e-7 0.0000029948578531137703 0.000003212619564496794 0.000002937312975948281 0.0000031549211732643553 0.000002385390254391207 0.000004170749034963223 0.00000966433526462708 0.000010693797726980182 0.000023220177058568055 0.000023740072286752315 0.00006622475598752221 -0.00005171207071287335 -0.00019859779778456823 -0.0005595919964589802 -0.0011010434602503555 -0.001665197913647936 -0.0008923909316453562 0.0004385416699760757 0.004906311621812441 0.01346198552153321 0.0207105289137814 0.032404441112550586 0.030378058425705835 0.016334091806448497 -0.0798440293620836 -0.32075720755983494 -0.900987874849135 -1.7333504569934146 -2.692735123234954 -3.883798856973443 -5.041235373030667 -5.480310873085081 -3.4767058800974615 -1.7697865528906527 -0.19366065739251628 0.8760248689636659 0.5517614224696537 0.352654222946519 1.2787046735286944 1.5839189900760284 -0.4676531445301288 -1.383322552809381 2.3035866790014565 1.0337284823165476 0.8988757002368533 0.24876173021491046 0.13150496235183512 1.7983835338979957 2.612073264719995 2.5942943850337374 2.3291686080178198 1.4110623300516887 0.8345245719766884 2.821937474493392 3.985844434225891 1.045003618787045 0.8387510309691631 0.8529508544774512 0.19048798210211598 -0.8247503800595282 -0.431906036532565 0.25158158541118014 3.008884117796115 4.048157061756245 3.253065271309046 2.7454422216928536 3.6410096153807143 3.9046512456163396 2.374373886894718 1.2041217286256982 0.5977813111985311 0.4948661964538883 0.8035566412025219 1.2180469926787447 1.6709767580339596 1.9929028475157444 2.092433365435337 2.671775561330941 3.0846859527862707 4.6243889661481745 4.698945605815105 3.835092725899101 3.378766466642302 2.6300560543990494 1.817184712274684 1.263310268335009 0.6390858034168307 0.2584452215579358 0.02799740312030969 -0.002446582441722627 -0.03472829303717056 -0.026151417347060044 -0.026729642023690096 -0.016435495404966426 -0.008399041573315657 -0.004831676537097709 -0.0016181668680744898 -0.0008871031741182287 -0.00034493526649724825 0.00010366444921196399 0.00008493444513165533 0.00010180473762041787 0.00006390811036113923 0.000031591098725446075 0.0000141888199583099 0.000004168633859999807 -0.0000016950294619905393 -0.000008100981656413413 -0.00001093092866577096 -0.000004322707684298141 -0.0000028625516018561254 0.0000628735838595023 0.00015507466005129357 0.0003657542273715511 0.0006832981278652153 0.0009290973582525921 0.0012210746372913561 0.0013786708441626537 0.001145332079944991 0.0008603894152409715 0.0005213867128098339 0.000226329670663741 -0.00005870110140281289 0.000002053909009728827 0.000004427026426412101 0.0000019639433619163105 -0.000003768712554510743 -0.000007130821101048185 -0.000005147824747228113 -0.0000016554352904155888 0.0000027463516493317823 0.000005557932039103635 0.000005021378146954084 0.000003639298649415604 0.000003073650196890033 0.0000027126213346960936 0.0000037263011194008013 0.000005375438095833433 0.00000792554978034732 0.000014136697455570728 0.000009440587919846617 0.00004850489512921166 -0.000017982288230596303 -0.00013119452405148255 -0.00024193964975538745 -0.000175313462471992 -0.0002180833652544799 0.0003580444371793954 0.0025835184644647955 0.007834579320868106 0.015336657394907114 0.0251970930631909 0.03653067256815384 0.02648453671667929 0.03824127311029618 -0.12844054286707335 -0.24137835677978517 -0.8619555091573645 -1.6344225344382834 -2.723638594345602 -3.936677456378746 -5.234287622815744 -5.335994482030971 -3.4479357887878828 -1.6274880571606298 -0.14809559995450358 0.6873195659034159 0.4044556865619101 0.6437288847953507 0.7395763256177244 2.293278493430061 0.8368251793897099 -0.657161591361707 1.1531087906615993 1.1028980236767754 0.2272800403369754 -0.10534414941226217 -0.6521969897247449 1.127793740084876 1.9567548309866085 2.585796505605384 2.1997634622542237 1.18004478997589 0.622273128944588 0.7768640012514128 1.6278478929640194 0.7998340188635145 0.7223458916665321 0.658771918508497 0.2339006642956091 -0.7103559229461552 -1.7849504537557292 -0.8136930829866011 2.3118805762281083 3.3005483193445695 2.759972025269841 2.3826742033669728 2.6897975374450334 2.3348673152716146 1.6063719096983493 0.3944995272594787 0.29319430795490586 0.5114640077552748 1.047616604973291 1.1117330846278164 1.0590120665057954 1.206261348817876 1.2471418625930308 1.8741885393528412 2.7317523203232663 3.1684744278824133 2.779848266679599 3.7244434235426125 3.53546606502397 3.195344903150365 2.4087338595855616 1.5220603787334397 0.7731491561438432 0.4229293646806055 0.1600085705191958 -0.015784189632024846 -0.04407115673828995 -0.032437222267147583 -0.032095001330134744 -0.019503437997341 -0.009499443947124247 -0.005084122532833707 -0.0025220951885139356 -0.0005244590792072001 -0.00030875446390242283 0.000040639560347376404 0.00011100710054648656 0.00011748698980032031 0.00006920671050462112 0.00003666133522834958 0.000014349828167078005 0.000004576174556367584 -0.000001681050992572199 -0.000008898445155398498 -0.000013226432750141206 -0.000006630800467988452 0.0000014671091669960967 0.00007896048126269891 0.00015037582999798794 0.0003561567859965407 0.0007179902398090595 0.0009779162504682326 0.0012516152386341632 0.0013736579721259762 0.001097497584457219 0.0008785527240502505 0.0005356830513127561 0.0002549106799426885 -0.00006264582195148502 0.0000035226209773445426 0.0000063447033347071675 2.7040516924935273e-7 0.000003931201666520032 0.000007019184454763935 0.000004617878984342793 0.0000010517184205224736 -0.0000012239706251129865 0.0000016200873318447837 0.000004173295381175599 0.00000507258392768338 0.000002326698263636191 0.0000025535150987693457 0.0000026004090248376112 0.0000036292895028923424 0.0000047440949404514795 1.813870433647067e-7 0.0000027207657031733974 -0.000001985060906019353 -0.000045280445554440646 -0.00014150967170015438 -0.00017972222547956313 -0.00018956040083174436 -0.0002233725919690379 0.001446174728861364 0.00313677219550606 0.008046913009643846 0.016652189260800802 0.026928149855353998 0.03748069763924976 0.03912898018489458 0.013076872143026762 -0.1161436158836164 -0.23322080561806782 -0.7908138139740666 -1.5558501547523265 -2.6144875011049247 -3.9388139626764573 -5.705636150727509 -5.446006591598217 -3.5621262211922056 -1.61835652869519 -0.10991767239708121 0.9334591187014579 1.3144640071639524 0.9436584319884709 1.0558837743121612 1.172135678597835 2.2747298686681967 3.16135126223818 1.5156689197979167 0.8307668130645091 -0.12011988449217319 0.28608744682973475 -1.0056719252658184 -0.31765278303031563 0.8992788674036551 1.5021039737520436 1.4579531193819246 0.7991969602733012 0.3534157592372521 0.2908807833594913 0.8010707648220962 0.8731077496092361 0.3112102432113346 -0.04780468073611646 -0.33198874119032756 -0.6182915017537087 -1.1368065938328296 -0.10134698962142596 0.5747584140506252 1.2049670363860647 1.716517760189812 1.2374626940386984 1.881912982444807 1.5230061311559053 1.0097491143801811 0.14418150776616756 0.37965602882814525 0.06943544964157353 0.261805824114916 0.2565288823325158 -0.8154716563298314 -0.3647815925875253 0.39013805860296225 0.92848349379663 1.5194305247753572 1.9767920196614668 2.5908148341011095 3.213486892114171 3.5740196299866622 4.708018999291063 3.200214610633176 2.303530225769587 1.4421139849081666 0.586562628041006 0.2715645932053167 0.058713594662609045 -0.029726343478658823 -0.03161013625244836 -0.031690125210980594 -0.01944365532605607 -0.011660627652488239 -0.004827246080686632 -0.002591043900361052 -0.0006958187181217168 -0.00025654696107645986 0.00006851160929333934 0.00014869170110988933 0.00013538600701682466 0.000076719689232598 0.00003485281556430676 0.000013536632606735407 0.000007089014541434953 -0.0000032340042891698234 -0.000006712263211595037 -0.00001938497236080898 -0.0000061570638263602784 0.000007667755830370364 0.00006213643440935097 0.00016198084148890467 0.0004059507754583247 0.0006937278297111626 0.0010654494754585404 0.0012801430516646336 0.0013896425984306663 0.0011435061674826468 0.0008717087272711171 0.0005381078925749048 0.0002484006306344528 -0.00006558357998195763 0.0000030704932357725336 0.000004864028455172779 -0.000009476203929268405 -0.000022267236533652127 -0.00004081998173890086 -0.000035200248005424304 -0.000023885548625023337 -0.000008922422201566595 -0.00000334183127727857 0.000009904483043091199 0.000001998472500144498 0.000002551656745894012 0.000002052802330868076 0.0000022845263297536865 0.0000025334155127558474 8.396145135980614e-7 -0.000005779898223154056 -0.000009186500937157433 -0.00002811942317173237 -0.00008375341918609752 -0.00016492781804289822 -0.0002095764578639775 -0.0001472647426011786 0.00005441950706378613 0.0017414480363888518 0.0023888783676126626 0.009736083158687866 0.016410752571936638 0.030245417405703353 0.04249123133006273 0.03229211609818386 -0.021259804294897787 -0.06547212732792367 -0.2836232967735511 -0.8677323949977749 -1.544502655220199 -2.590699007853992 -3.7288696132390964 -5.843967483252837 -5.483065206457498 -4.267448288684592 -1.3722686837548603 0.3550074946410428 1.1643888439474943 1.7958081989674934 0.5464442048066765 0.8794207018835772 1.5002697944453933 2.588468856527029 4.196952818788154 3.1542660347890044 1.9531853454816912 0.5075074634388428 0.10428228051022892 -0.6061487197061207 0.28216140268648277 1.077861989231503 1.4981243372677175 1.2146699598508959 0.8577165218220337 1.4620190889516158 2.1093919204813467 1.4343708052191266 0.9898981644434398 0.37262024949337297 -0.49832279899142895 -0.7216415123965759 -0.36401954211486953 -0.30940008799752444 0.007831633760155067 0.0073408550694819 -0.023268438993591573 0.9270273592658269 1.0358263695000811 1.3765193411504058 1.6678744767306 0.11137342429242311 0.2926789494180134 0.8862335742167976 0.8201448950324449 0.5439315299234357 -0.20998481291216667 -2.489535733908093 -1.4758570868133236 0.22711352897099418 0.0710807691932684 0.4024462571539904 1.0890017205081648 1.7994500731804008 2.5038779688753925 4.3298682304219795 5.9990984094148985 4.030383944949848 2.9154867977619405 1.8332488701416951 0.9824443072536901 0.4161932994365783 0.03933415310041896 -0.010019737432937726 -0.0367380371844257 -0.030959256321515485 -0.020228366198405005 -0.012004142580856178 -0.005188947370190616 -0.0026026306982194444 -0.0008961111917296803 -0.00039166559343363033 0.00009225528878433935 0.00019563343183818515 0.00012022056785944714 0.0000712676784559596 0.00003363196948654514 0.000014619051092490639 0.0000062626899259248685 -0.00000257899333744071 -0.000005750804272262518 -0.000013826789135234203 -0.000012523567697731235 0.000004129624263460299 0.00004298115329720896 0.00017862315355970744 0.00043674591946250835 0.0007350954903690862 0.0011327818816822132 0.0014149532903415907 0.0014635613935723582 0.001209963214592317 0.0009365136811036091 0.0005610431469626591 0.0002664012696920836 -0.00005360573511049607 0.000004215274327213835 -0.000010542413980409018 -0.00003721667750794986 -0.00005441294320286565 -0.0000609882813347078 -0.0000631870852502789 -0.00005018287718099388 -0.000044497979717370156 -0.00002581587257205111 -0.0000028142344816013186 -3.6289832674802603e-7 0.0000031308450623243674 0.0000019462149886408243 0.0000023043700669104985 0.0000014088822689559718 -2.270072854994619e-7 -0.0000050278546366276175 -0.000011743358655074887 -0.000049735966168474934 -0.00011081714060141775 -0.00021125092281506222 -0.0002003990079003893 -0.00006751879338436458 0.00007680545743580803 0.001467933439789018 0.0033627727672127846 0.010638507025588818 0.017283608575995448 0.034924977708250066 0.036604982138481575 0.026842852799965743 -0.024845598346630086 -0.1335162078234023 -0.2603640907522653 -0.8678327724371687 -1.5843876977996698 -2.46124048783059 -3.638105914640944 -6.565257151006807 -4.927265115590903 -2.938586767942581 -0.8042617681157361 0.5903748946456696 1.5665297361658783 1.7481702779168775 0.9648111874234859 0.3774242761115852 1.2162683001856052 1.8418378747011295 2.6864147792017636 3.7051654020165357 3.8165791443037502 2.157372250790208 0.8212764460086126 1.1475352563309285 1.6320233112045661 1.5217272631443628 1.503128873941059 0.933933081924669 0.5727367332496341 0.8607105868535357 1.6109961825572763 2.0552953668141685 1.9453470058090299 0.25388854238330116 -1.54587343880093 -0.6089301668055518 0.1929718920616306 0.11056899206941292 0.30498334135551275 0.1360010178501458 0.03215147978350527 0.5460333057530511 0.11733081698652317 0.8183847510934377 1.5089906446449128 0.38782383548626254 -0.1468246010533075 1.0800946264453848 1.5979431679962701 1.7000232398468487 0.2815297865934685 -0.6261412181619564 -0.014590026975995 0.43190383966364226 0.3123982704883179 -0.15346508882533672 0.2997140480588964 1.0867680340210137 2.3394768210278745 3.964172451793385 5.46957353900531 4.936687724234319 3.883361113029771 2.323924094728304 1.1860759014189473 0.5023694947720456 0.17123193922497726 0.027384722745640064 -0.07042762520886699 -0.030076544288823646 -0.022089013702575027 -0.01106673315851623 -0.005698239087244918 -0.0028564725866224785 -0.0011322997093821984 -0.00035769612273232876 0.0000676495433442929 0.00016750027310306754 0.00013864507255981844 0.00006209438102732829 0.00003791764687899622 0.000015766986431954174 0.0000020720491991313914 -0.0000011269360916074993 -0.000005382137595647458 -0.000014744897660560143 -0.00001918270154822997 0.000010705306323487133 0.000014506132679824528 0.0002181736794916884 0.000445597454613704 0.0008147589235439585 0.0012824307254795597 0.0015461484364976794 0.0018055294626452567 0.0013803887615896522 0.0011400499012467033 0.0006047840192091254 0.00028229726482530766 -0.000046008321982446074 0.000007573629231551036 -0.00003099633058120168 -0.00007728498410157226 -0.00013387851778518353 -0.00017234493216050493 -0.00016530783476891004 -0.00012930205446635523 -0.00007880033977832935 -0.0000437015321654388 -0.0000168085166668626 -0.0000031022197411965917 0.000002891993824067595 0.0000027823490673776473 0.0000023002741945455816 5.510645237323722e-7 -0.0000013690274699844185 -0.000002455611991444305 -0.000020234278257858097 -0.000052821238410815905 -0.00013325824228576616 -0.00020060241400879478 -0.00012691243769172972 -0.0001739995321125339 0.00020297582917640675 0.0012792827485622758 0.005213460567128606 0.010030317612913005 0.019212777508325653 0.030256819486864168 0.035679361889135675 0.03153057246210545 -0.029626522651334065 -0.19489627829011885 -0.3263677452746597 -0.9898707328411207 -1.558170558883726 -2.3822538966474163 -3.211855715506081 -3.398964097919385 -3.1078227396858518 -1.8062943696823175 -0.8192377657428681 0.3948520652052898 1.815483753686463 2.0018845352781303 3.3672716597310046 0.9903861862240853 0.5879996334389551 0.37748421574522373 0.659070148023789 2.0364920859455276 3.678154343671372 3.7008291085187657 2.969899960454203 2.7220742214399296 1.911038114263823 1.8379806633662534 1.807808664615461 0.821381184184272 0.37424312995312703 0.10634872631501038 0.9296672076368456 1.5405363217061314 2.414227501481718 1.5130227875771383 -0.42017385801602675 -0.5249496687652395 0.36949891757892805 0.4328018824937242 -1.046502775783265 -2.0829293798859703 -0.20486677748165275 -0.00010051898068289683 0.31575775209588863 0.8806965938503579 1.2135956830663337 1.054932062996939 0.6476799658008894 1.2446390843057544 1.6739280219555437 2.004012881722481 1.141400053062031 0.9654140657056404 0.42394928462026393 0.3134000423239214 -0.05585966350353185 -0.19272041106332682 -0.26926924711218614 0.439612929596129 2.0493763859795426 4.5647202357799115 6.3902190060868 6.442668999995021 4.494388178985008 2.9318177377949968 1.5389330108245853 0.6057968920171753 0.1712572080967071 -0.003264739284974638 -0.0190086671617544 -0.04060049791304295 -0.0179101768599519 -0.013123922445869386 -0.006029780691028699 -0.0031059717322653407 -0.0010593659822224321 -0.00032653163164702475 0.00003884370006939107 0.0001505442066235454 0.00011712445086016108 0.00006167722440852482 0.000039105715942137713 0.0000142700672335067 0.000003275230315772731 -0.0000012210972055789449 -0.000006165855194028626 -0.000011891726565586446 -0.00002050181014930187 -0.0000026527122974704655 0.0000420803909151867 0.00022181866939336643 0.0004313572651517502 0.0008874217950979572 0.0013321508505614685 0.0018985557449388406 0.001763557140056825 0.0017528537515490317 0.0012867520658731214 0.0007339262760977579 0.00031165056545089716 -0.00003536817950879311 0.000016512093201380438 -0.00005713682874637545 -0.0001478461740050473 -0.00024764699761282413 -0.0003846429797573566 -0.0003320481247094295 -0.0002374418647319577 -0.00012728657589269814 -0.00007400951846210202 -0.00003142287447887368 -0.000005209349231134673 0.000005320501548735127 0.000002847565977788298 0.000002762427231586213 0.0000013640662836043224 -0.0000015105566082044745 -7.007638881423398e-7 -0.000021522816654718603 -0.00005632415909895512 -0.00012370627847353176 -0.00017353948873337127 -0.0002650799603236944 -0.00025118968006540327 0.0006894714109535903 0.0017977590573195622 0.005359066632970876 0.01026932484959149 0.019506421797467366 0.02875503662359508 0.03874735899353889 0.03837441835764455 -0.09228945569369797 -0.1654009991475622 -0.5260075001590322 -0.973130109822375 -1.888423563282282 -2.569266579800566 -3.2085632930204033 -3.039947438077249 -2.139056572497044 -1.3565239493020709 -0.944502684908857 1.1114829117529739 1.6154185787461646 2.8011907987647082 4.311111638779005 1.5245867159591766 0.38945499038679526 -0.021823034858700796 0.27607180862607206 0.6573618070047846 1.762540347928017 2.406266438728853 2.30474034849577 1.1845626298111958 1.0903968282997636 2.1013966806244264 1.707194019991745 0.8070618663275736 -0.006650059159018692 -0.378543281787431 0.9108740640409514 1.3733175556449684 2.1116332485791207 1.527035618717805 0.07694916082421228 -0.5543495377266258 0.5781136114955525 0.2550288454354357 -0.3147318372545972 -1.3919078544839645 0.03850979938409902 0.10865026466797337 0.8295172470101011 0.3242328663498236 0.7420439903152114 1.1049656680369793 1.0751542905277016 0.9467916557055241 0.8776553304088214 1.648814053787051 1.837702720148139 0.9014119224879388 0.6017826168175039 -0.17292517712652544 -0.34294764323387655 -0.6086566713544127 -0.8288737281515104 -0.13747014283977932 1.7869511771849715 4.8211800959741575 7.521690342934927 7.455693238030725 4.968442507652259 2.9991704333417357 1.4775846518015017 0.6119807444457817 0.08708767633284957 0.009376613085782881 -0.021191387906311095 -0.03985513454047565 -0.01732300753967402 -0.012208889026719716 -0.0062527799630290905 -0.0032405289018461536 -0.0009578646638080298 -0.00019474399327703128 -0.00002390578291376434 0.00010073541666186068 0.00011463955782248106 0.00006841101253097378 0.000037924621913683466 0.000011289824874557502 0.000003655772349789586 -0.0000014524418478760948 -0.000005335554429808481 -0.000010314120703656493 -0.000016689923856925686 -0.000014177469829877069 0.00004084527791891914 0.000200106183231932 0.0004566778241304493 0.0008881353173429355 0.0013995342185421928 0.0018348649992614655 0.0019326909525781823 0.0017369309017332974 0.001274849172039737 0.0007687456897920277 0.00033344884228937916 -0.00004151299797447371 0.000014980875689787212 -0.00009184266697002393 -0.00020345581482736995 -0.0003234530043716084 -0.0004955754683547743 -0.0004062366070516553 -0.00031887060074214474 -0.0002095911305550289 -0.0000947704914475557 -0.00003820736455981483 -0.00001448186660782953 0.00000701145863111181 0.000005495139618514999 0.0000034957148875490897 0.0000012690115420861564 -3.985127623228473e-7 -0.000002693165556497408 -0.00001474115960169983 -0.00006646642792911515 -0.00011368504728115835 -0.0001748967544447459 -0.0001849146473163855 0.000009217754919641736 0.00037777903347848324 0.0022466059893721008 0.005935148616346991 0.01122398744877133 0.019400094767768286 0.02783753889458229 0.02952042625692004 0.023961735087233236 -0.07471633458866893 -0.2957418197447314 -0.5659900237031065 -1.193385063088371 -1.9251119434867525 -2.8719621253970207 -4.415218855592669 -3.9195879102913223 -1.7092655832165882 -0.4663136521580257 0.8705191607058053 1.139189733842613 1.372276324648117 1.5968144277970984 1.5935390806899652 2.0559384905377667 1.8100156081328822 1.110116208025631 0.6797952365267274 0.537104428761348 0.08577646896847647 0.4109407724945294 1.2523512332532913 0.2305337722175973 1.0951422404885838 1.8728253953478222 1.4449513641388694 0.7633411754686954 -0.10579445371652517 -0.3450064787538332 0.2973738196797159 1.0748993958399142 1.3702985655711803 1.2445739811374406 -0.12657239424161765 -1.0236422664303064 1.140026517678963 0.5248935205592776 0.5793478588602913 0.45409699948114446 1.2861222998583846 0.306590790978733 0.6094447432655601 1.3096940029084183 1.2241524349512005 1.4910113388887765 1.061276595193062 0.6052785398157979 1.510655365178533 0.5130468963402004 -0.33225923681556613 -0.44045406444026647 -0.7414495882638572 -0.46902179399399946 -0.7916780619410415 -1.1402472311633154 -1.5211012919050624 -0.7270147007103186 0.8371443024322127 3.297997187564972 5.29402593500673 5.552434292306189 4.395729968806972 2.6081135472260333 1.3883150331916545 0.5223401112416667 0.15203314780248692 0.03386454694505774 -0.015233408754779278 -0.01881311343331701 -0.019442278416316777 -0.012252041512244708 -0.006612009217429609 -0.003143144261417505 -0.0014742615494558057 -0.0001540485887311753 -0.00008378015094774022 0.0001417084290723506 0.00010345525379271237 0.00006694897758737928 0.00003941477904949525 0.000014110458881722434 0.000002205251619937887 -7.537119705534849e-7 -0.0000050269265863467784 -0.000010438394579894985 -0.000013473466845264975 -0.000012911813654480327 0.00001557387862188995 0.00019718810298588886 0.00042013758846538857 0.0008135534012573002 0.0012503745118683759 0.0017633414644302897 0.0019065388183682678 0.0015090588219140275 0.0012460965034416986 0.0007525776035663999 0.00032895325897843244 -0.0000483758690574222 0.000014926691410868663 -0.00010809579057491318 -0.00023670022495160493 -0.0003753411861819224 -0.00047012807326649026 -0.0004673496909967458 -0.00038723173269264525 -0.0002358720262555706 -0.00011023786542645326 -0.00004139103500935934 -0.000006954904930106207 0.000008785396060118216 0.000005984654557702867 0.000003163624287973805 0.0000017072235770998243 0.0000018723028687080027 -0.00000278024225455988 -0.0000165634334418644 -0.000051824665202947694 -0.00010324307639400409 -0.00016533341523189125 -0.00020909731897051905 0.000036881078344253775 0.0006401445775317212 0.0022694831282935213 0.006071580372237964 0.011225418486368124 0.022096805586612676 0.019318788671996687 0.033679842539826935 0.0033712591765402916 -0.1247432696773932 -0.36972614059167375 -0.6183204591561602 -1.2913183256088225 -2.037582194542027 -3.0934259218193008 -3.3884297427074657 -2.9079445704885094 -2.103427521433185 -0.19987446319811186 1.2600013418813176 0.8653569761757759 0.6096983485116027 1.182897144422867 1.9712456159762621 2.05458647699226 2.820424637943521 2.604149524459207 1.1921675291913032 -0.2418138117872902 -1.0707557518781547 -1.340312815272464 -0.5516760869246666 -0.21751835261684366 0.7788332159133022 0.7849543456953993 1.5741976578737664 0.8145948929060451 -0.07267092293476478 -0.061608503415677134 0.4053189778838246 1.1080376262444909 0.7558311895481584 0.6060666740331245 0.0019003669426417725 -0.44400501939490894 0.1724577454982451 -0.2636379840347427 0.29388631117512204 1.4644929085203424 -0.09257741122985491 -0.2666639390801947 -0.09541646905656265 0.8167722638338835 0.8296268088839961 0.6397763432666531 0.2045251654727293 -0.40798117958669716 -0.6742276224655906 -0.14450381800372375 -0.5155594010306344 -0.4115979490855146 -1.1053588390029918 -0.6846390428191812 -1.265034674690235 -1.69424215050533 -2.2093795632918245 -2.0898976824337074 -0.7470208900974195 1.132311669099853 2.9901801188484227 3.2594092538698876 3.375907746292186 2.1732503579655416 0.8949280610506631 0.4562650007000832 0.17624869527742237 0.09017134725624226 -0.01431566778913004 -0.011802615780134189 -0.01946519689792964 -0.011168228449611357 -0.007360471851719488 -0.003377308493410305 -0.0017005103162277425 -0.00012844592365019662 -0.00015358295619378797 0.0002035631590485208 0.00009732538665209074 0.00009086056355944025 0.00003545157787493548 0.00001710435626180254 0.000003239827474061537 -0.000001199959494019196 -0.0000053089815465195345 -0.000008809872666234585 -0.000013046874751615549 -0.000008122981393788714 -0.000007028173556830941 0.00014307174949247995 0.0003538491336706777 0.0006586349813650277 0.0010462339242908055 0.00136436831543892 0.0015191978964076756 0.001308225738535219 0.0010216033706186964 0.0005962817601954035 0.00022728846283169934 -0.00004756205795508089 0.00002098245345950125 -0.0001007012972305713 -0.0002180303001782624 -0.0003936133283484993 -0.0005064721071686794 -0.0004803386997153374 -0.00036707172460642094 -0.00023470245211290502 -0.00011472679312041259 -0.000029184623061376937 0.000003510246766764082 0.000006050839954952221 0.000005346119772870045 0.000003793126931493051 0.00000131747075828392 0.0000013961894299805922 -0.000003788987061243628 -0.000015337664658890692 -0.00004132663847807248 -0.00008891090444151745 -0.00013911395437574627 -0.00032890790861193935 0.00004058383585633132 0.0007560963738134037 0.002304684114035128 0.005708391613847251 0.011895300524904501 0.022564553983703217 0.013832573025697034 0.03342225346590066 -0.029048490443207942 -0.17886898476686458 -0.37877505393928135 -0.7196460376073596 -1.1802800620720475 -2.2065851993730936 -2.9742644019303865 -2.5103703346823125 -1.9136078005466495 -1.0402050006026566 0.7916777461778122 1.2754891289658612 0.7283384049112618 0.4199634130283342 0.9429950485729202 1.464872772164419 1.8800685736978109 2.5326755194472748 2.5367169690882347 1.1836347209366458 0.08197127267215386 -0.9623741909538912 -0.9502246337652543 -1.1316635183075023 -1.4006974435042954 -0.6609375499401448 -0.1021711512890751 0.2618491828999284 0.37592043954796056 0.06750285325337897 -0.08873745871360272 0.5045065493278803 1.3998384768635963 1.292907292522823 -0.13554106988035694 -0.6312819299396644 -0.7591006688852374 -0.5733420831613174 -0.22917359118071898 -0.7328408974569856 -0.46385115239623254 -1.7750135442211163 -1.7685972558817356 -0.7962041089577359 0.40356927423905736 0.42281789416794535 0.1516994683001469 -0.5665152709890039 -1.1485715220483832 -1.8990963104127625 -2.004134529275328 -1.4392628638765301 -1.2349046128250845 -0.9413539835684714 -0.9297840635973641 -1.9961449147298354 -2.4631507833577033 -3.1602588948414168 -3.06345614008721 -2.477770966698503 -0.7988504427041059 1.3732410789627052 2.0892306028988057 1.7906023959130721 1.540806951969628 0.8113046691400085 0.47412507806896054 0.221379779447626 0.0866227318564404 0.024136733988298006 -0.021502453811175035 -0.016130274246062313 -0.0107502691197557 -0.007914611250935061 -0.00430749234281037 -0.0020254117907631698 -0.0001346469697690411 -0.0000757166438665873 0.00010627571525756655 0.00014328053085863252 0.000074408753741052 0.000034336094808239016 0.000017383554690985855 0.0000030766960535285736 -4.958138441947315e-7 -0.000004682125297063906 -0.000009333232321845291 -0.00001254525951467588 -6.225524698334775e-7 0.000006989367585909675 0.00007719241594591072 0.00028493919189963226 0.0005288893314755782 0.0007825905772332719 0.0009677310483020223 0.0011202903862392304 0.0009413359350590929 0.0007701422173632192 0.00044970379314370726 0.00016433896799403696 -0.00003418111901598064 0.000024391287196814074 -0.00007669667778895861 -0.00021978574726466948 -0.00039109008443004165 -0.0005008920743944238 -0.0004790238197983139 -0.00037073008595294566 -0.00022311112338747877 -0.0001143921480568546 -0.000026095935436650053 0.000015819396328059796 0.000006481674256541472 0.000005387188685893523 0.0000037461027363065664 0.0000013352424436644553 3.9221185878610963e-7 -0.0000063403249558844905 -0.00001369598871995483 -0.00003755159041426285 -0.00007517631016674651 -0.00015267061808446183 -0.00019311720135546122 -0.00006040694500450215 0.0006688467212032964 0.0022612428150403205 0.005514564921089098 0.01144474351876597 0.016522074708107393 0.012939290061492975 0.022192912493948364 -0.0655608797178928 -0.165782927227391 -0.3957801630795677 -0.7484617614463804 -1.1991396590141803 -2.077250315569965 -2.5131821067289537 -2.0151053277002227 -1.025392874841409 0.31405381685165074 2.2682020090577426 1.4178016817053436 0.6008313507016155 0.42354290408907 0.6976254025699987 0.787779253969955 0.9046171366824052 1.2535126971929431 1.55091170230403 0.7285129389554239 0.4337271829107326 -0.4139688997889065 0.3224610394257004 0.13517822566672696 -0.17370105119506446 -0.4898854497495983 -0.6021451667427502 -0.4857078370055897 -0.2855558728134738 -0.4462030538307025 0.008873116280636945 -0.35083011547232745 0.5181218170403528 1.0564164314041473 0.2759700740293495 -0.5765253570363602 -0.7351467963646748 -0.8454227978202746 -0.7688207056019363 -1.376204758336903 -2.0978244800053076 -3.6675591989643324 -3.206344014370886 -1.3742275004623712 -0.41281904169337386 0.06853806912664871 -0.4073222511664321 -1.0616435410442595 -1.936586231845255 -2.4106584232128974 -2.2579750339097604 -1.7741872215273027 -1.264400124971677 -0.6660904781128602 -1.2387142182461006 -2.108728078885216 -3.5345916613124007 -3.68067636731406 -3.615729362901109 -2.3057510774177357 -1.1598239888443849 -0.5396874807128 1.1915892258313143 1.6317896134251975 1.2513334104456562 0.7893711236004248 0.48507156329799656 0.2730023308309179 0.08118443192231659 0.03585710509743587 -0.007285330981078781 -0.012992256302906617 -0.012422768623397386 -0.008299079729153754 -0.005145227128705678 -0.002256640306016946 -0.00030609990207287934 -0.00001983645486205561 0.00009359476790563562 0.00014818354063873086 0.00006134974133071106 0.000029689024161323363 0.00001644694606338164 0.000004587825218571317 -5.744820161653086e-7 -0.000004690466346901061 -0.0000074180872719267416 -0.000009390155744645821 -0.000002256508019871333 0.000024778878804824056 0.00007497778690102426 0.00016592777252829373 0.0004044503079191081 0.0006122226570620637 0.0007243497888346847 0.0008057324427097379 0.0007006214513787885 0.0005370478994188031 0.00034059171610127686 0.00017167091865994834 -0.00001769135739070011 0.00003666907527131835 -0.00004552567544385811 -0.00021022967526499123 -0.00040682326951719253 -0.0005313499898177502 -0.0004997507387514122 -0.00038009935938347015 -0.00023837359765593928 -0.0000850202887406933 -0.000022643138489318974 0.00001935819735040429 0.000010198866847465592 0.000006389910867026681 0.0000039682782104133615 0.0000013345643512781966 -0.0000013148029600648034 -0.000002844383940129626 -0.000016497656836632893 -0.000036330952909626626 -0.00007023879072315826 -0.0001458549322294051 -0.00008462922053499869 -0.00013468705187724402 0.00045569502891012337 0.0024703364700966158 0.004667651578014963 0.01057566417704401 0.014101822879050173 0.01343681319638237 0.002999283878481585 -0.06577673973835046 -0.17194484515854394 -0.38186257280282193 -0.6656564494284144 -1.0931676799484873 -1.6481550918742203 -2.3088680049366843 -1.358914264826479 -0.053625953804370685 1.0282096336467885 1.5102564644731 1.2138513894631333 0.6658211287682777 0.3296412716811612 0.0956662357408487 0.15546133888657343 0.04373000009334531 0.2646460266055776 0.7066027597543083 0.2935720549272609 0.1328195998327788 0.4059730069755843 0.3548967647497326 0.9896299121292722 0.7888976854383806 -0.055985666877764434 -0.5815774929141633 -1.2203524427839816 -1.3660335861393649 -0.6170624745964985 -0.08743154949200002 0.4568712851987954 1.119677890026936 1.381916029933308 0.6496245946193042 -0.04183107506498366 -0.2108572961434749 -0.2996376830095692 -0.44968337230015815 -1.5770328303065406 -2.3921852397303867 -4.241701779602641 -3.4515210023192533 -2.0358706313381583 -0.6200657761025073 -0.2499510981584561 -0.7362556573811165 -1.0546709189313594 -1.9131450556695753 -2.0908849511200533 -2.1338848521008345 -1.5148167445295 -0.785099092869963 -0.39985259457872313 -1.2742241307939821 -1.9009772176022262 -3.3506978329670964 -3.928403749670408 -3.1663640243737055 -1.7679361177489303 -0.9281563267387818 -0.47846075750922207 0.8174425238183166 1.3625436099114725 1.1635303055429755 0.817393065729824 0.5181641930387061 0.2398659423891359 0.1313453980117999 -0.0005242886457081249 0.0026381697084002227 -0.011568342086670666 -0.012005190293672918 -0.008795266224820068 -0.005769727397270361 -0.002175148641780108 -0.0003784106745439189 -0.0002240375348526585 0.00022478340857424848 0.00012382654190058655 0.00007063840062344483 0.00002920952180090039 0.000015320671805583063 0.000005271622961744021 -6.122283384122731e-7 -0.000005258168551735013 -0.000006905080488627129 -0.000013938869244261884 -0.000002567932087113303 0.000024630184205433475 0.00007817252657512515 0.00018536927512037416 0.0002973841034180666 0.00048179068516278323 0.0005512059017956292 0.0006146872314715645 0.0005175615650188697 0.0003940669254009268 0.0002602492335608816 0.00013543834059851693 -0.000012287376820443209 0.000040837762251306246 -0.0001087170258745987 -0.0003187342432766368 -0.00048029200784062095 -0.0006453194110031962 -0.0005840112956349367 -0.00046993321781578544 -0.0002523653314681607 -0.00010364007605637794 -0.00004300665870397956 0.000016282126716479236 0.000018389558320545446 0.000008033348661969936 0.000005548535328055423 8.083624565897785e-7 -0.000002007720810500755 -0.000004728935672370061 -0.00001602959357584257 -0.000023621080576661926 -0.00005657475551719333 -0.0001043324475131049 -0.00006751335016389572 -0.00014515503579715992 0.0004933711210114225 0.0023832075528287897 0.004448501840223967 0.008120138316640817 0.012020637258971003 0.015632042242106896 -0.008979015944354895 -0.06537721437172632 -0.11832276273686626 -0.3284337180146686 -0.5510037896031694 -0.9125029030413151 -1.3110867051259312 -1.580553193736346 -0.8318522029746329 0.21104915166988736 1.0948785240377767 1.3243404636100498 1.1914951733925292 0.7545639940776391 0.22105513737333435 0.033084729886407815 -0.195586149699257 -0.16628541785030465 -0.23491673287385645 -0.31071864952147743 -0.14000126567859655 -0.03280616963113719 0.4598223823235127 1.123834372789387 1.5108335594081013 1.224128523926666 0.5806606197849813 -0.4946763398616647 -0.9324198732866946 -1.646605219688103 -0.7792256732429157 0.015829479592167888 0.9515291503039285 1.3909744075912185 1.3676358688960175 0.9589386245490058 0.49656040421640313 0.3555307890079157 0.17285525443017197 -0.09970962695185406 -1.2468683313554492 -2.5262353603410648 -3.764204217965622 -2.771824169068731 -1.5599282886527808 -0.6767695727517625 -0.5025171781681403 -0.4941871907787362 -1.3380427593804152 -1.1838925362024846 -1.757327924910346 -1.8440396261576821 -1.0565182812379548 -0.3815630739532369 -0.8006775447862134 -1.1416283686102575 -2.0220642431015303 -2.8603144075453986 -2.603650971272988 -2.1569125256843678 -1.9659720420193458 -0.8717702630164936 0.08482435304484126 0.7144185657276054 1.071865181937986 1.181571368932732 0.7954074086927275 0.5075136499654586 0.27589053469906216 0.0972124436572341 0.037731014952125386 -0.0037875693295801177 -0.015208392426948152 -0.011392496420573592 -0.009301560517181756 -0.00576973942719318 -0.002124503593756203 -0.0007228555217562511 -0.00024059442758973736 0.0002051937436047431 0.00010628379387535207 0.00006558406626533134 0.000027683645713661166 0.000015695213622962216 0.0000046755879713532 -4.5638446552416216e-7 -0.000004956923365803121 -0.000006075878626253084 -0.00001822616097538763 0.00000797765601228324 0.000021286829081912447 0.00006945502325155318 0.0001709510158383139 0.00026716821740015124 0.0003828965064411055 0.0004575764259228063 0.0004820914422719141 0.00039585483922327313 0.0003297051543153612 0.00021727088094645634 0.0001098083833350661 -0.000010335529760228915 0.0000310916140610807 -0.00017773765260780408 -0.0003712020824304367 -0.0006113967825248291 -0.0007244863941995865 -0.000692764453728764 -0.000548529277157887 -0.00031722164603810866 -0.00014082120791789139 -0.00005541539872454584 -2.7761249324447234e-7 0.000010040573949635569 0.00001562766962660277 0.0000049655640505411 8.140373494788847e-7 -0.0000020678893422235403 -0.000005296316214135538 -0.00001358733470794967 -0.00002387740060644646 -0.00005459282746030955 -0.00005988006706524439 -0.00012468206132558636 0.00019778414472421205 0.0002059563238368461 0.002239141310919121 0.0040303407496552835 0.007018872375683743 0.010199133977631536 0.014851205061250625 -0.011176642732769316 -0.055042106427548636 -0.1252510500586926 -0.2194669919581363 -0.4083282834640113 -0.5898534129557979 -1.0202496990713603 -0.8865872653043337 -0.43359030891132083 0.39354912389722285 0.8519135856716334 1.284057472853435 1.1241012837901554 0.733756969691701 0.210543319806236 -0.07138518358261146 -0.2037882864670222 -0.39144124919149714 -0.5569814875378435 -0.32110884951824326 -0.4175862823149722 -0.07018924425923316 0.4516159869983647 1.1472004206243485 1.6080632288829788 1.2041826608706474 0.6630227804071789 -0.05702766926042127 -0.7328079199170399 -1.563851214736724 -1.3363574635420215 -0.25366151217581456 0.7813518170335875 1.6067618678491107 1.418094764705744 1.0410870051597314 0.6972233186899193 0.7974085419396876 0.6517385074030522 0.3611107798476615 -0.4026054965574307 -1.4580799543092005 -1.8926172908462509 -1.6981103511932385 -1.4254722770793091 -0.8418786748478666 -0.3588509939703258 -0.4769466359731792 -0.7620562663230026 -0.9801389737534207 -1.1392116599238729 -1.0840336466250087 -0.610421708352644 -0.7586926833893852 -1.0285304945121188 -1.3686143844573864 -1.8468051058548747 -2.344596097429964 -1.544332515387872 -0.937288319378279 -1.2982468233557805 -0.7085643123657135 -0.0038072845139830716 0.6423427054809914 0.9474792612729586 1.0809973030968751 0.8009334696792295 0.4940040312759028 0.2586643594183313 0.07298690376939035 0.029531128829633522 -0.007834514387111854 -0.01567205721569921 -0.012483429773827508 -0.00967137573440185 -0.005610747020125066 -0.0016675807844840768 -0.0008376618336457563 -0.00013961136184275627 0.00020386549628922693 0.00007818975083149039 0.0000790800619711089 0.00003035375795279855 0.00001436444373457362 0.000005080734320663154 -6.766708232769491e-7 -0.000004729080696161937 -0.0000068075535363609875 -0.000014613620127877292 0.000006332242978841138 0.000023687348689087968 0.00006390840171095881 0.0001533356644289754 0.0002729269825489504 0.0003467375539559464 0.00042012175350767317 0.0004345804636190362 0.0003725343720646498 0.00029746917969325075 0.00018865601243144337 0.00009904405236352493 -0.000004291247034948899 0.000020489759839383517 -0.00022250209709368448 -0.0004311518956269855 -0.0007576659352693804 -0.0008204480698783512 -0.0007970276330606589 -0.0006340638065005835 -0.00039871739724161464 -0.00016275122043429694 -0.00007690922134979378 -0.000012208946811955489 0.000009584428934400551 0.000008126025583338412 0.000006189477594085017 7.775201686614172e-7 -0.0000018707135747625232 -0.0000050664546953299805 -0.000011148987854240832 -0.000019384940223831794 -0.00003605999441366644 -0.00003538194533630564 -0.000043635358326576125 0.00013740565323250355 0.0004972771477381187 0.0015335876598386226 0.0035733048730732793 0.006295586488850463 0.008136890905724796 0.015134792737017165 0.004704544538603276 -0.018861071457100906 -0.0738396872675654 -0.1728101453250499 -0.25232278926433566 -0.4053571479576743 -0.6797650979040216 -0.6013619253070173 0.22718187363033432 0.7634806985783703 1.2957328331959759 1.1935286793384319 0.9412232323001977 0.5820415257487155 0.20157054956917972 -0.053839375109207124 -0.26320823494671985 -0.3954709640359804 -0.6332068599958139 -0.9046727657828634 -0.7161624169234353 -0.34873079693428666 -0.03109593007010405 0.017149281571495173 -0.25071292585417765 0.15634411409280716 0.3550867378679364 -0.21797068477516096 -0.7105857140334653 -2.090530334702486 -2.99370037625102 -1.4832335350790402 -0.22297041396210926 0.8656214421874575 1.5019229943620653 0.8252355224755138 0.7458923746321852 0.642755467524212 0.9017747881577478 0.6247540040510534 0.14360206213436347 -0.5674740592457478 -1.0689384326366942 -1.0223758161996355 -0.906818049978203 -0.7082487379016055 -0.19680034672021854 -0.2860253469536341 -0.45955961647135746 -0.48468868315548796 -0.42605784379434314 -0.08317716612004428 -0.23894083346963346 -1.016732761480274 -1.2156467981278016 -1.7798187769979323 -1.9953375614475055 -1.8990814152978055 -0.9373649892903703 -0.21488816490908608 -0.8292478064058697 -0.8893981260333876 -1.3028693339824606 0.23854119442239596 0.7122499057459535 0.9957811192897856 0.7465826742389557 0.47146053457949677 0.19574911592940214 0.10341200619012104 0.000296492064057494 -0.006417843659292293 -0.012701429759322235 -0.011954105825936553 -0.00960675710975104 -0.004987514703001832 -0.0017067214995281348 -0.0007620821016783678 0.00002432809081479266 0.00017354425548358237 0.00009146389923951503 0.00006553839308527129 0.000029106589162464887 0.00001254358160757678 0.0000041802101796218806 -0.0000017193761939735402 -0.000003778241876977203 -0.000006780139435892158 -0.000007109535259416098 -0.0000020533071666026888 0.000028756504674900466 0.000057847668849290626 0.0001446113364746983 0.00023947727173143763 0.00031180273580054454 0.000382704364202082 0.00037947028628681063 0.0003393036485837896 0.00026697629282788 0.00018234144409351943 0.00008587047734871129 -0.000004534725989331377 0.000020233088689996324 -0.0002663637130688681 -0.0005352075288997387 -0.000846718206074743 -0.0008955052204431299 -0.0008959817365433712 -0.0006965902996823087 -0.00046104779302796954 -0.0002350942956132113 -0.00008144988392770322 -0.00003421538802073958 0.000009453395003237527 0.000010848927921552313 0.000006451507083834283 0.0000017849053525720238 -0.0000012305445951578077 -0.000004972084956606305 -0.000010286719269571018 -0.0000173573043665663 -0.000014792177249110392 -0.000018897769103369105 -0.000008250839115043463 0.00012280875343482779 0.0006437530497210548 0.0012519354021963897 0.0028969420841848557 0.005302383873035662 0.00784658129334985 0.007081989504430707 0.0051694563841190025 -0.020990542946498214 -0.0442046425552048 -0.10666570764515962 -0.14312825214509073 -0.35950131758298964 -0.4370234214423846 0.2003920879226801 0.6579808782055193 0.9472088216131402 1.2938549597856928 1.0109537582364276 0.7625987376745176 0.4545141702392396 0.17959724964012083 -0.024487118063030847 -0.2117262558062942 -0.3603724692675101 -0.535212740894873 -0.6800981408677252 -0.8009677854092023 -0.839831632253749 -0.6731547463129379 -1.7596472394534985 -1.6070597149927601 -0.3835457381956611 -0.8782428991582475 -0.8261824076408217 -0.9595830590925873 -2.4767863664729846 -2.802414671198195 -1.5464118889821825 -0.1266124406400565 0.502960436426439 0.88119297817911 0.6582122293132601 0.5577257907142117 0.6863106310909416 1.166977630930459 0.778652487356969 0.42350459493566134 -0.05552071472155083 -0.49317440158634 -0.7519318799772873 -0.652056522686907 -0.4166709886264211 -0.152147241604 -0.14585777136540704 -0.04757245460815515 -0.07986033313688995 0.3109994756640034 0.40765505907744787 -0.3354474472484798 -0.8899578959122008 -1.8330175281649603 -2.4952768204255107 -2.293346877516585 -1.4739556694617304 -0.48463693286536624 -0.5207139366168049 -0.8943599393482669 -0.7272778933428391 -0.9466103389828074 -0.03172152334051316 0.5859633157465541 1.1203175799839158 0.9180358662540309 0.49203304202205617 0.22408615563928502 0.11577086554204202 0.00989269743063754 -0.014337624876474457 -0.01282394676995818 -0.01223606463805963 -0.008041521612644804 -0.004375316162674575 -0.0017168068287163247 -0.0002945106447758082 -0.00005870162707236777 0.00016881172708752725 0.00012778876764240048 0.00006768250115600857 0.000025192528792533204 0.000012546157437710318 0.000003383117224112437 -0.0000011181496993190082 -0.000003316839191547163 -0.000005906384884354155 -0.000006093162607081799 -0.0000051669539239847915 0.000016087875758765206 0.00005816554690900371 0.00012578166985051086 0.00019418890042605268 0.0002816478419138967 0.00031023115029637274 0.0003483815839564967 0.00029816277705090803 0.00021788817149192067 0.00015089505042331227 0.00008514751967060003 -0.0000074367350838279906 0.00002449337376474095 -0.00031245810751433906 -0.0005864427818232756 -0.0007960274504467965 -0.0009820526767970622 -0.0009769160704248383 -0.0007499850437710671 -0.0004990640857536219 -0.00025894993211567904 -0.00010235294901292014 -0.000032917346325667495 -0.0000026852091080226896 0.000012386096173454616 0.000006813924353126431 0.0000032325189752810594 -7.874938507540257e-7 -0.000004533243527047015 -0.000008822121125762289 -0.000021416236005294768 -0.000005128426986186197 -0.00000536738640941705 0.00007813107560210592 0.00009040615786889736 0.0004831685553323395 0.0011052330962498683 0.0025587649280189176 0.004318383503504622 0.006294213236623786 0.005729304145699539 -0.0007521755681480171 -0.013198326097891898 -0.04275682661600102 -0.13199819607410754 -0.21610736047758855 -0.33681005072077397 -0.3436670168914145 0.3721537202184285 0.35677576048981485 0.9133510693168322 1.2575944687511706 0.8749294755057498 0.591069107648351 0.36979876650095483 0.163501094372919 -0.0014630385042303726 -0.14694738525978096 -0.28339942456524425 -0.47102365772881977 -0.7076536277850907 -0.8583819377219231 -1.0717385529679844 -1.2981678542191613 -1.9885679483828365 -2.432464933450837 -0.13222679249598515 -1.4485876819369377 -1.9798343199973292 -2.7646080423138035 -3.003180324052426 -2.0838827465063385 -1.2150525485715509 -0.5281868219962045 -0.012217775214389229 0.40566081752545297 0.6692274433276437 0.4368063480503969 0.6430715102855008 0.7675111266394667 0.7616548398065925 0.36811432932376315 -0.036200424529567496 -0.4713353510543268 -0.6668759837233074 -0.5486471843213317 -0.3159856526636682 0.016368788749628535 0.4375196388085558 0.04025242104918013 0.44385069489911555 1.0201269697916957 0.4286142622449127 -0.39845587602306853 -0.9748785770833522 -1.9086848355729702 -2.551836579280723 -2.282480297001695 -1.3825261589588913 -0.40705401006702346 -0.7974154120741743 -0.7948328709145475 -1.116225880171598 -1.0438492826127135 0.07841194344371435 0.9244945358947704 0.951378235933337 0.89117139719316 0.5523888029453781 0.23371083463341208 0.14539110053362306 0.018970624928393784 -0.012461993668279325 -0.008884092793642778 -0.0121699667175407 -0.006423932594212499 -0.003923344348815225 -0.0012268172113143717 -0.00019419278358668798 0.00002126322126706527 0.00013522970934712146 0.00010919931145273923 0.0000814411851280415 0.00003265192278253449 0.000007015017302701583 0.0000033606648624823955 -0.0000015572799169635568 -0.0000035026136941663455 -0.000005514946828521346 -0.000005246410189902262 -0.000001324527730502064 0.000002402732141002168 0.00004264923210863795 0.00009684843073628551 0.00016834454693911443 0.00022536215708916768 0.0002510520272745461 0.00026626028138234466 0.00022360370465546831 0.00018179927202658934 0.0001190863575979069 0.0000591609739765177 -0.00000723918413522114 0.000025491242945596028 -0.00032404978515790335 -0.0005575353775835269 -0.0008003050689138446 -0.0009496357592174912 -0.0010224183898727176 -0.0007187855393361252 -0.000510517683567458 -0.0002937138010617405 -0.00009869545371194257 -0.000045514431209261086 3.204185043545751e-7 0.000017078442226487412 0.000009453615049760187 0.000003775749994344899 1.9044103861463457e-7 -0.0000041216590777730696 -0.000007668568086071923 -0.000015643699422858188 -0.000005879566749691181 0.000006682478746597173 0.00007340873498660416 0.00009204827677208624 0.0004663624287256305 0.0008561501811349392 0.0020292185623284236 0.003581376058650113 0.004602860021596395 0.006065154565869415 -0.003302479730039734 -0.016332977698317378 -0.05115083096701922 -0.16542668146764317 -0.2888225273662154 -0.42741827347068445 -0.023852374226449945 0.23240966238544133 0.2775207452281406 0.6531466258158061 0.9983407549571739 0.791254696308034 0.49448770525245855 0.2979940499046961 0.15005949842828006 0.017598406650496907 -0.11805544668909183 -0.24048301018130908 -0.4381904349949285 -0.6779199278098433 -0.9321892534514638 -1.1155749020635606 -1.0787796123083284 -1.1907762871437535 -0.5328073131614874 -1.0916010976861104 -1.4559007427897512 -2.020506061286107 -2.4333173793383396 -2.187054167751904 -1.0319682836543673 -0.5983670468633054 -0.01455517719462272 0.12032907874295888 0.03483553135770098 0.23375273314076647 0.2872792148947131 0.3597042873400717 0.3501429338632005 0.4017648998257355 0.1499441298090785 -0.06140238239473855 -0.3304907214193295 -0.5519560126501716 -0.4713969829730854 -0.15788838242880224 0.04977992524054868 -0.05396541073025502 -0.14158993040206802 0.22907179460938226 0.34926225534775923 0.0349452583348507 -0.6443918592410971 -1.2319908822493177 -1.6019953498804018 -2.2368732910908515 -2.1431508358560745 -1.4502058939773366 -1.1728983757561902 -1.7686141781688351 -2.115532259070652 -0.7303035438537144 -0.19285187763560135 0.40589692622795265 1.2902826398105862 1.467507761663288 1.3828568390377525 0.7630892161493066 0.28438888131992623 0.14866385018244416 0.02822259660705953 -0.007397937051986863 -0.006964509836877256 -0.0110988138176114 -0.005497961041805793 -0.0032031491042504496 -0.001326441050355666 -0.0001925264178631242 -0.000046406018538116825 0.00014401203178307422 0.0001074845840876169 0.00006843908762461346 0.000032548214049137695 0.00000829416882241733 0.0000012076280280659814 -0.0000015843121142189027 -0.0000038020062674483847 -0.000005197768201215939 -0.0000045112009332038715 -0.00000182366061633681 0.000009627270308408506 0.00003389466055808447 0.00007088250701727539 0.00013109481849610634 0.0001767310196454632 0.0002034990497323771 0.00020549669709035912 0.00019280410293505854 0.00014146309663849892 0.00008051965042759021 0.00003388909061264243 -0.000008511113097774278 0.0000047522101386900686 -0.00030308892374555224 -0.0004983263600146643 -0.0007199827311945823 -0.0008552415834286889 -0.0008346780584952176 -0.0007088589753529893 -0.0004706419642570212 -0.00028897645892083686 -0.00010991980247279171 -0.00006039167488767534 -4.0394799615272057e-7 0.00001341297304554194 0.000009988895211657257 0.0000054478380074457825 0.0000011390538257844738 -0.0000029503889329854384 -0.000008239982419319422 -0.000014052916310345444 -0.000007607541101439168 0.00001121203100734929 0.000053074992970499235 0.00008666238613141782 0.00039505061200595994 0.000750102306935357 0.0015970548347619398 0.0034610926515951414 0.0030142990063922273 0.005761454257452699 -0.0035514149464302537 -0.026376093879176967 -0.06334043701992688 -0.1684693124133091 -0.31955911447963714 -0.4217178813871551 -0.13460874944750062 0.09355834568091453 0.4348819282330107 0.6389534313223366 0.8546415580294572 0.56985939679885 0.41272765378667853 0.24273810119980493 0.11461992874006216 0.0008063757292545652 -0.0796457759396722 -0.20237876329100632 -0.4087464076665085 -0.6365467322886932 -0.8896065859908191 -1.097711994389493 -1.0118539520090748 -0.9695510685102835 -0.9332142584606427 -1.102973157990605 -1.194460653316927 -1.5075577459510665 -1.490599671897008 -0.9652578989223962 -0.47116085936513713 -0.06837521681511582 -0.03323119660401053 -0.022667774730497567 0.06454774508770375 0.05296765456030664 0.08955372059853432 0.1462692547200025 0.20898367258435113 0.1906922413157957 0.039880030942925096 -0.1018753741276618 -0.29793076524939355 -0.3943528159817965 -0.3472582344996112 -0.23963133788908952 -0.14060994620017128 0.043143066088704884 -0.0982808663167683 -0.015466266812855824 0.08202764270809564 -0.13117162527095935 -0.6437897763873349 -1.1802943838860287 -1.5714863543981308 -1.8143400856692578 -2.0968117166528897 -1.827896183317001 -1.2804020194943562 -2.60840636426205 -2.6146225741116154 0.28847548936740824 0.5166935819651566 1.1784700233106755 2.189442639816547 1.8225790546953204 1.33550676827043 0.7852783498038507 0.2822242711917187 0.1314824447718315 0.033849838170228325 -0.007165615175403577 -0.01223551229782588 -0.008300279481513177 -0.00551383527725321 -0.002700139632526102 -0.0010971153931247993 -0.00021222978028677728 -0.00006760818220169994 0.0001687426725135095 0.0001094452837046745 0.00006807868648234759 0.000021643424948888648 0.0000093502628013676 8.221756244804953e-7 -0.000002212658346999934 -0.000003781635278458724 -0.000004447833167752259 -0.00000401219727283841 -0.0000026502102121597714 0.00000725939079851018 0.000027043733393808887 0.00007213870233909553 0.00011312098766802883 0.0001650617872373784 0.00018603258961283467 0.0001850520355652702 0.00014819681818445656 0.00010569232446503274 0.00006684958631033231 0.00002640172767447998 -0.00000833729072946687 -0.000003282256722299465 -0.00022784516427784758 -0.0004206623748639984 -0.0005726662358068262 -0.0007025525246659625 -0.0006915543878879503 -0.000612866320810213 -0.00044815587482119763 -0.00025420767549223544 -0.00014191723712780793 -0.00004499974207911805 -0.00000927187427231888 0.000007941065678604684 0.000011319331069057795 0.000004503467395466405 0.000002115017498864232 -0.000001931256761061725 -0.000006686818654810677 -0.000010761266224449574 -0.000008637324995149894 0.000003973780215497077 0.00005161890268434622 0.00009214048654308828 0.00032577415634979235 0.0006626035783894561 0.0012477566015269763 0.0025204138013653343 0.0025131390482919375 0.0030882812123321293 -0.0055679062698636705 -0.03233895109923599 -0.06711411284267178 -0.13433839565567157 -0.34357870458240447 -0.4686867391975017 -0.5744287393191083 -0.1743428839240803 0.17245366054070183 0.48396986993289304 0.6408715913494937 0.48224804546518185 0.3390811105018382 0.19991316824796596 0.118582443508953 0.019481554021506038 -0.08093483679812886 -0.20009117596531248 -0.3349653658260506 -0.5714944402201453 -0.8138367347682232 -0.9978244590632106 -0.902085309090606 -0.7092385758934535 -0.7512158891952418 -0.6749305385923662 -0.7509640998667757 -1.0870997621448826 -1.2662903092638225 -0.6660434485550027 0.13306255961058405 0.3197334054494748 0.22221771197572784 0.33469423909285856 0.06077117256037852 0.07764561265317442 0.036041249058023944 0.07688904788690142 0.12407737766559275 0.09339653287428397 -0.05883670528635932 -0.16863205644863535 -0.2753966401342874 -0.33584501099944924 -0.3584339897795146 -0.2434501761464888 -0.09106247125003421 -0.01698709590726576 0.008268472249845893 0.0067944950549800424 -0.15774696707136387 -0.34505399589151947 -0.6272580104155852 -1.0213833952676938 -1.3452583910249416 -1.430360367826572 -1.4570496157388122 -1.7202114950915504 -1.6577263632050458 -2.043461431478486 -1.3499903984927646 0.913666439489361 0.8665025025171184 1.9904268375250813 2.307871202172272 1.8811122216446963 1.2272761063117124 0.7094716919758427 0.31907574016252144 0.11420476378079247 0.01025526869971647 -0.004049721465928733 -0.01044385533354617 -0.0068303545001465165 -0.005181676689239323 -0.0026557877613927225 -0.0009887158140632845 -0.00021380008581891084 0.000005444746332533878 0.00011484984971369675 0.0000731681373514726 0.00006243514343353315 0.000021175552436510118 0.000007576796957648772 -0.0000010743749021937864 -0.000002156545452134287 -0.000003937237942376664 -0.000004128832510654132 -0.0000031280368184576243 -5.945919762596198e-7 0.000007563719507207669 0.00002479276184188003 0.000071613050474475 0.00012177992630964627 0.00015836187228385 0.00017572088802391892 0.0001825776883563927 0.00014579012679697502 0.00010917643184086991 0.00006644840843711396 0.000028163133175136244 -0.00000802419527586797 0.000007579516513532024 -0.00016985801899938553 -0.00034245276652787566 -0.0004921113425468551 -0.0005680289915314532 -0.0006143044185417291 -0.0004985888201576791 -0.0003909008048576792 -0.00024241562200451322 -0.00011503844869515254 -0.00004940377250297752 -0.0000039355234198138455 1.6365233513271152e-7 0.000008016386246953721 0.000004999453721936571 0.000002147568661240563 -0.0000011809886242721072 -0.000004345493823965247 -0.000010498120069080763 -0.00001290587725441675 0.000002972310083529138 0.000041499288456911776 0.00008657485277797377 0.00027184135515892195 0.0005666365730316919 0.0009754913308625674 0.0019473889315750974 0.0023899263482084366 0.003921307947490984 -0.003953506536163931 -0.020092690862619736 -0.06988700583705112 -0.1156025595975742 -0.23835987514799656 -0.3718644982844972 -0.3336422456160968 -0.18504128771142286 0.045228918818830045 0.22801237044600092 0.39239059762544903 0.37181595257232847 0.26360505061382394 0.19030055413136165 0.09719016606866004 0.01720943491439457 -0.05164284476948815 -0.20114545126430736 -0.3226347631948724 -0.5630743325592621 -0.7535610101558133 -0.9468838711650358 -0.8609787688840956 -0.626291702431845 -0.40908431914258414 -0.2879307321549807 -0.2909503135175384 -0.1973046469472585 -0.4963971384853522 0.14010319240937888 0.4341504177416504 0.6169656823103541 0.4487110943628964 0.27904126593681783 0.15350029792327213 0.09456563641845149 0.03805167775155326 0.04345382651827491 0.04898554914038114 0.012293575386993568 -0.07974574051112877 -0.1885837336596316 -0.28855902870346234 -0.2989063581129474 -0.24543572020176266 -0.24348998483867842 0.007593486147297226 0.06692837826027823 0.10112098761802663 0.04764333407170021 -0.15677344110165273 -0.422783623193044 -0.6466803306719349 -0.8956239873325968 -0.9740432156380757 -1.003398372987974 -0.9907132081533744 -1.2611116878079334 -1.590817430128692 -1.497037759271665 -0.5217224782529141 1.4098265709425633 0.9751596569516381 1.2293506641262926 1.8717504832833796 1.431964269133934 1.0307564441494514 0.4808061294699122 0.2447594989835635 0.10033393691487014 -0.010278195626354167 -0.006147006870466273 -0.012456307582825945 -0.006865497786401151 -0.00529257634664867 -0.0019836675536593807 -0.0010865277398868236 -0.00027280423319896315 0.00008417856039028303 0.00005619116069742328 0.000075413260722133 0.00003464100722464512 0.000012486953724012198 0.000005013057685719691 0.0000010097450238951484 -0.0000028938647178600253 -0.000003347093961197201 -0.000004550181809500366 -0.0000017521438789450413 0.0000017292196815483632 0.000009452860552192142 0.000049551786540376246 0.0000863699187315523 0.00013617835832303212 0.00018738323976742494 0.00022201875590515435 0.00023354632765044256 0.00018503787926700782 0.00013865482457952892 0.00008240071461022967 0.000037669740251068134 -0.000006131706839744701 0.0000031222346693220604 -0.00015759556777658317 -0.00030120598304157726 -0.0004387199284274489 -0.0004995631733896852 -0.0005533939384643933 -0.00047716360680614316 -0.00036871283322305256 -0.00023935001295349208 -0.000125118947637622 -0.00005554254837804816 -0.000005430808935067316 -0.0000011050711074518111 0.000004414053400931498 0.00000748634642159579 0.000001934337565919219 -7.909704530671396e-7 -0.000003630240783105454 -0.000009504813447830188 -0.000007995669332003641 -0.00000799033384178705 0.00003312432553199305 0.00008076053112170312 0.0002346254800510117 0.0005236858506319906 0.0008845477677575685 0.0017060844296797194 0.0012031249256379106 0.0024732342608741473 -0.0004893204665732038 -0.017014022303298612 -0.03811767833201814 -0.09388494257320835 -0.15475146576023158 -0.2287208139232422 -0.34684878295003596 -0.3586616071236762 -0.16119857732905146 0.1715742170714428 0.3090917037883504 0.28330596346395087 0.26971816914667784 0.19078899911154243 0.10381672486789607 0.019283581368206713 -0.09465262376514587 -0.14054409055925982 -0.3991002680403785 -0.6472409109640556 -0.712276778117339 -0.8928050038963002 -0.7485376516751356 -0.47155659640417047 -0.14621140183518494 0.09014538715605636 0.1640036279534378 0.3099649001856419 0.26069832665316467 0.5514677941256866 0.7817509325852596 0.6562138303938839 0.5716776815062885 0.3795133364880433 0.21587233221377078 0.14454710960306316 0.08588941310747635 0.043144199685444924 0.03430313194078771 -0.0029740620947383933 -0.06706452637745271 -0.16909591536918556 -0.22948035526111762 -0.23530466770557326 -0.17970334708030813 -0.10307490022816003 0.002951440611856284 0.13221697816870934 0.12154412592337403 -0.00587352683960537 -0.21111060355419062 -0.4713343666235981 -0.781940948789107 -1.0579228252872852 -0.916339556875818 -0.2859311808661205 -0.25614053416578497 -0.9349343799820454 -1.0088428254621675 -1.0350973161246495 -1.1251643976693317 -1.5557152489388553 0.09086184557096295 0.8679875383624686 0.9743015016155951 0.7896759501089063 0.5003871878580903 0.30974729884644797 0.19403272744113692 0.0349540512234059 0.005180986087417377 0.0022896608619392585 -0.013133586268901744 -0.006437386803095672 -0.004521057070858622 -0.0020907380646077046 -0.0011016994342811176 -0.00016610912014206086 0.00010462763218104853 0.00005401877045443105 0.00004909949274349129 0.00003344643477332391 0.000010707909663906044 0.000005194275851399796 3.7339934454262037e-7 -0.000002616338586172815 -0.000003350737803677788 -0.000004788023344698997 -9.489331027028938e-7 0.000006229245957625959 0.00001905446312347215 0.00006229331492241094 0.00011461131823573716 0.0001805286577239727 0.0002360183182393758 0.00026872154902336895 0.00027681800949451587 0.00022580323345925863 0.00016893386502929244 0.00010725729402031654 0.00005720365909126899 -0.0000060446304943439746 0.000005322963537427484 -0.00015019676528822682 -0.00029034132219645127 -0.0004309153840625974 -0.0004932184587893701 -0.0005361591369998791 -0.00046818842212566214 -0.00035550894214353386 -0.00022070059061934285 -0.00012775274646507364 -0.00005204275787183993 -0.00001047548176849486 0.0000047703922351071226 0.000006692497751712183 0.000005859837283281222 0.0000021711708109835495 -5.412776372668667e-7 -0.0000039140272126018145 -0.0000065379836561842304 -0.000014128085146127598 -0.0000037054972490831227 0.000019981545612170763 0.000053033830866418186 0.0002158908771232814 0.00040440518700102116 0.0007283242465426866 0.0010586598580840695 0.0008979028215044781 0.001077985087492584 0.0005823554610011055 -0.012546312675639059 -0.022964271420731083 -0.049534418857483296 -0.0920987196943067 -0.16560414679299446 -0.31739249214215953 -0.3044088491822913 -0.20852956471824172 0.07541448407007023 0.23690476119825954 0.20582093091612935 0.2375260889107896 0.1824112225862318 0.10886803550107393 0.014297170538371574 -0.07695159494496707 -0.2403141825264754 -0.5621793584444534 -1.0069283820243402 -1.049764706177122 -0.8958859671562343 -0.5879277238638473 -0.289742682040713 0.0574672117061307 0.26312294128262964 0.6763669521859567 0.6366819250011221 0.40471186476085963 0.5321771579714666 0.7773821810990664 0.7792361466054025 0.6648319656850924 0.44315997170893484 0.2956448147836119 0.15227744596580695 0.08735465548693036 0.0534848070180029 0.015902515019178526 -0.019008691805296154 -0.06359571979588151 -0.12499498867292771 -0.1327524942944894 -0.1488228221877322 -0.04982728587458736 0.07722216656826458 -0.0034344353616574327 0.10716629982822118 0.1027696296103807 -0.0061714137511264585 -0.20341162965492982 -0.561139514928968 -1.164671937015182 -0.8957410843289804 -0.9270247690261162 -0.2208213191106797 -0.25053628935390626 -0.540431991321056 -0.6785726431717491 -0.5561485098275029 -0.6974989816968015 -1.483546635748501 0.07215819519962706 0.535391673560321 0.5098075219240017 0.474700610945625 0.3835884390964381 0.21997851459982964 0.1281240676265199 0.00720348389290405 0.009127602382223737 -0.004568702753752307 -0.007844988566640235 -0.006465805066357993 -0.003792693547755879 -0.00174602165928769 -0.0005631808742172919 -0.00031906840922921913 0.00004278811795407855 0.00007327083815282078 0.00003541845834614869 0.000024827851710472086 0.000009410879362649756 0.000004135117620856479 7.705710764763932e-7 -0.0000024696260877921684 -0.0000035653390324580522 -0.000003452314125762032 0.0000011250174237022928 0.000012233745479312544 0.000027118113533415623 0.00007756700224228708 0.00013038290006431246 0.00020542732824286797 0.0002548912909709884 0.0003203311615600254 0.0003169066690007233 0.00027587231876736583 0.000209877885632563 0.0001388864537442392 0.00007291468272234442 -0.000005166274074402736 0.000009997945380777638 -0.00015765216828473932 -0.00030380034790228284 -0.00046412335691719365 -0.0005273593836254906 -0.0005398616362602203 -0.000497833878295247 -0.00035618771186506613 -0.0002191354078335344 -0.00012339402046552915 -0.00005010913484321862 -0.000012816231108544098 0.000009408885896229 0.000006914946955142344 0.000005118215087938006 0.000002372056625672358 -2.929945935159613e-7 -0.0000034314374786135637 -0.000006333114529075828 -0.000007493813315829851 -0.000005814791514481106 0.000006187782773273028 0.00003272715134385501 0.00017250360202091693 0.00030642553411769314 0.00046721502072977016 0.0008238130090888784 0.0009991458022614824 0.0006211627810878015 0.0017315320089030689 -0.0028476340450534045 -0.019318840309529465 -0.029736951665008296 -0.05998865244989833 -0.1033762048910296 -0.21601268988438257 -0.2504168424062387 -0.10747851297228267 -0.07220324557846237 0.08028025259781188 0.20556018520651675 0.23135734370434097 0.1872637478110211 0.10452348548869324 0.015640801989116722 -0.06100936011571089 -0.33401083957222316 -0.6976331972659251 -1.304187658167317 -1.1207554856143738 -0.7626533171172845 -0.530664110738769 -0.22135335851797794 -0.01629678623789106 0.1467620849703328 0.3765070792774026 0.2742840594961278 0.47375752941136734 0.4113176750472539 0.5835020383535426 0.7610707049677006 0.600692098956982 0.4151014379021685 0.2517586268468685 0.13954793495472687 0.08618494136297437 0.0491703906556596 0.010250050881992361 -0.023430531461226343 -0.06039258755532084 -0.09831396132281817 -0.08984146317059735 -0.08385018989793114 -0.031329746585529776 0.05920317685738996 0.10474454818537896 0.1419190473831728 0.12930687655042467 -0.017607745719606535 -0.25191223776546245 -0.5537888821065666 -1.1294586422896782 -0.744026037503196 -0.07669589154201911 0.08471926954960321 -0.06570715795925938 -0.27268183978794663 -0.32985778132494115 -0.26915887106487824 -0.10974255808286712 -0.029411974219552658 0.21396532172580116 0.2674249967521159 0.3402938020077531 0.2824867168443284 0.23088686166705116 0.16398096120106737 0.06187703280752812 0.01925283655143268 0.006754508211498106 -0.002516862848764201 -0.007666206597187496 -0.004899713979269334 -0.0027199667431626125 -0.0013331806670513603 -0.00047655330428395627 -0.00016827953556335513 0.00002717863361202197 0.00006996572023014802 0.0000278299681487107 0.000019154382773932233 0.000010099143848557123 0.000003279858151138432 6.571878052005491e-7 -0.0000023620805494340945 -0.000003892707602162972 -0.0000021731261973816418 7.953846318200623e-7 0.00001627898550628741 0.000029809897999079186 0.00008391289830979808 0.00015594462473345958 0.000230930365488354 0.0003063288028361415 0.0003697132608269403 0.0003584938253206802 0.000295056298790228 0.00020848662836726642 0.00014268595723635212 0.00006819290262083486 -0.0000028809862340541947 0.000008907755379630302 -0.0001836355482897276 -0.0003316480321229389 -0.000499519663853009 -0.0005735945937052166 -0.000569133637575296 -0.0005034339310033177 -0.0003627106344632227 -0.000226025604706437 -0.00012777274673365972 -0.000035544044001582214 -0.000012315864482759932 0.00000358475250791837 0.000008352769457595583 0.000005195627611788008 0.0000029843274721678803 1.2554501133531982e-7 -0.0000031009681952700603 -0.000004325563642293916 -0.000008090545743182191 -8.265965411262964e-8 0.000007605082792871229 0.000024370757399844318 0.00013832386023533567 0.0002183417120579785 0.00041067913956043916 0.0006320405149772403 0.0007426770966131668 0.0016839643349258417 0.0017426477420430689 0.001290044848978972 -0.0033337386758486615 -0.009098503834687535 -0.026184687794344776 -0.059919167786030195 -0.09683196605643324 -0.09661169454565005 -0.057611991883741616 -0.0031779521557810187 0.07877316834982291 0.23027826595811737 0.2604389791532258 0.15166872380026997 0.10106718957748934 0.0019341911953333546 -0.100611677200572 -0.2886418384228337 -0.6375079841544038 -0.9128788010488378 -0.6807326737080952 -0.7023365021057072 -0.46447711263721114 -0.2301689440730967 -0.13454815876420648 -0.0893432148433408 -0.15187147031462286 0.12518838799996265 0.2772435327010749 0.26965622609943896 0.42064549511597843 0.5334129709150424 0.37974786849802017 0.3627611792240161 0.2149637931509315 0.11601045890856446 0.08285148015991833 0.04354817785298055 0.008338411787514224 -0.027235466921762902 -0.07081808066895973 -0.07013281886540744 -0.07960002035560695 -0.048416468629203686 -0.0073505537802168435 0.022740679296365696 0.08850307793173817 0.11114699545458741 0.157112010356121 0.06468290972071515 -0.13796931621670439 -0.3446312415497744 -0.7648365478584593 -0.24212519892476278 -0.22221383870140074 0.3206012776542668 -0.009493097613562027 -0.08282341358814851 -0.06548835562912189 -0.019951761713254076 0.03966169353824187 0.16424757089790712 0.18104793472813416 0.1924476720762246 0.19103006168616316 0.16857368689753835 0.1341010444812576 0.09247247898241058 0.03682964130502309 0.017153995562733622 0.00005807894208566689 -0.00372884263547086 -0.0060868328912849394 -0.003332088354323641 -0.002002524370705309 -0.0008162397562354453 -0.0003592731897174344 -0.000036121641712254734 -0.00002027201701880816 0.00002879596118579031 0.0000234575037664012 0.000015854493591350075 0.000009092059884657504 0.0000019750149715348208 7.602191770362259e-8 -0.0000020538468765177446 -0.000002799732020954557 -0.0000018850421535250235 -6.213885109807641e-7 0.000017012116238771652 0.000027647665187949252 0.00008206624653225625 0.00014029552455674366 0.0002218226581659716 0.00028617446839070235 0.0003720924202535055 0.00042806242061682554 0.0002959505075812099 0.00020742043217609967 0.00013802783076771115 0.00007532898496460309 -0.000004254559545991722 0.000004643069711298373 -0.000189302417919515 -0.00036530724838542924 -0.0005245623498104503 -0.0006108923602115513 -0.000613139872196735 -0.0005051955461722962 -0.0003711103529043058 -0.0002366026456601716 -0.0001306559417523192 -0.000027276666705216443 -0.000014870923180597024 0.000003468178854779962 0.0000075013440070579105 0.000006288810941750501 0.0000033044831284763667 6.986038571517549e-7 -0.0000020458154732092227 -0.000004288065885545404 -0.00000648390055857431 -0.0000027091955217903342 0.000007969094975198898 0.00000524465396738833 0.00008439486835567307 0.00018382820501185038 0.00030361910011144066 0.0004900316549247472 0.0007039190961782869 0.0008776619997952624 0.001682277489402891 -0.0012181049256388184 -0.002436769813648301 -0.005312494750280786 -0.007983239278780306 -0.011398492298153248 -0.027709406132492006 -0.017834734895121898 0.015106191414488435 0.041378351328469835 0.09543064983303749 0.16181946647890788 0.18844100178574283 0.17395443539618047 0.07762133014479873 -0.0026404251781990164 -0.09152697855811835 -0.24019743835834645 -0.4585398230891852 -0.696600839705231 -0.5714091884672047 -0.5527463118089085 -0.4160333358371494 -0.2376570505994806 -0.13320394222826976 -0.08317236945872447 -0.2290399200962213 -0.06432103383887815 0.1926762773829024 0.2948093994029729 0.3158576259005311 0.3915157140065741 0.3798911983488263 0.25452927507351986 0.14956398073631075 0.12271685501227532 0.05295971518053442 0.031759036330162145 0.002585576372053697 -0.042599809255958694 -0.07812332108794617 -0.11102598080512749 -0.09518090948864108 -0.04372331655129556 -0.021721573510182102 0.00877062664068288 0.04958290289307889 0.06341182574442573 0.09438840568069758 0.14408940579572127 0.020688328982303248 -0.16794659064365738 -0.07239312085074795 0.23779235475982352 0.23255946643583425 0.49931980114050734 0.21290505992138595 0.03529184935447617 0.025805507296959955 0.0600159710825986 0.08186682482468277 0.1092672391808358 0.09955141210909371 0.11335467679379627 0.1176473035675857 0.0947661023408909 0.0746248954427447 0.050304583825048224 0.025176030635500522 0.009625348792620137 -0.0004913317699692834 -0.006664919992226083 -0.004865156785125496 -0.002554525941512379 -0.001492867134455677 -0.0005578805012901057 -0.00027016477769195525 0.000041354677022608396 0.000012264628880649211 0.000028269655652195052 0.000024029111521410677 0.000014138217716157727 0.0000064115506767803435 0.000001081544314834474 -2.5306526456635275e-7 -0.0000016166625804635073 -0.000002501947775402857 -0.000002234989859883919 0.000003427589528303222 0.000014428781134494376 0.000024848295212260216 0.00007296915968093671 0.00013197117464508443 0.0001925995167238383 0.0002687260354031284 0.00027764630978925007 0.0003182567970648913 0.00023388453371184448 0.0001835172529087379 0.00011396666980826731 0.00006300619449781994 -0.000006013962808412867 0.000009647018536710945 -0.00019987339377618325 -0.00038703741373406 -0.0005555390519460798 -0.0006632483705422647 -0.0006538243647673111 -0.0005181165883105375 -0.0004021436241878734 -0.00025099300705695363 -0.0001311149443064837 -0.000030971163201791815 -0.000010492377273724824 -0.0000017757805548971328 0.000008249876101309553 0.0000056942461762342235 0.000004061260258607852 0.0000013137945819355426 -0.0000013194954082265467 -0.000004180080626213216 -0.000006607396766178041 -0.0000012836898182015792 0.000006635289109351946 0.000012455477996125793 0.00005777449063774494 0.0001295693735083155 0.000225968407467895 0.0003575492434237209 0.000558210000396307 0.0006722761228008204 0.000311052511779981 -0.00048554214610645543 -0.0021223732846210592 -0.005350421504370443 -0.012544187849961471 -0.013098839242808592 -0.015504271669011256 0.013271909431686442 0.04521490116422984 0.047539648450868895 0.06600880194700025 0.081436852078867 0.12027461688599947 0.058532597239016104 0.03612243844202327 -0.008305235693816327 -0.06452247594617808 -0.1541834441369128 -0.30664779949553606 -0.479300758970654 -0.48338369331236075 -0.3726882786971123 -0.24138695343409347 -0.1761012062660785 -0.11000042973634276 -0.16948038239868182 -0.13219271344911984 -0.05507757330827298 0.05907077015448553 0.16192529347775222 0.21919396870305916 0.26709927145118023 0.2553949419588455 0.1662818468084648 0.13006567218067636 0.06512399495178413 0.019694434812156783 0.02107621859643247 -0.010500806418259529 -0.04607120134178977 -0.10943697240898696 -0.12149154960624092 -0.09184165143203192 -0.03868435826627784 -0.004595439085946543 -0.015531604866409959 0.008098970065515675 0.06088814728270134 0.0880179233932987 0.09151300844158464 0.1508333205423694 0.21827304168770637 0.2810298445677439 0.4195974591208716 0.7388898773911511 0.39208624647232004 0.1962360310112633 0.0763225956481408 0.08974093842906053 0.07347853459178304 0.09381847962912598 0.07722544777516205 0.07002328737337234 0.059785526758172336 0.05201235275249157 0.04830439434028909 0.04198821655591935 0.026537202757405065 0.017035374647147546 0.00039025395521983847 -0.0032769956894106306 -0.00577063348158802 -0.0031560858024072703 -0.0022467087070625405 -0.0008901233165493688 -0.000318024813462183 -0.00011067909323615042 0.000016693112657221243 0.000028876704709311453 0.000027484540719614296 0.00002166098264061957 0.000011374665335000249 0.0000055566364168270085 6.426105285796048e-7 1.3350768518900233e-7 -0.0000017396535974300672 -0.0000020784735840285645 -0.0000031462324804501194 0.000003027562213514916 0.000011420563410670225 0.000022593079098673726 0.00005594310252290469 0.00010850231669095853 0.00016626264889447705 0.000208753049910097 0.00025661413143081437 0.0002830435419441396 0.0002081232900747262 0.00013176945565072888 0.00008919542672036094 0.000041677632066063 -0.000005882722653017567 0.0000017013416337480288 -0.00021991127430441218 -0.00040928596931757923 -0.0006057736234847967 -0.0006789353664449323 -0.0006710151820625286 -0.0005593889891005948 -0.00041379929247856693 -0.0002648742431754769 -0.00013592127501601997 -0.00003818760805599738 -0.00001720684455776541 0.000002746903124851944 0.000009860142339634478 0.000006095495516998487 0.000004235284025290493 0.0000016397884264825436 -7.899451770600473e-7 -0.000002697915659920341 -0.000003754647254425008 -0.000004697414695975672 0.000003892957905042487 0.00000893259133188375 0.000030305934935064343 0.00009804161683623533 0.00016799579532777935 0.0002883122111975256 0.0003856435773526179 0.00030824529325494053 0.00035017665099253804 -0.0008319038204437141 -0.0020899528323441393 -0.00482406069646988 -0.007953433695216075 -0.009423618766225434 -0.01126733674983523 -0.0010630958946635436 0.013903910080580338 0.023563502193757 0.039459742947757837 0.03394178513637175 0.04027491385468644 0.029420172406468235 0.016931862303064815 0.0054529002218853834 -0.032912489125850944 -0.09534400075114402 -0.14780600430136953 -0.27359845723275455 -0.274143353757472 -0.23032717962617205 -0.18756356053679485 -0.14007005584597254 -0.1063996240750239 -0.084332208783349 -0.1118060444722853 0.0019015081343003136 0.04422284875001253 0.08773558053517334 0.12293564253966127 0.14556591905152183 0.13732247719620758 0.10797001238119167 0.06528557612256071 0.03988009058785433 0.017849581695490342 0.0062670235035641965 -0.020089055792488555 -0.0684828356504032 -0.09407464733435694 -0.07398141645343989 -0.057661468928877406 -0.02130105798795422 0.00011554627484840519 0.001622697672637435 0.017664001992788825 0.032139244499090405 0.05385375406749972 0.07826714679867955 0.13333938538051143 0.26962492314856457 0.29042221507302146 0.48445365916484 0.3617878708239076 0.23711325661315058 0.16981941672178855 0.04971013673280611 0.044629825213702325 0.05398057921375241 0.05822111279541858 0.03972324377368395 0.03286155070924746 0.028683955686349096 0.02775432373215673 0.022447498316297998 0.01255337558451538 0.012531538045723298 0.0013925095021538238 -0.0037062885282198375 -0.002559824858621965 -0.003681826454544761 -0.0024309763403260296 -0.0012103166572695705 -0.0006622234626491042 -0.0002230825833473144 -0.00005437090737314445 0.000033166017759814704 0.000018154499415554887 0.000017698950321287712 0.0000189227987774598 0.000009345500875186436 0.000003371234884325072 0.0000010085123549460048 -7.331893489257048e-7 -0.0000015411644953813664 -0.0000019240594824321496 -0.0000024057620085002942 -5.331315425614289e-7 0.000009134764452813899 0.000015363516927399017 0.0000455238809927898 0.00007883329315533662 0.00012441269957124253 0.00016135587524428318 0.0002596940171118875 0.0003457321318836126 0.00015434102670769577 0.00010837665592999662 0.00006269632919913503 0.00002621609116470136 -0.000004988466856267324 -6.938699825135748e-7 -0.00027295175006242527 -0.00044530541483050773 -0.0007034171031764061 -0.0007643265171738031 -0.0007486747649933906 -0.0006504598671531151 -0.00045350198680498666 -0.0002885441386343921 -0.00015471365142920394 -0.000042748538437510864 -0.000013875620103749662 -0.0000035574080643742273 0.000010170027698798924 0.000006779989428036122 0.000005651256387094065 0.0000019234626112232756 -4.0659230161947307e-7 -0.0000019430523465359887 -0.0000028572823337541036 -0.000004211008091102608 -0.0000019066261096810313 0.000006937049235254522 0.000023528156084521063 0.00006567934125604226 0.00012557501664213228 0.00019972379709613344 0.0003115055122423118 0.00015551685939892742 0.00006305630410134865 -0.0004366825012755692 -0.0015567880521907486 -0.003330398094793318 -0.005925475873098749 -0.008564724066477665 -0.00992278050309353 -0.007243071276403628 -0.006756596797516161 0.0010255945299299388 0.006505860001399421 0.012598893689877794 0.014883777081189301 0.010397589614478404 0.005776311317041084 0.009128121248662874 0.0023045796420863873 -0.0411589381295343 -0.06886987381088697 -0.10709247658992112 -0.13097305285279506 -0.10718780924501656 -0.10321741590666486 -0.05978279353880921 -0.05689461868609935 -0.046891176368895296 -0.04003496084350439 -0.01429265267282536 0.007724546961431138 0.045786511922517176 0.06783853269322143 0.07565446173871834 0.08008892212832096 0.057840969059110306 0.04286434679470731 0.0246585258523418 0.008196907662900065 -0.00010909278858422803 -0.003817745510915889 -0.009369922611092185 -0.0363087093402329 -0.041790633032540034 -0.02469479803669844 -0.013949120287072101 -0.008005639461680729 -0.00040080880544364093 0.0028088350717219808 0.00713326595561543 0.014904566139793848 0.05145896137703275 0.1031183616784408 0.18523523188222216 0.2457921401721273 0.26482190168183856 0.1974297475742119 0.14176867876970536 0.05957563330893055 0.02386917157826489 0.0221768692312132 0.03356453735647228 0.02922165116851832 0.023810115048201373 0.0169115006022237 0.010890914566012362 0.010626577297824069 0.008243784592601177 0.005171467148952864 0.002002870880025599 -0.0012494737182181053 -0.00407798690705441 -0.003637139962255046 -0.0026577211685144273 -0.0014405432178602878 -0.0007927944066266925 -0.0003427799337590501 -0.000057166310857563826 0.000008642942988973966 0.000010552921300788973 0.000015598339487490015 0.000016026298673185497 0.000011983725729789815 0.000006662562712135046 0.00000159468430663713 9.211667830596095e-7 -9.083420612143764e-7 -0.0000015088138398027365 -0.0000020167361378683784 -0.0000023663799018230375 -9.821815774659324e-7 0.000003579626662840983 0.000011693311972977853 0.0000354490054552829 0.00006206430397386396 0.00009326980339358758 0.00011477763588026503 0.00031237025409025564 0.0005900349630490546 0.0001914364376153043 0.00009301092419941634 0.000040975140359768404 0.000014762306712586415 -0.00000572256077481499 0.000008857719006312905 -0.00028889991373897973 -0.0005520678026135046 -0.0007772207466151196 -0.0009561834511644592 -0.0008744294470637753 -0.0007605471967187586 -0.0005657795408427522 -0.00033987140522102725 -0.00019882735053368145 -0.000050175162239726014 -0.00001606284019186994 0.000001129002833091281 0.000005881946156029136 0.00000766220920624968 0.000005994508886203548 0.0000020361180313598236 1.3374395808679943e-7 -0.0000013911436573257398 -0.000002603455560754972 -0.000004211575494100703 7.170099374890884e-7 5.73898724836194e-7 0.000011180482913919217 0.00004159235247664922 0.00008134477810251471 0.00012756601282256513 0.00022639492761292843 0.0002619381596196763 -5.231448483708956e-7 -0.0002724328450822068 -0.0011913650988324372 -0.0019312015296510197 -0.00420288119450617 -0.006982033244147943 -0.008270088636674302 -0.008388574062458996 -0.008548275297302984 -0.0034354671874867724 -0.0017515625950446625 -0.0025754441162039554 -0.0011809449352849083 0.0004569819677407998 0.004162832648819188 0.00651630503536984 0.008283652993349428 -0.004712213364606301 -0.021336896645408377 -0.04439304116360356 -0.04569491307253774 -0.05288250854971534 -0.01674392519356402 -0.011481575137632417 -0.01600526778332618 -0.0196823494491921 -0.014739701516732907 -0.013171162210654057 0.0032861944740214507 0.002722654395367121 0.020600609417752016 0.028856070516928553 0.02377578659207201 0.020277975451103453 0.012432703973490746 0.004782087241130047 0.001519253681309702 -0.0018672664993853278 -0.005079148862554618 -0.009246571578092921 -0.012735499894217702 -0.02176898946608584 -0.013545534318072547 -0.011171466351007839 -0.008432231993275094 -0.004206660633297128 0.00012877982803707454 -0.002859792029094887 -0.0030867736719090008 0.008018746829387833 0.0440046554496047 0.0787012566119747 0.08544108125608996 0.09178936035185016 0.07759272320214979 0.01774740746295423 0.020892441151284694 0.006300639441895692 0.011735266957963973 0.014246084896904383 0.014127169850784172 0.01068322159420652 0.006802688782255849 0.004180658154150124 0.0016218606637565063 -0.00007370163714571777 -0.00013067271068286583 -0.0010055416834088716 -0.002001472945600194 -0.0021084120709276037 -0.0019747052343650636 -0.0013495721031848921 -0.0008744251312981039 -0.0005052457322594694 -0.00017878653869086877 -0.000007977880721556531 -0.0000032984396337248846 0.00000912630366890205 0.000014120442616271265 0.000012151139674861793 0.000007644950435371996 0.0000029664745022720906 0.000001368258987143284 2.4919047489994073e-8 -8.443960072837998e-7 -0.000001228740293935518 -0.0000020564222571442604 -0.000002169175724806227 -0.0000014285642130072284 0.0000032751883737253207 0.000009783847388711574 0.00002264837493217028 0.000047142654912279156 0.00008719963078632486 0.00010027511140167305 0.00023762488651952996 0.0004887504207269414 0.0001582232717815009 0.00008208271031772466 0.000023511873325495036 0.00000870336103720919 -0.000006218160597648247 1.8680570863091377e-7 -0.0003755807197633674 -0.0006657586811430774 -0.000974367353098112 -0.0011285484980960306 -0.0010887905879885932 -0.0008994238297633254 -0.0006387306159701374 -0.0004003927032317916 -0.0002259878359912543 -0.00006024576710512356 -0.000021889747827799014 9.654583099770972e-7 0.00000510916375471703 0.00000891692122837004 0.000005501302272703695 0.000002491773303817687 3.664739702228418e-7 -0.0000010258693152720528 -0.00000184683282710603 -0.000002912509704531527 -0.0000016611099737968868 -0.000001072894931529307 0.0000025845126427840585 0.000020073361438179122 0.00005629133902805965 0.00009876105561691445 0.00011976117269908726 0.00017734782066356652 0.00010168708951789284 0.00013499736882657427 -0.000615363139620518 -0.0013844163517813953 -0.002052959475341616 -0.0034710905510454107 -0.005348562649911349 -0.005599891778652442 -0.007318267603913568 -0.007524070584335812 -0.0067210492433075215 -0.0023692384579466095 -0.0009597735354167216 0.0012755415094189166 0.003085767034153639 0.0033608804910300275 0.00511514914619356 0.006401070175752328 -0.0002118352314782767 -0.012396526789497566 -0.009840062038660481 0.003326853165391287 -0.00041018289609772894 -0.005156284735906753 -0.0030123949743832753 -0.003854125627724457 -0.010377330520262486 -0.013878397811728668 -0.004461478373747017 0.00006788476968383646 0.0010355535807279998 0.00832024836826939 0.008835182030957067 0.009808206193859269 0.008139757439584018 0.0029374612371299434 -0.0018150746447681272 -0.0032200870655751126 -0.0025747927866189855 -0.0028087044504297417 -0.0009432523055161533 -0.007919394423371674 -0.008845318374234799 -0.008449285134282185 -0.006843847944348934 -0.005536821795923559 -0.003638219969041171 -0.0042089457988875156 -0.006888987179892502 0.003454606220569111 0.019633175913517948 0.03146914291710918 0.0367172909432595 0.022135006446469357 0.016320571508354306 0.013713870473251271 0.009284611164004255 0.005066703960582884 0.00410262240149253 0.00476615980071006 0.005567599908010615 0.003330831250794514 0.0010843937394321658 0.0004028964962819194 -0.0009138227476268496 -0.001247551182619413 -0.0014394767593766092 -0.0022204202289083895 -0.002003504259626226 -0.0018343510605692396 -0.001034997665580988 -0.0007613773552220919 -0.0004735399081418157 -0.00017592394124673342 -0.000028923586947734005 -0.00004440597239403585 0.00002167448970633952 0.000009818780517558786 0.000010852730236201135 0.000008197022645854248 0.000004181665618761922 0.0000022615483200870972 1.9551425250161312e-7 -1.2771020442995744e-7 -5.912296997566583e-7 -0.0000011534650388062446 -0.0000016390389326769518 -0.000002519062347469571 -7.506258903996204e-7 0.0000012189552678202173 0.00001072270680245434 0.000020058731323717774 0.00003887332415718368 0.00006992860839953028 0.0001041293330813675 0.00018197547952438842 0.00034643902595931313 0.0001107027103035651 0.0000616894342951666 0.000024078735477274483 0.000005300764649614993 -0.000005074066122312218 -0.000016491400167189548 -0.000457097096658726 -0.0007532580932637381 -0.0011657912539668413 -0.0012577315931000357 -0.0013404177623657768 -0.0011628723561527671 -0.000726201448926881 -0.0004463264343816012 -0.0002520789470520364 -0.0000678495998677281 -0.000014288832968297002 5.92393260572207e-7 0.000004844135413861185 0.000008851355683254265 0.000005495887854834255 0.000002605982457361508 5.036072508064289e-7 -6.615426679302622e-7 -0.0000012650788888989836 -0.000001961346631136774 -0.0000013137832024746909 -0.0000012429352651708738 0.000002049393837853648 0.000005129615843453366 0.000033126677014575377 0.00006591496673102484 0.00008637687250934646 0.00011523333874493336 0.00012612288008541478 0.0001220892357826632 -0.00014003150090156837 -0.0005784542961218233 -0.0011967734767146018 -0.0016556053061622653 -0.0021259750644122043 -0.002909558145521857 -0.003758780959334281 -0.003056903298378979 -0.003370319545712975 -0.0031390758567754846 -0.0009302587823962845 0.0008466160695914603 0.0019716423062932243 0.0031067531717560394 0.0031439060178242327 0.00350807558368367 0.005266893991531685 0.0005614620570631452 -0.0003669460467999412 0.0033824890931439928 0.0033451554751363593 0.004657635671380269 0.00007770742570766705 -0.002707318678289197 -0.005616364178231097 -0.005730680785045266 -0.005167787124147187 -0.0028367032230553722 -0.0009495150729830041 0.0004374228343307626 0.004051356649828255 0.0008615858226946231 -0.0017528092620544698 -0.0009636389614289182 -0.0019611192783754693 -0.0019748156604302873 -0.0013112764063175641 -0.0007237529672215574 -0.002236849256226412 -0.0028128881350074344 -0.003513359013301312 -0.0033631859193870455 -0.0038190780759382566 -0.003123150366095633 -0.0034605986587945142 -0.005198810928243211 -0.008728642819334975 -0.01066775707144547 -0.003743079353854948 0.0017903537508954593 0.003850513404933929 0.013329449561799695 0.004340886719858369 0.0013594413351501247 0.001202374699317226 -0.001860316431667458 0.0013433723930713942 0.0033240020996093463 0.0031442205656783215 0.00163927991772437 0.00046802518985765407 -0.0000852853365482526 -0.0006790210676090948 -0.0013542106813649534 -0.001653023759535337 -0.001268120367463954 -0.0008806107121010496 -0.0007583803771260405 -0.0005683490458949478 -0.00035657393810232575 -0.000235591372695711 -0.00011569817027378032 -0.00005716840107542275 -0.000015309344074395476 0.000012792273024650816 0.0000072032088777580825 0.000007991292004919168 0.000004767146241816649 0.000002687187082954195 6.796766997900449e-7 2.299318435878214e-7 -2.8027726526111643e-7 -4.911385285789185e-7 -9.650240821394296e-7 -0.0000013433846982214327 -0.000002199535191798 -0.0000010735924525678356 0.0000032887522401603655 0.000011100589603330748 0.000024406609932715408 0.00004516669704582169 0.00007367071822083845 0.00010377462404457399 0.00015251661044846107 0.00013798901022678964 0.00011170146039228535 0.0000627739987519266 0.000031517772006076847 0.000012156406416717014 -0.000004055989917075916 -0.00003037026323836805 -0.0005249970376868074 -0.0009223504924515688 -0.0012699562881534634 -0.0014032777037189348 -0.0015790988868096217 -0.0011630971207574024 -0.0008122277334831637 -0.0004634520158722334 -0.00023883822988418803 -0.00009263470493049715 -0.000013287826340060738 -0.0000015700918394927222 0.00000854007416646518 0.000006509516422762521 0.000005659537890197318 0.0000024116480082261396 7.221416372183904e-7 -3.7328828435542847e-7 -9.362500990953858e-7 -0.0000015181572069168254 -0.0000015640759216074615 -0.0000013023670125819538 9.4557363407917e-7 0.000004716368514187898 0.000011062432575493914 0.00003261394839278803 0.00006191700674676348 0.00009207656548095278 0.00010450495063774113 0.00015780710527548087 0.00010894726844005767 -0.00009568681326279442 -0.00029385899323453957 -0.0008484218328477208 -0.001359169141733828 -0.0013767243588038865 -0.0015672064534188001 -0.0019526587585188674 -0.001503535277030044 -0.0010576018588790807 -0.00012841834179941406 0.0005202403219321033 0.0011381283104261975 0.0013847421581853958 0.002538092344512797 0.0024449170328907518 0.0016199544968353292 0.0022885148498939393 0.004324166497285757 0.005022273747199888 0.0033479484729744663 0.001460368378226872 0.00013022689093519546 -0.0018225978768139524 -0.0027076476402570233 -0.003547127513052831 -0.0033383043260527914 -0.002760850926783511 -0.0019244102405177278 -0.0016663113609492763 -0.002878905527467697 -0.0006671916066834556 -0.00043988648888311683 -0.0019488822254100427 -0.0014507770284800223 -0.0010142837250928947 -0.0009679694131280927 -0.000606353392506967 -0.00034830248536311535 -0.0007745133956540235 -0.0008724630331107812 -0.0012157041379475438 -0.000819041113185068 -0.0008294900502740536 -0.0022963065520009776 -0.003333773639157348 -0.004424300645968115 -0.0041816741506362715 -0.008615405966133497 -0.010567632793885687 -0.005303776675297262 -0.011107051445410849 -0.006479429961884581 -0.0014357359448490838 -0.0005869409461476089 0.0005776103873683847 0.0006995371815314902 0.0013022003336038957 0.0012012727761692872 0.00032284042973370757 0.00007299470635518257 -0.0007301668898351062 -0.0014055766089214898 -0.001385795890278834 -0.0009666381867232794 -0.0007871420794643803 -0.000602766818178312 -0.00044530799797876715 -0.0003074077065969531 -0.00021383314467857066 -0.000150703035130763 -0.00004214812047643791 -0.000025428385761200413 0.0000064186427817949115 0.000005850895022972586 0.000009472224284237331 0.000006379090926746869 0.0000035588480549430824 0.0000011886490456036 5.991042453758522e-7 3.900137841786798e-8 -2.7808705596880175e-7 -4.5293621846106976e-7 -8.668517858814597e-7 -0.0000010853329209266583 -0.0000018934229782408833 -4.532782984566996e-7 0.0000032440079564540358 0.00001385052644089487 0.000026296282687574524 0.000047195657156567794 0.00007322580185007087 0.00010825917510414521 0.00016088704157130013 0.00011291785623813143 0.00010733814438895099 0.00006805783007781398 0.0000370257948229576 0.000015802565110687183 -0.000003504226050745488 -0.000011159899997786216 -0.0005822589410006553 -0.0009171481098051521 -0.0012738791184365781 -0.0014438632926053042 -0.0016471446625034964 -0.0011733313143256572 -0.0008166721297257766 -0.000458872262628888 -0.0002283716908114728 -0.00007146507812615345 -0.000022697749498741248 0.000003218249921261451 0.0000075374562708142615 0.000005435935966967506 0.000005386617121433701 0.0000029206476162284697 8.535126654649249e-7 -3.2526444579820157e-7 -6.818220219471413e-7 -0.0000010919732795194657 -0.00000108592183056939 -0.00000183384105058045 -6.170225476566257e-7 0.000003049544283108516 0.000003595586046841495 0.000021105256595642658 0.00003116568706809562 0.00005414241623505951 0.00007643117435344833 0.00010587736043328717 0.00011395662375235507 0.00008000273698321501 0.00003914887540300868 0.0002461247974843895 0.00010024983364451697 -0.00036297721831115746 -0.0005485647590545348 -0.00028818055595722207 -0.0005382628719246695 -0.00035305774653786765 -0.00007993491368462129 0.000145604436433522 0.0007103689242230846 0.0009716263437773982 0.001066760358433628 0.0014944802768213595 0.0016113486165890217 0.0020287879613970407 0.0026173859021785765 0.0025489772776760874 0.0024160841565074964 0.0018383177909171325 0.0009470768982617544 -0.0003656004285391555 -0.001106903673067493 -0.0016925526434971908 -0.001476242122813496 -0.0016387348697160158 -0.0013915993122942075 -0.001814860799152257 -0.001354533824532731 -0.0013784893823871641 -0.0027135001196445982 -0.0013223056118780508 -0.0010322807762082199 -0.000580107648013955 -0.00024202306929184256 -0.00017296619708392146 -0.00011745763469759432 0.000090707166061639 -0.0001481646675589264 0.00005479440447480645 0.0001784975516383963 -0.00018827039331616014 -0.0005108262958714285 -0.0009632690426118849 -0.0019088831092410358 -0.002250870273416389 -0.0018158460100986765 -0.0017141454126644831 -0.000604056965256805 -0.001239704450540486 -0.0007820972846809713 -0.0004717545920678892 -0.00014179979095033725 0.00021660781675913684 0.0007496251105127268 0.0007294529991254946 0.00041461591488758243 0.00011916806492524351 -0.0005569192770454585 -0.0008357634473655507 -0.0008678803697823132 -0.0006196517646480537 -0.0005217158417195177 -0.00039572617984531843 -0.0002949965734102111 -0.000233308317554193 -0.0001888382968898821 -0.00011199208349636218 -0.000029984340777887777 0.000006546909910995191 -0.000003822134586669521 0.000006086416087221095 0.000010432504008744892 0.000009769887560798402 0.000005118628638894569 0.0000019719420503434494 6.610731302424511e-7 1.7723492261388252e-7 -9.511941561646374e-8 -1.4153515888812643e-7 -4.294963791228517e-7 -7.54300286786144e-7 -8.731449865957923e-7 -0.0000017308502947935273 -8.642021927120996e-7 0.0000033222645913991566 0.000015342941141022906 0.00002631629717646134 0.000048811380711977864 0.00007357142140296854 0.00011355065669008929 0.00012910665898687354 0.00012067178216234634 0.00010362039804061527 0.00006036553910384314 0.000035608625737954475 0.00001398124988067165 -0.000002612932662024091 0.000006225430596263356 -0.0004704374061333055 -0.0008278636869180537 -0.0011751543899148878 -0.0015106191314177063 -0.001302049567559336 -0.001016740107573873 -0.0006900786086398277 -0.0003458394852609807 -0.00020990668416217626 -0.000057047444910314344 -0.000019317930081262758 0.000007203374978626989 0.0000047504087927578565 0.000006036480189639706 0.000004685892548979657 0.0000028472348893293203 6.763973583678299e-7 -2.4712036885647177e-7 -4.0302035094121165e-7 -7.862754897831864e-7 -0.0000010204015067888244 -0.0000012703779100780842 -0.0000022270029452049464 0.0000012965838856763724 7.3013941270306e-7 0.000010049357799814196 0.000023255687800726194 0.00003264687101564592 0.000055911255776186974 0.00008810241947707481 0.00008345708246528122 0.00009137957933003407 0.0000754337115778674 0.00002852155377732673 0.000039842021854783156 0.0002261302407073374 0.00011477091153619395 -0.00008893289764235641 0.00005940964721168432 -0.000020836990098234097 0.00007424954296559696 0.00013856247729302987 0.00017399524227788393 0.00036913172488058625 0.0005260207671853802 0.000666917888306256 0.0007585029737266985 0.0010593541525443966 0.0014854810463816384 0.0018359186332958743 0.0015942563236883785 0.0010642114538136932 0.0007264305560137788 0.00010086158025680496 -0.0003290719975436118 -0.00041612996089326985 -0.0007808598700460795 -0.0008338467592876757 -0.0008699109950883001 -0.0009738018269171504 -0.0013338444233605337 -0.001220877456258294 -0.0011338284872997432 -0.0007998895985281615 -0.0005324691966565403 -0.00027154774005092817 -0.00012134582198566249 0.00004795370731913811 0.00023889267057041342 0.0002610938353635102 0.0005301148946960776 0.0006873172828379505 0.000651671152435546 0.0005519773148336014 0.00023384043484790803 -0.000042818260658393804 -0.00035326771563536606 -0.0011036328188425426 -0.0010155018112870124 -0.000360882854302429 0.00012810250980005425 0.00017559579858418304 0.0005650464867527068 0.00038248301721196035 0.0005624140004867839 0.0007575808672526754 0.0006102256212877085 0.00035271921134442767 0.0001295148010904689 -0.00015325884457241708 -0.0004062239840696804 -0.0003738439260897467 -0.0003894207295993867 -0.0003904485886390257 -0.00029383775524373997 -0.00023783363372660197 -0.00017210226986398957 -0.00010386168651324152 -0.00006712630708578128 -0.000021273042188157144 -0.000021933769932499055 -0.0000034761464286283247 0.000004867755814692056 0.000008214800688973113 0.00000923038900279716 0.000006211606119510453 0.0000036418669475405577 0.0000014119293446370284 5.72811155382428e-7 1.824632061176149e-7 -1.301141044770764e-7 -1.53729930663323e-7 -3.288805867775275e-7 -5.386792560095867e-7 -9.49598261516493e-7 -0.000001618931032068964 2.4984484964221263e-7 0.000004642071218094101 0.000012010838760097823 0.00002518859313480731 0.00004703274844501019 0.00006942019126288103 0.00008688665682333899 0.00009664401986670075 0.0001017563605345001 0.0000848013907264428 0.000052970337681193266 0.000033468691004061464 0.00001546896476874162 -0.0000013913085093343747 -8.104016009310859e-7 -0.0003823159252455291 -0.0007031644503065422 -0.0009200677638027416 -0.0012518330199427516 -0.0010918930667241377 -0.000832681394902209 -0.0005100569851009202 -0.0002807408973563377 -0.00012824727518428568 -0.00003059435713584954 -0.000016150558885391816 0.0000017747184401231466 0.000004069800860675873 0.000006311231571130062 0.000004277799668251966 0.0000021939139134900236 5.829983728239275e-7 -4.62783771563581e-8 -2.649533006480844e-7 -4.691233632913153e-7 -8.306588605161355e-7 -0.0000010019708824707484 -0.0000018125884531396937 -0.0000012261762843310575 -1.1592627319984277e-7 0.0000033749638896660623 0.000011400632567496255 0.00002176338937254179 0.000037038102601767746 0.00005393003267670794 0.00006314836351473134 0.00007380113375229226 0.00009541149782053783 0.00011637126831308173 0.00011601275591238854 0.00008681462976497171 0.00010471640231345077 0.00009365505406773415 -0.000006544229611948626 0.000014919062471191854 0.00001875840080620937 0.00007792567067985486 0.0001368674680004829 0.00018237118176853565 0.0002941372253169428 0.00033177776417557824 0.00037614520840051796 0.0004330452394524801 0.0006485540092683625 0.0007373309436446542 0.0008724535712482424 0.000652023395403821 0.00043214131133936334 0.0003920486890051604 0.000057317893552408606 -0.00010100751655930743 -0.00007694448149337143 -0.00020277130716921053 -0.00033337965643950493 -0.0004564423333702104 -0.0006250481796605825 -0.0006894206787565108 -0.000655088697087368 -0.0005408411731619154 -0.00031811187948814517 -0.00009723960033156203 -0.00006192370226498624 0.00008022655620336269 0.000200491658073795 0.00032376695909872987 0.00032720975196587267 0.0003413385350772175 0.00045226131831542016 0.0005829627369860519 0.0004595701388276098 0.000280412340691697 0.0002598119331310673 0.00003972457114835222 0.0001485238449225696 0.0004356885329350229 0.0004850107368502273 0.0005206948355096899 0.0004018379721408292 0.0004425944826282651 0.0004138632889792844 0.0003653530817798714 0.00027230020222938586 0.00011278039759315373 -0.00003330689007046634 -0.00010042951849410365 -0.00015179190345924117 -0.00016524302197574564 -0.00014797963833429088 -0.00012350155408048 -0.00010536245533287443 -0.00009936395891804813 -0.000059064336303004456 -0.00005320216434040776 -0.000024952562027996755 -0.000008009279579988596 0.000009292482651787826 0.00000799107794994626 0.000007489172263325227 0.000007591651474726863 0.000007813812854287014 0.0000042509195121552254 0.0000019543311451962985 7.004767091460887e-7 3.6966168476730794e-7 -5.38004174199377e-8 -7.192446711112783e-8 -1.2500454406997976e-7 -3.32794584072215e-7 -4.5042709661710373e-7 -0.000001054983010311704 -8.12188079593648e-7 -7.216927918567214e-7 0.000004130703508514975 0.000008769772590527991 0.000021447993804549572 0.0000395935076765564 0.00005417421504291823 0.00007220885482510772 0.00008526985283663169 0.00007897209079432772 0.00006775104757603065 0.00004734020648509882 0.000029532601692093205 0.00001404957908577221 -0.000001709408462385995 0.000026641111727697455 -0.00022085814382470778 -0.00046577188434674446 -0.0007614611814818497 -0.0010199295971456352 -0.0007629576670508851 -0.000585946720011365 -0.0003287831526448576 -0.00016522262358298914 -0.00006502903981887025 -0.00002195394557235278 -0.0000065517465123616505 0.000003728843351589708 0.000007995849996402362 0.00000474219655346612 0.000003204678805667881 0.0000013830131205952466 4.850636177940092e-7 1.2591437215724155e-7 -2.408900746966478e-7 -2.8369008208765505e-7 -4.643079217664868e-7 -8.168610264372356e-7 -0.0000010423905591453097 -0.0000013795510006200362 -2.2532194513824086e-7 0.0000014807455996495038 0.000006307874121293759 0.000009322182331941984 0.000017807107895056747 0.00002656362629676667 0.000039328171343334046 0.00004617922010380794 0.0000673482125245113 0.0000862346687811991 0.0000905679898938177 0.00009513312159608961 0.00007471486317945654 0.000044797952716370006 0.00006265220841654751 0.000016283800486222514 -0.00001831245521151534 0.0000069317896372237995 0.00004378412457114887 0.00011038682616864384 0.00013064342142562744 0.00020624598740464172 0.0002573172789104217 0.0002826163616814923 0.00039171172552947514 0.00041074920649689355 0.0004146399460335907 0.00039250791050639305 0.00031956413506945946 0.00021463145972932282 0.00020407719981822042 0.00005102947960670597 -0.0000064676421158294605 -0.000048021598549213136 -0.00011501233037143217 -0.0002010996002254727 -0.0002375227135661125 -0.0003153546688514742 -0.0003038564413579259 -0.00021896762402499195 -0.00012096656747289301 -0.00006150418279862167 0.000014818940517931373 0.00012826780148615872 0.0001318283541769481 0.00017082805699372345 0.0001992631562241969 0.00020565663426034926 0.00021327619765458417 0.00027174071091936946 0.0002864747020899866 0.00026037669642849597 0.0001814494425935327 0.00025416109069344704 0.000420805171090082 0.00037208053460356536 0.00033963698078997217 0.0003211198254098703 0.0003524517144868301 0.0003272684775476282 0.0002452027314479933 0.00018674075399817197 0.00012648804236485938 0.000052474964841510485 -0.00003007788244845572 -0.000037678581345289156 -0.000053703261395905664 -0.00004425584846476977 -0.00005861083580194431 -0.00006064043901551253 -0.00006401405386791638 -0.000024393061130057788 -0.00002677317849478516 -0.000004763297497523753 0.000001677644044956833 0.000005293947203628501 0.00000730524486837373 0.000006036711622338173 0.000006823967154432941 0.000005833122913214385 0.0000037855380064385983 0.0000023431664494274006 9.031696802695086e-7 6.893312466192212e-7 1.0911513838164289e-7 -4.3708409342002263e-10 -3.688424991856539e-8 -1.2951985196967755e-7 -2.696354634436154e-7 -4.886097802672613e-7 -6.767108334960212e-7 -7.800659118061732e-7 -4.067028018031387e-7 0.0000022453374643429453 0.000006191052428022581 0.000013571599259149669 0.000029022510279379004 0.000042410097938475806 0.00005650872514119896 0.00006278199176171009 0.00005842916974427001 0.0000476087636584339 0.000033902311432867764 0.000022680068059289425 0.000010484409814912608 -0.000001724224121208914 0.00004524498536164343 -0.000053872439036611145 -0.000331990430276057 -0.00047887098546136014 -0.0005618151876863734 -0.00047683391298623313 -0.0003386477279132757 -0.00018548987318529281 -0.00008747859443866888 -0.000043954241535834 -0.000009564826737035153 0.000002263182333765866 0.000008255037311502488 0.000005766862784252649 0.00000421967002374508 0.000002448020032015171 9.588480271951537e-7 5.245133801926018e-7 -3.544186481345289e-8 -9.050066455694027e-8 -1.9888091086303643e-7 -3.107691453996628e-7 -5.633372641769748e-7 -7.401326930370582e-7 -8.90823299091258e-7 -9.556996888429267e-7 -0.0000017358962240168306 0.0000017820149144432392 0.0000043149422757288355 0.000006825795682742632 0.00001571663538900493 0.00001919915711357879 0.00002805134187371506 0.00003120343805479293 0.00004018248111162262 0.00004756450801743383 0.00004074504187488303 0.00003970463154360913 0.000024352047334505375 0.00000765234938283677 2.1783663644019635e-7 -0.000011281323210301955 -0.000011164498037098658 0.000011921577413814822 0.000032157100100169714 0.00007714962436194645 0.00010029336363179195 0.0001297009955891687 0.00015167118830413962 0.00015716782791258261 0.00016179630640718141 0.00020491005789307043 0.0001951732629149635 0.00015625800753831486 0.00013338542582917243 0.00009384621680647464 0.00007962904155629235 0.00002864793261476205 -0.000016983317166615626 -0.00007730047384167122 -0.00011561274292341172 -0.0001316139808587501 -0.00009431867350827224 -0.00010832755232971283 -0.00006656944257108017 -0.00005445293357531602 -0.000025692701462098192 0.000030596509421202084 0.00004585254927740601 0.000052543626711981615 0.00007453116652574624 0.0000684495046499256 0.00009448813831533982 0.0001056536780017382 0.0001311993688827562 0.0001519467755725064 0.0001892126793225449 0.0001911269354382267 0.00021386242406920864 0.00022468312143989827 0.0002305256372302549 0.00023811361498192083 0.00021177416203406666 0.00019728113536001145 0.0001372832927310088 0.00008932058012301655 0.00004067214377910144 0.000004389407932106334 -0.00004316933801212222 -0.000033107299240285085 -0.000049928492738250064 -0.00004738266016329372 -0.000044230709447173095 -0.000028406562359747655 -0.00001884643487835287 0.00000825060606547539 -0.000005165541682580533 0.0000030420421260026055 0.000010152782322428444 0.000008652852156087517 0.000007623880918419454 0.000005284545402439665 0.000005770113686436358 0.000004756551447685657 0.0000033795263230346655 0.0000020763155092043795 0.000001186559007750145 5.276081694043184e-7 1.6684164355993918e-7 -9.510090135276922e-8 -1.5309952776747825e-8 -3.9939334817505106e-8 -9.252777784438562e-8 -2.451509085883693e-7 -4.1484409708139665e-7 -6.866965374383947e-7 -8.746579806157357e-7 -5.152529093155442e-7 6.904128514922912e-7 0.00000460368012230483 0.000007735704232291619 0.000019768249594725663 0.000028124469176686905 0.00003677793451403619 0.00004092897912432698 0.00003761485493562562 0.00003495796773067149 0.00002310165361621157 0.000013463045684691113 0.0000039728840869107855 -0.0000013892061779796034 0.000022237335399485143 -0.00001622225387833809 -0.0000759740317997517 -0.0001801227597133775 -0.00024365508675607358 -0.00015183498131517273 -0.00011775553737730109 -0.00009235747720526128 -0.00003670633978821204 -0.000014871906755216189 0.000002549998361773757 0.0000076136472536152 0.000005660385213705016 0.000005548018364050221 0.0000029694762946572072 0.0000013252556621830787 6.491372689749655e-7 1.22159657122115e-7 -3.465266854103421e-8 -5.088494122733653e-8 -1.085516329065442e-7 -1.9856713610232677e-7 -3.205606860817362e-7 -4.882911040047228e-7 -7.239212049971377e-7 -6.261202614961518e-7 -0.0000012066339367695753 -6.810948699488272e-7 1.0696119198764954e-7 0.0000025907255258825425 0.000004212776536104876 0.000006735054290139555 0.000009190354522468335 0.000014458836133110628 0.000020281037010611177 0.000017963231104831287 0.00001530989158221274 0.000007517784392070591 -9.188181262179182e-7 -0.0000028065703908456086 -0.000008470301631269714 -0.00001438993023450771 -0.000013859003347024667 -0.000009367214366679486 0.000006280805970913543 0.000029411850370762752 0.00003999284116248747 0.00005536035813545487 0.00006918075084438253 0.00006580369371446689 0.0000893445768376573 0.00008548406496620254 0.00007120310691020129 0.00009310306142684116 0.00006927618205192824 0.00005129749097496238 0.00004630953512982181 0.000028942718277776628 0.000003830309572027759 -0.000013850353108542802 -0.000014654925393574702 -0.000020984505233915195 -0.00003275788541093221 -0.00003054615938222797 0.000007724607565090593 0.00000378744772944556 0.00002704645219667446 0.00003279273577934046 0.000025177571312647554 0.00003448626491868575 0.000025289397717514648 0.000027280950807137613 0.000031591672481914396 0.00004586592606595799 0.00004306370668923826 0.0000482675580041923 0.00006105601688773045 0.00007193162435905288 0.00009169419195483725 0.00010964500066166125 0.00011334763445290147 0.00012057633964874329 0.00010836098239324154 0.00009569431578630297 0.00005379167535582713 0.000022819745052037877 0.00001723960419434315 -0.00002608521166220576 -0.000039735032386524464 -0.0000532693226891702 -0.00003542454912480293 -0.00003136187141615491 -0.000018732402117577076 -0.000006968583884631876 -0.000003700454096798932 -0.0000017723803235297467 0.000007963720713577012 0.000007555418819784903 0.000004037723662575821 0.000003302821058619234 0.000004728133192090819 0.000004115067899756613 0.00000352815743935734 0.000002764806132833299 0.000001753432441916665 8.542218747570035e-7 5.079565247021555e-7 2.4212917163445046e-7 -1.60122401804552e-8 -8.170842797665687e-9 -1.0319792282505656e-9 -2.9767267513134743e-8 -7.51594908572565e-8 -1.7113232796974597e-7 -4.37892636260592e-7 -7.184667141846999e-7 -0.0000011131933173952434 -9.213319835933296e-7 -7.491262635962595e-7 5.473377336138008e-7 0.000004291572626784873 0.000007542344793475778 0.000015553643614158237 0.000022066884605482617 0.000024529355829323158 0.00002253840982120289 0.000017159377247634562 0.000011009556601253515 0.0000036727521758690525 2.5329850607582137e-7 -0.0000014494772800635984 0.000013987525648771164 0.000006815393463513739 -0.000053702244480957684 -0.00013913785921354185 -0.00021059339192561812 -0.00012917864824892996 -0.00006833963789782333 -0.000005511390045096426 0.00001395988632264356 0.000015606341485876095 0.00001067085488696111 0.000016355190877812933 0.000008611021147397851 0.000004774793852280354 0.000001968494402380854 9.403587810077319e-7 3.2506239320479576e-7 8.618487080470514e-8 -9.19611829951768e-9 -2.7668068737451092e-8 -6.657224450981941e-8 -1.0359463067645648e-7 -2.022852502490717e-7 -3.099149612414311e-7 -4.2708871963887725e-7 -5.185916381037909e-7 -6.451935510467287e-7 -7.034763952092376e-7 -4.6204447787710655e-7 -6.932799372037219e-7 8.536609077615664e-7 0.0000025010391930175023 0.000004723354480232258 0.000004749286039438554 0.000004775122811338346 0.00000651911223735941 0.0000036056449761336486 0.0000025303011222327314 6.22923501603807e-7 -0.000003922553741264812 -0.0000071267736765748185 -0.000011071876807786945 -0.000011414772309759554 -0.000013905769103795077 -0.000014982688416582301 -0.000011195422312329958 0.000008984538261633437 0.0000016938608921044714 0.000009476949887178705 0.00002742416287926422 0.00002929868955221857 0.000023164580755027094 0.000027948398189666916 0.000021488453805142226 0.000025952754493704836 0.000035937849070947575 0.00002278078600484046 0.00002580389176465919 0.000020505520888319322 0.000012720224469037267 7.088691168128949e-7 0.00000533955780611793 0.0000031079245141561638 0.000007964941059269226 0.000007490054021026528 0.000006587398465230522 0.00001551846100932381 0.000011524532411166957 0.000006278106531650464 0.000005730112634563963 0.0000087408261851473 0.000006464152938498027 0.000004265331768540096 0.00000466299007444772 0.0000024497767923035227 0.000005416957686395966 0.0000035233525189212457 0.0000178609571980685 0.00001598666139441625 0.000026509989884872876 0.00003103521671001271 0.000012557844482466078 0.0000016095005504545417 -0.0000165522802955898 -0.00001725082196447344 -0.00003106272780910556 -0.00003578966470630109 -0.00004459437849402542 -0.000041893214733114435 -0.00003130721480279559 -0.00002425519455929436 -0.000019597576913858932 -0.000011035569016973099 -0.00000442256837483121 -0.0000020859569324738523 0.0000015824017364753191 0.000004158255622135368 0.0000038026224832544967 0.0000035174298820693137 0.0000028617612431926792 0.0000024942265181833822 0.0000022868385605671876 0.000002016006380532613 0.0000011254532210105175 7.95531206827642e-7 4.95360866153294e-7 2.4124069945521335e-7 1.8474341883244225e-8 4.920180983057748e-10 -9.591556615665883e-9 -4.690854024390914e-9 -2.7057516549381855e-8 -7.621176443118174e-8 -1.560430427250373e-7 -4.5036694131843626e-7 -7.800587094357849e-7 -0.0000011164145325600722 -0.0000011636951283559538 -8.252948061786033e-7 6.151526506054609e-7 0.0000031820799483384507 0.0000050834375847460855 0.000009508378087578253 0.00001288490616512682 0.00001239202569756239 0.000014101286451914027 0.000010866442437248551 0.000005657316009310294 0.000001599657387909878 -0.0000011830226534283067 -0.0000017893601037281205 0.000010960411161842034 -0.0000013026153139599475 -0.000037321378770941326 -0.00011443632105556794 -0.00020020588792559808 -0.00014870350221644015 -0.00006398985917027009 -0.0000049298673693961816 0.0000024110033256190904 0.000006301711070965794 0.000015369553594205204 0.000010123348290466468 0.0000070050347790670925 0.000003928383943807672 0.0000012854277853968482 7.412126266284222e-7 1.9630795429080248e-7 -1.479836894042395e-8 -5.415164958033007e-8 -3.382584767002987e-8 -3.940215164778039e-8 -6.859252618307204e-8 -9.163375354132985e-8 -1.3566487932794895e-7 -2.393841348387747e-7 -4.047622799143179e-7 -6.028596411193086e-7 -6.62157436848353e-7 -6.128441326414498e-7 -7.298127356350512e-7 -2.647208648842306e-7 5.855670178584417e-7 0.0000016229945830517678 0.0000018603730730438198 0.0000024896605773426237 0.0000014333590392227568 0.000001838839780326659 0.0000013927715087535798 -9.45065817485428e-7 -0.0000029041096369901736 -0.0000041808603297382795 -0.000006149419368623207 -0.000006575265399930355 -0.000008806234735287543 -0.00000935183836181071 -0.000006872618930215157 -0.000007507049521031569 -5.151984655536165e-7 0.000003874174092206868 -0.000006397532064566081 -0.0000027496024364559577 0.000002627218971297821 0.000006434420831492846 0.000010815449178640462 0.000012655292809836541 0.000009930891657120133 0.000015784837027516265 0.000010444262453111265 0.000010071916828670447 0.000012948371719460182 0.000012708382508209495 0.000007114743966179902 0.000004934058302935632 0.0000022486971947983408 0.000004298452300665593 0.000008159637099176657 0.000004557424831090563 0.000005385916658224088 0.000005077268484539882 0.0000025095138428652178 -4.811960300119507e-7 5.955306792341446e-7 -0.000002500569951582901 -0.000003901399021711403 -0.000003641870681351494 -3.6896435247439907e-7 -0.0000021969791635884264 -0.00000985977620921224 -0.000010040739601113167 -0.000011925603696012834 -0.000019369660736162757 -0.000010877790112949569 -0.000010953158640311714 -0.000012585274002996501 -0.00001915180630377542 -0.000018065888022348612 -0.000026103560660934055 -0.00002982295950984392 -0.000020591110528814755 -0.000016343020612756923 -0.000012411046833953823 -0.000008851916259543775 -0.000004284165794878064 -0.000002146633297719005 8.045953770580786e-7 0.000002536804143840298 0.000001576916850692421 0.000001980364900598297 0.0000017271088148127704 0.0000015042800930287515 0.0000013089548079085376 7.243425032161092e-7 2.723172509368874e-7 2.2086969098371644e-7 2.322655540852746e-7 1.3770969963003195e-7 9.448328357561473e-8 -4.453530988754444e-8 -1.776685423658178e-8 -2.1531919421273115e-8 -3.3014404998436594e-9 1.150981831997959e-9 -6.340865911130998e-8 -2.1969189713981658e-7 -5.010049181267552e-7 -8.546542587081733e-7 -0.0000012795846816504663 -0.0000013854160126380921 -8.199157744808126e-7 9.398038520956944e-7 0.0000021628324936948905 0.000007302867592732051 0.000012549800545488748 0.000014144226076158218 0.000015066741300424453 0.000012776975063738723 0.000010218136385904988 0.000005592039669838345 0.0000026377488940800055 -0.000002260459153146213 -0.000002191182689834751 0.000011772611710396788 -0.00004494993067071328 -0.00012960177719160783 -0.0002723495727882802 -0.0003618464724266236 -0.0002581896486150927 -0.00016700442378205115 -0.000053003506515486516 -0.000008224965659800098 -0.0000015587097211413817 0.00000944374445365482 0.000009432037198783215 0.000005409002417709297 0.0000032338654864640864 8.939932741351295e-7 4.579321418000348e-7 9.30898481357485e-8 -3.275154925570435e-8 -7.311224316801601e-8 -2.5267318812759284e-8 -1.0319265972569424e-8 -1.956176814435806e-8 -5.692525908026184e-8 -8.594831189710228e-8 -1.347035753024827e-7 -2.1723933736525464e-7 -3.169947256916442e-7 -3.357545844533496e-7 -3.347015753567284e-7 -3.7881206996083127e-7 -4.703984305653885e-7 -4.7275152209188916e-7 9.330428117163754e-8 -6.973382582088349e-8 2.8119444619237084e-7 8.05263421058259e-7 4.5413382222736286e-7 2.8259767569312382e-8 -3.0097870040234757e-7 -0.0000014726385287358534 -0.000002497065191619601 -0.000003260383922658846 -0.000004573678292171574 -0.000005879248360278164 -0.000008458840914509439 -0.00000810800739283988 -0.000006443321891237108 -0.000009925850182514342 -0.000010577114308553665 -0.000005506647090567707 -0.0000030646881460755846 -0.0000036985670903536395 -0.0000030469180660943973 -2.787332892166302e-7 7.827024196902076e-7 0.00000484428511396305 0.000004713865830632464 0.000005335888835085327 0.000007308605874199823 0.000005210258357579369 0.000004526962131521261 0.000004187943254119299 0.0000040339354813880265 0.000004498326633579654 0.000004662330542496545 0.000002803330670154468 0.000003949033311565355 0.000002971739375342249 0.0000023306830547456974 0.0000014402988657038795 4.099326799267876e-7 -0.0000027247994299570656 -0.0000034709340044901443 -0.0000038304031270751265 -0.000004834123262435235 -0.000008320364581057196 -0.000010321392195298197 -0.00001167472523957177 -0.000016174442431840196 -0.000021680168799658058 -0.000017187167048274356 -0.000017479184495329418 -0.00002247918300080597 -0.000020791639138023357 -0.000016277363763061983 -0.000020012347569051042 -0.000017810679854928383 -0.000013288678169667188 -0.000012695750609284742 -0.000009544340429920719 -0.000006453130032749239 -0.000003123528781404848 -0.0000020839272126016366 3.431956624190518e-7 0.0000010078092059390645 0.0000011067713096093326 8.082758669872167e-7 5.086543402404436e-7 6.810407085358072e-7 6.937151089047198e-7 4.1036871339075073e-7 3.8809015029198056e-7 2.6186050655853207e-7 1.4522342921043557e-7 7.998806549113657e-8 5.2291638604216685e-8 -6.466690524415267e-8 -4.4378030033527654e-8 -1.941519877963031e-8 -1.5922535025158358e-8 8.332651388685373e-9 9.320879955050532e-9 -6.80509864766525e-8 -2.7728181819403183e-7 -5.021669327177117e-7 -9.075729215376774e-7 -0.0000015344051207879766 -5.897961374901875e-7 2.9700804135546227e-7 0.0000017282083993910543 0.000004363516950347799 0.000010558870141162582 0.00001543151510019061 0.000020379110168781625 0.00002126346531520196 0.00001902376296715322 0.000015749556752379457 0.000010527144009280115 0.000005028212830435074 -7.581636861333761e-7 -0.0000022929300432198685 0.000015411692888523597 -0.00007700313775927031 -0.00026868702615120613 -0.0003596968750038833 -0.000498138982180483 -0.0003843868444339559 -0.0002604633651454057 -0.0001106806342541047 -0.00003969313748433406 -0.000011274788132541801 0.000001551703608501367 0.000005930770202343808 0.0000049092699538790435 0.000002998691864669287 0.0000012517074525818836 2.7482699257723244e-7 1.722494924703164e-7 -4.1451908674465234e-8 -6.110087388268402e-8 -2.994919205502813e-8 -1.6056112064717884e-8 9.257397873457333e-9 -1.3989439463787022e-8 -4.05711172164495e-8 -8.377825293629295e-8 -1.3069792441567656e-7 -1.6783298153603795e-7 -2.1071292271052482e-7 -2.0882282821659276e-7 -1.6738312906830715e-7 -2.0677919845028627e-7 -3.485007313057511e-7 -4.5116366549103144e-7 -2.405426277965886e-7 -9.885854292952803e-9 -4.118548399586221e-7 -2.449718517649848e-7 -1.799343978889102e-7 -9.271012512901461e-8 -3.3470500785987095e-7 -0.0000011486560963717762 -0.0000019871479602396196 -0.000002209750006091504 -0.0000033551121743823475 -0.000004349083606487566 -0.0000053606543264817024 -0.000006226505736661343 -0.000006615124139952171 -0.000006269619106480547 -0.000007252596681381299 -0.000006268476337156059 -0.000005340042806269995 -0.000004406878911503312 -0.000003275511100389106 -0.0000015425184962857157 -0.0000016552745309871457 -7.315719336541371e-7 0.0000010662848717478028 0.000002236860438986306 0.00000340404777965276 0.000003987923603435069 0.0000030490226660861502 0.000002506896106397781 0.0000024736151635563037 0.000001996221679124947 0.0000023561141391266678 0.000002145446283299256 0.0000017496249755149162 0.0000014258495497932684 9.92311069551952e-7 -7.531512009999042e-8 -7.655266392891889e-7 -0.0000017613572299101426 -0.000002356355107945458 -0.000002708949823948245 -0.0000027611137325563 -0.000005108136708573296 -0.000006388271502428784 -0.000008672805491713119 -0.000012779395335862753 -0.000013997037782914389 -0.000014108637389112066 -0.00001217085953336688 -0.000011946180060063944 -0.000012199963641328603 -0.000010542478258106525 -0.0000070804235778121185 -0.000007016297222186481 -0.0000061201733254181895 -0.0000040242131635715685 -0.0000022460941820830815 -0.0000016642070927415875 -7.436043178982374e-7 4.0874265030414123e-7 8.765956863564058e-8 2.5831385899582123e-7 2.7838791176163565e-7 3.1398479121336905e-7 1.6647090514136258e-7 1.6284749674042258e-7 1.9394112326469907e-7 1.2410940729752084e-7 6.014738714738393e-8 1.4024711849000276e-9 -2.51339936613966e-9 -3.533141018164824e-8 -3.24849971717026e-8 -3.0604800398656405e-8 -2.171344200398503e-8 -3.524105647265524e-9 -3.3754767442352975e-9 9.20535403165811e-9 -9.279587388986727e-8 -2.6801829702619783e-7 -6.906582887441665e-7 -9.301235271228418e-7 -0.0000014119892341129382 6.28772182696462e-7 0.0000011789765339580495 0.000006161214585296858 0.000013358921904939886 0.00001875071497543812 0.000026712211771932873 0.000035012983147626464 0.000033289389358045364 0.000030292946702870242 0.000022550627854036013 0.00001582224664835375 0.000009346904516411405 0.0000023152788238339226 -0.0000023980207479500285 0.000009127192503184772 -0.00014730924338273878 -0.00031403191033099086 -0.0005139971099150492 -0.0006277389967551123 -0.0005273451354594071 -0.00033511038930294324 -0.0001615420777563643 -0.00007919055631406023 -0.000012907032282087943 -9.229731736298184e-7 8.447912583752974e-7 0.000003243966040039434 0.0000026199360063716544 0.000001186696046039306 3.1665188869759033e-7 1.92292700213762e-7 -2.2501157700065036e-8 -4.183876208603317e-8 -3.763163848948128e-8 -1.586333288390477e-8 -2.2343854539206243e-9 4.856166197095524e-9 -1.5262671623077387e-9 -2.804584884352561e-8 -6.60876273812329e-8 -8.98179432397849e-8 -1.0217381012016832e-7 -1.2477911587450683e-7 -1.212887774613406e-7 -1.5580976489920351e-7 -2.0689279405851163e-7 -1.8801949017957606e-7 -3.2378423306998187e-7 -3.388550497615709e-7 -2.150857555538852e-7 -2.3709701959047197e-7 -9.640556295934172e-8 -1.8479991737913825e-7 -4.375233548915546e-8 -2.2073848517810193e-7 -6.026416055614276e-7 -0.000001095995537244761 -0.0000016498419389987193 -0.0000023824956518567065 -0.0000030180323851164393 -0.000003947438486263557 -0.000004465764670715629 -0.000005055623570690977 -0.000005187279814210332 -0.000004723089529547864 -0.00000434386359039605 -0.0000032503952690550672 -0.0000029719781785947716 -0.0000020544852378339934 -0.0000012729947475359144 -3.09794530021596e-7 -1.1438182711361068e-7 9.432868815294532e-7 0.0000012580375875988956 0.0000015122308988292859 0.00000128466386655693 0.0000011985470978959937 7.82697231440679e-7 8.638230247647912e-7 8.769305134422317e-7 7.535937937573911e-7 6.920371245376552e-7 4.488882616308424e-7 2.739408764606323e-7 -1.5759360360132914e-7 -6.082014819764831e-7 -8.623348498169218e-7 -9.763313323759988e-7 -0.000001362375752055252 -0.000001305235306149261 -0.0000019973085563473407 -0.0000030983730834474546 -0.0000036901632706708266 -0.000004972493342182269 -0.000006888574173539835 -0.000007254910232576545 -0.000006979869666735198 -0.000006219801767299713 -0.00000580491524524956 -0.0000050398263001774455 -0.000003909885123747471 -0.000003034532143521697 -0.0000013586412675002878 -0.0000012122561784086594 -6.699757660292776e-7 -4.639930956832552e-8 4.505110377718681e-7 2.5669708866479395e-7 1.716572748195596e-7 1.906674681604481e-7 2.319040421735306e-7 1.8944998244284998e-7 1.766851474577244e-7 7.99070505660761e-8 2.301924018069674e-8 -1.31307507014088e-9 -3.242638366910776e-8 -1.8875912859635022e-8 -2.8640179793210943e-8 -2.7212005762609823e-8 -3.335109292531324e-8 -2.1519166373128104e-8 -4.314761623549603e-9 2.173228734425077e-9 1.0801172872118063e-8 -1.76271617898042e-8 -7.422103245631454e-8 -3.3399638866016586e-7 -5.95412637481819e-7 -7.564937843480765e-7 -6.316714257751299e-7 0.0000011857025466808231 0.0000038445971691053055 0.000011275404920139568 0.000018642555703154694 0.000030082208409170504 0.00004226875076986217 0.00005215724264153976 0.00005277459216880394 0.00004645946998011865 0.00003721393151493396 0.000023479549002569476 0.000013716028941292282 0.000006389842858723601 -0.0000021077335879418195 -0.000003214075888578144 -0.00020021719547747843 -0.0003641674815993795 -0.0005335188812903454 -0.0005640834080934329 -0.0005173194191032979 -0.0003622312768964209 -0.00017870449239616276 -0.00010815364736812713 -0.00004202549195254713 0.000003277191211459912 6.016165715475249e-7 0.000003997067622531139 0.0000028517205885746126 9.896772767837608e-7 5.17584412280024e-7 1.8586102817551427e-7 9.198591455483653e-9 -2.098427021823677e-8 -2.9516058535014375e-8 -1.2227674995815807e-8 -5.090900761879219e-9 2.9127002534573463e-9 6.252702738953815e-10 -1.2568191688273764e-9 -9.099500970993615e-9 -2.1951603018827464e-8 -4.404031642917652e-8 -5.910995185904929e-8 -7.92126867802e-8 -1.0379533974662116e-7 -1.2064368226297087e-7 -1.7775682044144623e-7 -2.2708827301919333e-7 -1.9243924893960557e-7 -1.5848960574825544e-7 -9.587502971015797e-8 -6.297466154894729e-8 -7.255938667751612e-8 -3.6795904015362944e-8 2.8148597305710016e-8 -2.4637885152050643e-7 -2.2980017605588256e-7 -3.841421443886352e-7 -0.0000010492341387427719 -0.0000013282735291138366 -0.0000017459630365580635 -0.00000222820681287152 -0.0000024205764046363167 -0.0000030350156629240147 -0.0000030557195439912133 -0.0000029139965710412246 -0.000002403790776255104 -0.000001968050806282037 -0.0000018646605085831282 -0.0000017908897873375466 -9.396658957140832e-7 -3.0543991051971846e-7 8.775352743699352e-9 2.7399557582887604e-7 6.262903020310861e-7 7.282583251545326e-7 3.652193800128062e-7 3.9789886058654716e-7 4.124954744208799e-7 4.117498292863608e-7 3.476333758707385e-7 2.786125134569529e-7 8.81200383892297e-8 -1.4441192633157508e-7 -2.1865318718333876e-7 -2.9191534992697676e-7 -4.044714590430805e-7 -6.137777639121835e-7 -5.634056343118159e-7 -2.694415036547297e-7 -7.674564351565982e-8 -9.309232148710438e-7 -0.0000016477756498812988 -0.0000021146785834773033 -0.0000026141606722574137 -0.000002529046567868029 -0.0000024450531980560308 -0.0000019188117538659382 -0.0000016659289161030537 -0.0000015204159628987123 -7.573087527443454e-7 -1.230446003450023e-7 9.896520535206517e-8 2.2228119101007803e-7 1.7173373873463212e-7 1.9166550394454972e-7 2.0066359972389064e-7 2.7744659296738454e-7 1.8931317519661585e-7 1.4365347102508134e-7 1.335387887203914e-7 1.0960508269312362e-7 8.945362896542305e-8 5.735340731589623e-8 2.2900382940433916e-8 4.547885424350017e-9 -3.653246088130329e-9 -8.535984658250392e-9 -1.6669651410003715e-8 -1.5682308761770455e-8 -1.0679571424491699e-8 2.2973239307141996e-10 1.2003641296403314e-8 2.1755926848957617e-8 9.8650778995631e-9 -1.7531496471354194e-8 -1.1571362372047369e-7 -2.988114321865411e-7 -4.921084417589658e-7 -7.440767531269454e-7 -4.3212915772574117e-7 0.0000023548007139635375 0.000006303575943813377 0.000013659352788212339 0.00002650499487288205 0.00004130080103716432 0.00005519374196241789 0.000070241390165726 0.00007161398245373709 0.00006520043185538102 0.00005046411595298129 0.00003429140698729904 0.000018536530139986004 0.000008356883870147056 -0.00000175664627359802 -0.0000022313298487588115 -0.00019272440559207912 -0.0003441339060778672 -0.0004891666751913186 -0.0005710077801116933 -0.0004811593937768973 -0.0003792852467091679 -0.00020638594311400463 -0.00011277462355759372 -0.000052878883511368745 -0.000013087183622074242 0.00000328347640799155 0.00000384347827676284 0.0000030592380957379187 0.000001696242917244467 6.080833548155429e-7 3.8027460902446294e-7 1.492533264574439e-8 -3.4105728764357265e-8 -1.8609081835679696e-8 -1.444536913642936e-8 -6.3875207176202955e-9 7.340374192287146e-10 3.4557663285883856e-9 3.7531861394538835e-9 -5.308623794474285e-9 -1.0178020865078918e-8 -1.7826750084006313e-8 -3.085621042456862e-8 -3.540144237508364e-8 -5.579633089225688e-8 -8.090944847379468e-8 -1.0724048172321543e-7 -1.0297745377731362e-7 -9.46428837004359e-8 -8.22491578877668e-8 -6.228271382565169e-8 -3.3787221994804314e-8 -1.124335849079203e-8 4.358184423577725e-9 5.569174362755841e-8 7.452974786197907e-8 -5.2645519717382196e-8 3.168897053174265e-8 5.4505348710165846e-8 -3.525313646891268e-7 -5.374592468139362e-7 -7.56452433380922e-7 -9.058704258578739e-7 -0.0000010051442501471206 -0.0000010521067892382043 -0.0000011267398669478099 -0.0000012604187909342528 -0.0000011977917055744716 -0.0000010546144313769112 -7.424040943321909e-7 -5.056518767675031e-7 -2.986486335821399e-7 -4.856599612446621e-8 4.839565770718984e-8 7.688099035469479e-9 1.9894300679799896e-7 2.701163124658997e-7 2.0516087988423395e-7 4.455758106177295e-8 -6.240660334066837e-8 -9.883399818794546e-8 -1.6544921745138842e-7 -1.666223438639914e-7 -1.509535601325004e-7 -1.5419297201723676e-7 -2.0353006949228632e-7 -1.5982126465996502e-7 -1.474474524812011e-7 -1.2133035801819757e-7 3.569778036641858e-9 2.2240179612630242e-7 4.4743606714539957e-7 6.865228908048526e-8 3.7679861837855606e-8 -6.954218897142097e-8 -4.823675995779213e-7 -1.4053654464103347e-7 -4.304272719001148e-7 -4.27371984525538e-7 2.1882317978758647e-7 -3.257215887110605e-8 -1.8547154233480858e-7 -3.8980071716214904e-8 1.4536712095321854e-8 1.082886831653216e-7 1.6375720695698201e-7 2.053047086861475e-7 1.8687037465290338e-7 1.3545921910983513e-7 1.2132347685088635e-7 9.330583918519892e-8 7.538430093233193e-8 5.23946327343682e-8 2.64304236260185e-8 2.8074213928557645e-9 1.3065643945769228e-10 -8.779389076053644e-9 -7.942967589102858e-9 -7.083848479282685e-9 -2.8475489450866893e-9 3.3754379549120634e-9 1.4919808569438518e-8 2.9108126316654452e-8 3.6001307987633476e-8 3.884190338558402e-8 -1.8903700406037997e-8 -1.221231000935526e-7 -2.9063853661614494e-7 -4.277123920570946e-7 -4.966099915758896e-7 -3.9861775825838054e-7 0.0000030055722670789405 0.0000069296743469669955 0.00001838076609867589 0.00003135843485977747 0.00005087079109568957 0.00006835661230286006 0.00008043839102729886 0.00007682531022947528 0.00007723019425931942 0.00005609557784087603 0.00003703610435075211 0.00002099976506210326 0.000009987645972723116 -0.0000015882628371880626 1.2980843401527196e-7 -0.0001802624192612064 -0.00038839617756890717 -0.0005344895902795191 -0.0005968066788611975 -0.0005192594168453483 -0.00038365952851160477 -0.00021812599626222235 -0.0001208240639310702 -0.00004431855083503345 -0.000017396342407371127 0.000003678060117823741 0.000003424071331308871 0.000004082746748818074 0.000002010359530989652 9.235810081695192e-7 4.1537455354954883e-7 9.274942382449847e-8 -4.914951476761321e-8 -1.8058414988852754e-8 -1.4398089886520293e-8 -8.060764149226576e-9 -2.257591340940293e-9 1.3502478993874115e-10 3.6272924229403705e-9 4.993752424873353e-9 -3.5487109082388774e-9 -1.0081393598036451e-8 -1.6752524586105965e-8 -2.2617983864963052e-8 -2.418196438439648e-8 -3.189555625597014e-8 -3.4976862819386644e-8 -5.195151621950762e-8 -4.769490016001044e-8 -3.363653011605255e-8 -2.316643930970369e-8 -6.04274566076853e-9 1.4829355989759627e-8 3.950528215043076e-8 8.157422194104824e-8 1.112816378155316e-7 1.1713854449770715e-7 1.5847894000224042e-7 1.9167379338936584e-7 1.8362962244651137e-7 2.1478129675366025e-7 1.760005476850624e-7 -1.7798778740664293e-7 -3.227018559504976e-7 -4.013910866832857e-7 -4.0434089884746997e-7 -3.662396139686306e-7 -4.894267818294518e-7 -3.964944732597794e-7 -2.5715662384828744e-7 -2.4702263805962867e-7 -2.1785496083368487e-7 -1.857513724666069e-7 8.216630300594838e-9 3.421113007712597e-8 -7.2941475986912875e-9 -5.655163012846979e-8 -4.198544486068231e-8 -6.153261530526175e-8 -1.7647762338579094e-8 -6.000841852410185e-8 -7.704679969246092e-8 -9.180175788024214e-8 -1.3762801378731425e-7 -9.525470308574014e-8 -6.418396127815656e-8 -4.3171632100526465e-8 3.5195535414961687e-9 1.0848950174720316e-8 9.435821737773708e-8 1.6311476528338563e-7 1.7344456293343394e-7 5.319708318493177e-7 4.5622128449108476e-7 4.112963305524527e-7 2.3818816587446308e-7 1.1556587844424363e-7 2.1105785916467903e-7 3.2087406772595935e-7 1.9985498286999035e-7 9.46925793843189e-8 1.7948838491020177e-7 5.507857605562329e-8 1.5564723302053223e-7 1.506966474052227e-7 1.1116254189935624e-7 1.0033765344820597e-7 8.996801453267067e-8 8.427647677779184e-8 7.02560150115937e-8 5.048472217111536e-8 2.911855734007104e-8 1.5256621307449667e-8 -2.017724535441674e-9 -3.525589463170734e-9 -2.643940008779149e-9 -2.865614100234178e-9 -4.2699693668621096e-9 -8.192109990501401e-10 6.734964690512764e-9 1.495356324822325e-8 3.205501519128412e-8 4.8942051573171435e-8 6.616617340581542e-8 5.299262471338748e-8 1.244306146676017e-8 -1.0638994524758068e-7 -3.62663573662287e-7 -3.7855024206998926e-7 -4.590988767381161e-7 -5.45122880183417e-7 0.0000030865711538325886 0.000006398210064778508 0.000017111292030114405 0.000030822645520028494 0.00004969346189605089 0.00006575491079377264 0.00007955607717714495 0.00008434849556949225 0.00007056842675829096 0.00005263869209238185 0.00003516882735407468 0.00002075364252695117 0.000010261149674697106 -0.0000018946925054198019 0.0000021981455717791975 -0.0002008796445439647 -0.00038960437927465036 -0.0006406017625709287 -0.0006703575004449377 -0.0006230465848147042 -0.000434963950667908 -0.0002677425467952798 -0.00012258433322612586 -0.000049638900383127486 -0.000015365969655363042 -1.7563404350117774e-7 0.000005829625508113619 0.000004210825383759667 0.0000030734137525496426 0.0000011793540830907906 4.821953796283252e-7 3.6757141056154147e-8 -2.9149764525622534e-8 -2.365606157404397e-8 -1.75471693436113e-8 -1.1027908175230571e-8 -5.395233462193516e-9 -1.3236964869729253e-10 2.4698590261622626e-10 3.515100305066183e-9 2.2291415940883553e-9 -2.2486652480016677e-9 -8.600151917937011e-9 -1.0640065467840843e-8 -1.692120282647275e-8 -1.985680889745987e-8 -2.424846075977696e-8 -2.0301265521425276e-8 -1.1835791571436586e-8 -1.1653732334839256e-8 -8.538179038598305e-9 6.421944426328253e-9 2.6930257900857447e-8 5.501527793912309e-8 8.001551661451919e-8 1.6895413295375645e-7 2.3568947651813275e-7 2.522821273148271e-7 2.3175059898851322e-7 2.1980096941603163e-7 1.606740966555097e-7 1.3655317413787748e-8 1.3073411522587362e-7 2.1665200301015623e-7 9.386407436497194e-8 1.4784882067659197e-8 5.222395268964172e-8 2.018763105251749e-7 1.200124940031901e-7 -2.3885791730265243e-8 -5.738655246666059e-8 -5.16703565268293e-8 -2.9836292770508335e-8 -4.8282905675615583e-8 -4.94833764871223e-8 -2.2817700279468313e-8 -2.83489621144019e-8 -4.680270464540236e-8 -3.377500034347199e-8 -4.673960902740638e-8 -4.8334785113494424e-8 -5.8209328064794666e-8 -6.478988037381213e-8 -5.8331759663409103e-8 -5.206810628572776e-8 -2.1507465491535368e-8 1.4754081308420654e-8 4.628039815564974e-8 8.361625058222793e-8 1.3840721278290165e-7 2.228197656879495e-7 2.956777344092089e-7 3.0926815848781083e-7 3.869265241330074e-7 5.1190309342533e-7 4.5186515710399525e-7 2.968760999744359e-7 2.5818131498067474e-7 2.6686110855704464e-7 1.9250193307558835e-7 1.753911982725843e-7 1.5939226234788233e-7 1.6554012832768224e-7 1.730904951900801e-7 1.1304353054118251e-7 7.725916430152786e-8 5.988208809476353e-8 5.146335484210032e-8 4.093215779730389e-8 3.066073252606681e-8 2.174244401530007e-8 1.285016471497519e-8 6.189519537715559e-9 3.029986428263632e-10 -2.790035757888299e-10 -1.7885712950352528e-9 -1.2598343054931972e-9 1.0739891849274837e-9 4.988007764538703e-9 1.6930459670238382e-8 2.9712645822212263e-8 5.1525593421914027e-8 7.71382998520596e-8 8.966083023431804e-8 9.935193197915056e-8 4.952550927716602e-8 -4.4166529862224734e-8 -3.6064920360420846e-7 -4.136625873346553e-7 -3.3151796382587493e-7 -6.432162937954424e-7 0.0000025700483525164356 0.000005956505545022303 0.000016902878274449117 0.00002520793818110346 0.000041745508442324566 0.00005641898676147984 0.00006593470587446715 0.00007716275311651356 0.00006412695871899416 0.00003857099014045796 0.000025641949123197222 0.000012484592513440092 0.000005534296645356956 -0.000002489577587811147 0.000004101242296071725 -0.00023464861412631223 -0.0004468438324892257 -0.0008556505205044327 -0.0008196338999914605 -0.0007003249233357666 -0.0004876212430431708 -0.00030651539454282386 -0.00016045987943530936 -0.00004086522761361037 -0.000021809238573547495 0.0000018288910166211225 0.000004340111745884987 0.000005469251702925712 0.000003316785433001949 0.0000016088422062471604 6.126992125591453e-7 2.554603241623978e-8 -5.377053838948067e-10 -3.3664054528677454e-8 -2.2505594159174305e-8 -1.5279467255423673e-8 -9.76283186243138e-9 -2.6881339528437356e-9 6.015495999226818e-10 1.2524472066635622e-9 1.911444000349585e-9 2.337496339325203e-9 1.4328410048527083e-9 -1.0649556473846026e-9 -1.715101725896519e-9 -8.481553320519542e-10 -2.2929966794041106e-9 -5.558768204764397e-9 -7.889406189703736e-9 -6.834449612552588e-9 -7.915385948583683e-10 1.4555557059687283e-8 2.7731944911953187e-8 5.809621824919317e-8 9.963538813784206e-8 1.749699480211225e-7 1.9303841596645285e-7 2.3942349343125007e-7 1.4182586502279056e-7 4.028700114102245e-8 -5.44365830158861e-8 -1.3217048403285483e-7 -1.0465441634580515e-7 -2.428528610855791e-7 1.7137379754852635e-7 1.8353784004670795e-7 3.686186958463035e-7 3.164648956199049e-7 1.9976209160057394e-7 1.2527045851801187e-7 6.560519747463676e-8 3.5227736249692996e-8 7.509956371496645e-9 -4.668584064927624e-9 -9.59069424017266e-9 -1.6974339102638012e-8 -2.1107468455637672e-8 -2.290440351547479e-8 -2.985095865891891e-8 -2.0541529360640756e-8 -2.3144805312030762e-8 -2.165494955529292e-8 -2.4767807403653447e-8 -2.1825417531447247e-8 -1.4441003902327195e-8 7.812560224059894e-9 3.275785177987894e-8 8.068734826130972e-8 1.2505290120689e-7 1.1154559518817186e-7 1.4566267447428536e-7 2.76510875413756e-7 1.4152161072019718e-7 1.2809230448022778e-9 -9.42017311096164e-8 1.603957111712076e-8 -4.793553354124755e-9 -1.6126881074096485e-8 8.231139328220626e-8 9.491124747139168e-8 1.9088665474073955e-7 2.3152901339884855e-7 1.9542048712958424e-7 1.4159419755871446e-7 8.083010326402798e-8 5.761574831794492e-8 3.6795887054011275e-8 2.8100030579386017e-8 2.1773899600856544e-8 1.2138448569802276e-8 8.536896671786078e-9 2.965086519076407e-9 5.101989704625898e-10 -4.901358490117995e-10 -1.5105731907654444e-9 -5.838679592993041e-10 8.546906915355058e-10 4.414320295819811e-9 1.3913109918165952e-8 2.356414564332414e-8 5.0906024645728275e-8 5.209141485183267e-8 4.718374825192178e-8 1.088353117398214e-8 -2.633852648670318e-9 -7.366343269685944e-8 -1.722950171547283e-7 -3.419204032539553e-7 -4.787798012183978e-7 -3.8125051938163173e-7 -4.033160801047998e-7 8.156024010997533e-7 0.0000043935366607763455 0.000009471733254790217 0.00001646812406719578 0.00002868263110547734 0.00004026901319106642 0.00006613045909100583 0.00007689340606892922 0.00007563826355432308 0.000036396013291495666 0.000022604754380750097 0.00001112327642048024 0.0000012610662323813296 -0.000003098923160139697 -8.100984139881128e-7 -0.00025269799678385513 -0.0005090783734203741 -0.000778359066410051 -0.0008470829951324459 -0.0008127379182227954 -0.0005550687400189797 -0.0003222198597590155 -0.00019731504212676303 -0.00006155315733952602 -0.000010420921341413263 6.406329091724094e-7 0.0000027862227787585035 0.000005133192073725318 0.00000486073090566925 0.0000015901437754138073 7.913400698525156e-7 9.388216550042733e-8 2.5214133066188904e-8 -5.2603919353168266e-8 -3.437976666633974e-8 -2.237572158076825e-8 -1.013163562406479e-8 -4.348215616529846e-9 6.513751661755144e-10 9.972181361929252e-10 1.4149177311152464e-9 7.934539307828399e-10 9.741160322897067e-10 8.580171457375965e-10 7.133625268590587e-11 -1.4425600452941846e-10 1.722402227326532e-11 -7.036314397141944e-10 -1.1170320263981967e-9 3.986087564249806e-10 2.114953410338386e-9 1.6711497776128715e-8 4.055816424324938e-8 7.31371105777627e-8 1.0229720645099985e-7 1.5273732482150892e-7 1.752671933875061e-7 1.1016179851150898e-7 -3.135527475626706e-7 -3.672173663068923e-7 -4.22957242387439e-7 -7.111380087445691e-7 -0.0000012213596669697177 -0.0000010511449889586896 -9.830408229954537e-7 -3.9017551574237483e-7 -1.9693579861708353e-7 2.7596855884250276e-7 2.7174665089364295e-7 1.5884022574556982e-7 1.1701070543305879e-7 5.903625290067254e-8 3.637987053472304e-8 1.1708294079867073e-8 5.026569540756073e-10 -6.1581860945704926e-9 -1.2127759079541463e-8 -1.1575462999269096e-8 -1.3123112573362803e-8 -9.094567599912487e-9 -9.798434050346962e-9 -1.088636794781775e-8 -1.1257106949658483e-8 -3.8530061614434955e-9 4.129316923215164e-9 3.0850254490836955e-8 5.357197389856821e-8 1.5042586419463344e-7 7.606882676643474e-8 5.1338588482731013e-8 2.2426933850983195e-7 -1.974086510515588e-7 -3.40521556353013e-7 -5.323351639820882e-7 -6.528502284816683e-7 -7.865398662439755e-7 -5.686671322937714e-7 1.0066690183122548e-7 -8.952430225064357e-8 -4.493511916848596e-9 8.701942310210025e-8 2.0135001757152799e-7 1.9006708257724455e-7 1.364649831747892e-7 8.571668145520602e-8 4.652880932127175e-8 2.663042672930674e-8 1.1497041946849601e-8 4.8069467107282265e-9 4.603865938427366e-9 5.796934477228847e-10 -6.768522517393525e-10 -2.3733286487778364e-10 -1.6473750556080935e-9 -1.1487902309740018e-9 7.110296777426393e-10 3.368299538285778e-9 8.020588981456425e-9 1.5185604448771665e-8 2.4910475665255662e-8 4.7732259134997133e-8 1.7091892740864697e-8 -2.630038602224294e-8 -4.514967259393526e-8 -6.602691610427968e-8 -1.1719954489950201e-7 -3.199070421175384e-7 -4.910490377746615e-7 -7.08960361270156e-7 -7.672680754791189e-7 -3.6847802086997176e-7 3.8182727813261894e-7 0.0000016348516935901984 0.0000022801636552501265 0.000009544879796761127 0.00001996519943550958 0.00004566731029609134 0.00007947120940569917 0.0001044675439729357 0.0001242514078018314 0.0000750314694517266 0.00003669009947650158 0.000011442725544728731 -0.0000016941292734888161 -0.0000022343421787062856 0.0000014180470179678772 -0.0002875210012575672 -0.0004999424878695378 -0.0007575422287872095 -0.0008285833067841899 -0.0007956585577929462 -0.0005995480131638936 -0.000379828140511408 -0.0001954686561425103 -0.000105565474853858 -0.000009219602194708512 -0.000002757704659832085 0.000004968178235274112 0.000005811034967350948 0.000005075456176978518 0.000001849207502080853 9.99225486152524e-7 1.1774255266454996e-7 4.2097761749916865e-8 -8.098208131210325e-8 -3.201995656044187e-8 -2.8082715710940702e-8 -1.2392912978626908e-8 -4.119602044391257e-9 -9.691007592006048e-10 5.966766379101364e-10 8.76595941788347e-10 8.497366682464841e-10 7.010204299472916e-10 8.550879980698335e-10 6.300245819223815e-10 6.216815939618212e-10 4.5278998983041547e-10 -4.3722690155622477e-10 1.245799350151896e-9 3.1798812601140353e-9 5.662493114392193e-9 3.305562108233191e-8 5.204874906200415e-8 9.271188933987774e-8 1.269457319494516e-7 2.291284122658705e-7 6.458437248839131e-8 -5.928199458398065e-7 -6.97917441581393e-7 -0.0000013972509099320808 -0.0000020588549515479893 -0.0000029743728068917017 -0.000003067316931179544 -0.000002720595431379025 -0.000002063256861630057 -0.0000012826565680633257 -4.772699773659894e-7 -2.0400457427171345e-7 1.7881146016483274e-7 1.9102915176168284e-7 1.3494855879880928e-7 9.796145447054377e-8 5.2160937865809334e-8 2.015455652846644e-8 9.223253656685064e-9 2.3300451444511074e-9 -4.057649098332976e-9 -4.272040530865721e-9 -3.784834568527564e-9 -3.000323608697902e-9 -2.8489039555447757e-9 -2.4501105960836937e-9 -2.189053866546316e-9 8.027685688317157e-9 2.1679439323818597e-8 4.369049846377859e-8 8.413119023112046e-8 1.354196090477974e-7 1.4859417645966558e-7 9.755198864854391e-8 -5.609381823339675e-7 -0.0000013483259202991268 -0.0000017717393271876516 -0.000002447214212665001 -0.0000026770701174411425 -0.0000024847279615546086 -0.000002291591041181736 -0.000001933085989592462 -8.443043836983379e-7 -3.298717258586701e-7 5.24652325838631e-10 1.5958958361730081e-7 1.55101734310215e-7 1.7500079530218445e-7 9.568116102537959e-8 4.961349684885847e-8 9.104386216774522e-9 1.8524063094219671e-9 1.3704449455986007e-9 -8.776192626301611e-10 -1.927154198536776e-9 -1.0392556695676781e-9 -1.6478657214603621e-9 -1.1772433265061081e-9 -7.098134512546675e-10 2.248904362852422e-9 5.519227789094606e-9 1.0861584081374609e-8 1.6966022408531744e-8 2.7976162084753158e-8 4.0025349067034556e-8 -2.2039660639707725e-8 -7.07144174159295e-8 -1.0706447938731287e-7 -4.304113407682777e-7 -8.559943105346877e-7 -0.0000012035770329127635 -0.0000013237987567576823 -0.0000014253974071463855 -0.0000012676459861616381 -9.826432003231953e-7 -5.439336436412794e-7 -3.806634009488707e-7 -7.627695418986039e-7 0.00000646618377416951 0.000016647761416641124 0.00005945479218218444 0.00010654322165137064 0.00022487043780823753 0.00017979101035570176 0.00011637082016258631 0.000035839099387910554 0.000020225095687633944 -0.000008066140523665451 -0.0000021352925780049857 -0.000003304476781865622 -0.00029469707801784063 -0.0004988819810857066 -0.0007065035304932421 -0.0008968537684791863 -0.0007433461663390795 -0.0006130011340056464 -0.00041031121576031343 -0.00023027749972663196 -0.00012829615677560345 -0.000022818762339990164 -0.0000074125801538807875 0.0000054767019435856745 0.000005730269008835711 0.000004631064198194489 0.000002357907590736837 0.000001080955287373469 2.706602119011896e-7 1.2890143768427882e-7 -9.843150453238815e-8 -3.7920945283097587e-8 -2.661909459042608e-8 -1.238306270917859e-8 -3.753834884542686e-9 -2.1079878536859396e-10 7.26272421604116e-10 4.873600033667144e-10 4.991224542120069e-10 6.508612109092067e-10 5.053969505465768e-10 3.6894961055081034e-10 5.089886937537342e-11 -4.065249496716024e-10 9.21585570444338e-11 1.1024013147365068e-9 2.444103663350638e-9 1.0463357985354197e-8 3.3729939431311376e-8 7.60884124151793e-8 1.3370706226000807e-7 1.663168639972008e-7 1.8755004009785038e-7 -5.856300282376668e-7 -9.808232314400697e-7 -0.0000017878083585108942 -0.0000032869388834193837 -0.000004574397605252718 -0.000005246133619241991 -0.00000562952485709951 -0.000005470233836246393 -0.00000351739781421488 -0.000002960757104319654 -0.0000016155877319197549 -8.153721832925515e-7 -4.470864235031189e-8 8.059263417661297e-8 2.4172494442213323e-7 1.071072230660891e-7 6.453024136894435e-8 3.463254641002509e-8 1.6852520804029493e-8 8.14434182042531e-9 1.0657226999656411e-9 -1.862988674493146e-9 -1.6640139854160518e-9 -1.180939087531015e-9 -3.8623165905758503e-10 -4.0960675094312646e-10 1.1218906626365102e-9 1.3698115218305482e-8 2.711245518210331e-8 7.598650262613537e-8 1.5820682421771013e-7 1.3555264334562899e-7 2.1434258070283368e-7 -5.860154575936161e-7 -0.0000015168697148009502 -0.0000025194187647422565 -0.000004168587435306277 -0.000005243869506988525 -0.0000055888435422601276 -0.000005621759686989783 -0.000004436976833719402 -0.000003623642451439221 -0.0000024727848526662833 -0.0000010239097620581116 -1.9362061557729336e-7 8.056553248422026e-8 1.2832056964715615e-7 1.5899701072234135e-7 1.270335674596828e-7 7.277839206356786e-8 2.2614522191200907e-8 3.290014075299024e-9 -2.3587462653220617e-9 -2.6581883640500637e-9 -2.3944861876450415e-9 -2.131158517560453e-9 -1.6653156991071798e-9 -5.46970583117308e-10 4.792833015974904e-11 3.801405363130625e-9 7.700301991305205e-9 1.3940502711459185e-8 1.9347636847330843e-8 2.6758626456211057e-8 7.06309563710304e-9 -3.050694588352444e-8 -1.537929769912672e-7 -4.176674735309601e-7 -0.000001197803919936813 -0.0000016370357939629215 -0.0000021623710228097016 -0.000002459832021444377 -0.0000024870278827894108 -0.0000021460127336741148 -0.0000018134906259180368 -0.0000017230698700869372 -0.0000013971607534237968 -0.000004045351134929468 0.000005840104132801751 0.000004025120757471334 0.00006680564977003549 0.00014265645553278165 0.0002729549923263935 0.00019107604031802207 0.00016535482434536355 0.000060826803695762275 0.00001797916508199109 -0.000010197249856525007 -0.0000022723748387148086 -0.000009918954339833947 -0.00024981424256256856 -0.0004500166589517964 -0.0006873801884478288 -0.000712903808735352 -0.0007173407524398727 -0.0005319855595362643 -0.00038476713966970673 -0.00022197015729347527 -0.0000942415380455521 -0.000032478222242655224 -0.0000020070427443546197 0.0000025946449137557566 0.000006231171845713625 0.000003879713327352711 0.0000023333460508660837 0.0000011206502451642134 2.646976962671189e-7 2.384731303091878e-8 -3.199335481801841e-8 -5.536710465198517e-8 -3.616464026074854e-8 -8.00442900375118e-9 -2.7311773068067287e-9 4.1278985419372214e-10 6.267511853354134e-10 1.2367940844631037e-10 2.6802096438051785e-10 2.4289408188605307e-10 2.2281534922245713e-10 1.1108064949019986e-10 -4.076244198547935e-10 -4.809428912871116e-10 -5.202774345671134e-10 1.2915175527371178e-9 3.543572902553e-9 1.9590086244506463e-8 4.0274770664632966e-8 9.58767438869488e-8 1.5509200489501624e-7 6.26081434302874e-8 -1.3853874953027374e-7 -7.060228999485142e-7 -0.0000015914293668168901 -0.0000037574719863181264 -0.000005421625362755189 -0.0000073503804269006475 -0.000009172749770709748 -0.000010165010328579788 -0.000008975983514776251 -0.00000715859857176035 -0.0000047772111928057 -0.000003040414943590912 -0.0000016052812633919925 -3.6923872013539965e-7 -6.861864583348173e-8 1.3762152060558567e-7 1.3332178262037179e-7 6.719533207474e-8 5.070937071561428e-8 2.5994295385013346e-8 1.222023047989873e-8 3.4861349699445064e-9 -2.8280438643118726e-10 8.003435130961318e-11 -1.2223755145277496e-9 -8.685744497590723e-10 -1.6813657262754263e-9 5.065168130688796e-9 1.949196500026993e-8 3.377677829891811e-8 9.065495785050444e-8 1.7771188850838188e-7 -3.7182273893817045e-9 -1.7258534940317456e-7 -0.0000010524073936518847 -0.000002546924515734477 -0.000004397734876731804 -0.000006924985051309298 -0.000008769282173651797 -0.000009717287064910686 -0.000009698987374247594 -0.000008534733341604446 -0.000006234780603327513 -0.000004004244519819363 -0.0000021009746469528473 -9.915657296736386e-7 -1.330094401326469e-7 2.2438456375797065e-7 1.3313947444490153e-7 1.6248776093922155e-7 8.638474416789223e-8 2.9344331843116294e-8 1.1796837781773867e-8 1.3325821412827276e-9 -4.100261863961298e-9 -2.339118354269635e-9 -1.8625266532327264e-9 -1.0936501838005339e-9 -1.357858374652324e-10 4.125697282748562e-10 3.164636264060689e-9 1.068095473976745e-8 2.0709529123792658e-8 2.765228554613995e-8 2.1421825637687575e-8 4.6683849372413366e-9 -1.1898009801562889e-7 -2.738175403753824e-7 -0.0000011644322433208978 -0.0000019846220400165438 -0.0000030174745791962623 -0.000003895955303308238 -0.000004057578846203155 -0.0000043473345097741165 -0.0000036692290819985365 -0.0000030098394588519595 -0.0000027399591897035215 -0.000002287236799817917 -0.0000022872602746521423 -1.447716261438626e-7 7.398174025270882e-7 0.00004388446008354195 0.00012921232858247126 0.00023839019879656525 0.0002240819621648966 0.00013080883080915785 0.00007031194018445168 -0.0000021124178632120555 -6.973423692685118e-7 -0.0000021725611503287005 -0.000005208158233165284 -0.00023332089638142362 -0.00040634026226086346 -0.0005396284545687482 -0.0005770392860378542 -0.0006123977491908714 -0.0004565967499653158 -0.00030765899723553513 -0.0001846117303944788 -0.00008711847541335924 -0.00002845719361065029 0.000001087346441372435 0.0000020711322934741382 0.000005492763093135424 0.0000038118619426582552 0.0000018988666674550058 0.0000010467235079133017 1.3870454672640017e-7 2.0156907334852837e-8 -6.203693912809927e-8 -6.79907153912052e-8 -2.5918497490581194e-8 -1.1473989868392278e-8 9.827802677734279e-10 -2.3003893843065665e-10 1.0257182944069756e-9 2.1030992111801688e-10 7.242018535491052e-11 2.5704955078310423e-11 2.5940123133098197e-11 -2.726260172991069e-10 -6.23739272974483e-10 -7.223106055480756e-10 -6.480103548026168e-10 3.2685227442248775e-9 6.0318703118141085e-9 2.091834324860876e-8 4.884223368697222e-8 1.0881555626262897e-7 2.143032187331197e-7 1.9485849186243796e-8 -1.2721804799731828e-7 -8.929991122018122e-7 -0.0000027711337248958898 -0.000004855864761742849 -0.000007834923504034865 -0.000010771830329104915 -0.000013847672752797103 -0.000014053341562151314 -0.000013174403634768954 -0.000010381052077633924 -0.000007380384411909639 -0.000004160527473512849 -0.0000021128594411813238 -8.089517726231138e-7 -1.8932127738280307e-7 1.2593748276962973e-7 1.147654595045342e-7 8.607991529792208e-8 5.560729815502448e-8 2.8817446463029018e-8 1.4444764743521377e-8 3.652219478515876e-9 8.374069328930412e-10 -4.646095577199012e-10 -1.3631497170765673e-9 -2.7717844840777e-9 -1.4077229025382927e-11 8.784049831825068e-9 2.047708543105193e-8 3.696695149001809e-8 1.1677745678086203e-7 1.6975243600754488e-7 -1.6303831835055978e-8 -2.4643250821263953e-7 -0.0000017275234093632777 -0.000003686202724079442 -0.000006743756454043984 -0.000009664950136757472 -0.000013229477223138829 -0.000013605032392037377 -0.000013614297767412051 -0.000011803610990970339 -0.000008882802645492523 -0.000005850113789949487 -0.000003166291711549161 -0.0000012793748913991726 -5.423128482630307e-7 1.9857823976890574e-7 2.018851102431221e-7 1.5183486276591486e-7 1.0181914748681192e-7 4.032237600550742e-8 1.3410056076835874e-8 3.9597434596515886e-9 -4.090069964146516e-9 -1.7375525167804217e-9 -1.9605547728485075e-9 -9.295829178628999e-10 -8.113369188058006e-11 1.5081214459921834e-9 5.456876180806646e-9 1.6841096280231023e-8 3.0584778153338005e-8 3.957935982855343e-8 6.407436554957648e-8 -1.6379582623272807e-8 -2.6992035880389255e-7 -5.667081763388184e-7 -0.0000018121419460715509 -0.000002787152154494134 -0.000004548468556581174 -0.000005624855704288422 -0.000005743197269810575 -0.0000060997586817922265 -0.000005495337625980376 -0.000004056884231193799 -0.0000034132429372660022 -0.0000028966127687819796 -0.0000023885635059712816 -3.688616943355426e-7 9.876922644849016e-7 0.00001901360522046422 0.00006526400829205272 0.00013666846887173815 0.00011875768852839072 0.0000740258287786879 0.0000303570159787897 -0.000007763740875495581 -0.0000013373429585391664 -0.0000020294071275102303 -0.000007950755422446522 -0.00017293324154241124 -0.00026552168895766485 -0.0003873013144261556 -0.00043048194783776127 -0.00045585582139930124 -0.0003271733700465046 -0.00023450580247763554 -0.00011484290242321899 -0.00006105867853003618 -0.000026113088642757562 -0.00000638976972637181 0.000004323600954174016 0.000005180587167131259 0.0000029964919683907648 0.0000016503086160530232 7.54212728815639e-7 9.043416761248989e-8 -3.577304751598906e-8 -4.408248832744492e-8 -7.104853799394208e-8 -1.5909563080470315e-8 -9.5721828228958e-9 8.151957213065936e-12 2.3449977992729692e-9 7.362167933500349e-10 1.8315177002935078e-10 6.447131356803502e-11 -9.345917040147355e-12 -1.5837984114059533e-10 -2.9633905018804647e-10 -9.144584447608222e-10 -1.170956374826101e-9 4.6310247018241837e-10 2.9465633712389827e-9 9.185597397986605e-9 1.9827032283668204e-8 6.562680156765433e-8 1.3862147458865109e-7 2.1205018361809225e-7 2.1431930386653232e-7 -5.38217762832494e-7 -0.0000015635226774758262 -0.0000032321415069447064 -0.000005869891795948236 -0.000010094282742517548 -0.000014549779830037646 -0.000017104221837610965 -0.000017449869316654234 -0.00001720319930189071 -0.00001267314297599813 -0.000009427764239780143 -0.000005595692836878176 -0.0000027257647378953537 -0.000001053070463419823 -1.8375137222018464e-7 7.791930406229779e-8 1.0537241352593632e-7 1.1034725087079523e-7 5.632360417080775e-8 2.926429828035292e-8 1.4633299575417308e-8 4.518771221522756e-9 7.22223491639025e-10 -4.880050758862285e-10 -1.573071959714043e-9 -2.5271456353198385e-9 2.6139037481922772e-9 7.981861426910408e-9 2.9262148026759715e-8 5.671246286390352e-8 1.2067836285656806e-7 1.581725578739057e-7 -1.0143651310972578e-8 -4.82679481531765e-7 -0.000002035525563753972 -0.000004665756900822759 -0.00000820296616792456 -0.000012792116176894186 -0.000016846046830325795 -0.00001813699621471435 -0.000017356141867320318 -0.000014662801436577638 -0.000011457325206341754 -0.000007365342514121931 -0.000003517478842212586 -0.0000015323150838594124 -6.83892814073364e-7 9.662292094674146e-8 1.896735444637128e-7 1.6955838537960127e-7 9.972806560820165e-8 3.8572576974946934e-8 1.8053788254076002e-8 -1.0769518127016818e-9 -1.7523473558063923e-9 -1.5359408749451162e-9 -1.7109632856432118e-9 -9.9144292466523e-10 -2.5979190575750703e-10 2.731969735749552e-9 5.604898053888029e-9 2.3022203310507466e-8 3.9881665870553764e-8 5.688658008673285e-8 4.776285264207522e-8 -5.310405385482233e-8 -3.6105055017950254e-7 -9.60446378448174e-7 -0.000001996452208158016 -0.0000037444618578743683 -0.000005608278595310453 -0.000006755693988211088 -0.000007417334639222339 -0.000007766709517690748 -0.000006325155702189381 -0.000004917150308465606 -0.000003951750825116741 -0.0000032244673792321782 -0.000003058280296773773 -0.0000018669867412891353 0.000002848364768754224 0.000013875869093572418 0.000032684847924501027 0.00004565928192162621 0.00003917960306125192 0.000027387147493445456 0.00001269990377072325 0.0000015558017516671978 -0.0000028814382359660122 -0.0000017319662403254316 0.0000063671791897360475 -0.00006865569600637993 -0.0001639059953624198 -0.00024650619762815463 -0.00028702065737761564 -0.0002351520422249555 -0.0002015367482050944 -0.00013354934432878869 -0.00006972178344318082 -0.00004549953517525323 -0.000008543924207952132 -5.156537890022434e-7 3.5408126260796036e-7 0.0000044864197916035875 0.00000222218332325164 0.0000012854932255178125 3.2573999247615685e-7 1.9352487793039034e-7 -6.066258338104864e-8 -7.771313100433279e-8 -3.309474951447e-8 -1.0835455221286535e-8 -2.9431952735496096e-9 1.0358682908282077e-9 1.986503803907429e-9 7.661708364185795e-10 2.0791045721700086e-10 2.1032407036349958e-11 -5.4399386090144316e-11 -2.253143389664256e-10 -4.263767833898353e-10 -9.753372178555885e-10 -5.965717379852642e-10 5.209282641934559e-10 3.4614993380319206e-9 1.0682178352046214e-8 2.7557353902089003e-8 7.764855235098318e-8 1.353931816365988e-7 2.7137909285412047e-7 2.5166706220184537e-7 -6.840691366590054e-7 -0.0000015848243687472113 -0.0000035600322937959267 -0.000007248194854139472 -0.000011125672171367602 -0.000015800038504489742 -0.000017735831062775037 -0.000021218128225097084 -0.000019925959974460086 -0.000015561985942654273 -0.00001016691811440405 -0.000005662060035683178 -0.000003516734561988862 -0.0000010607588833815076 5.7229823985748e-9 2.8745158313269975e-8 1.8128569236714928e-7 9.064376993107756e-8 5.509297720555429e-8 2.2384911687859346e-8 1.353472463781187e-8 4.546439645605612e-9 8.770118717211125e-10 -5.068192184992903e-10 -2.021318577453783e-9 -1.0186551862231638e-9 1.45653787345497e-9 8.260531105118461e-9 3.854523350177355e-8 7.43228905682589e-8 1.2474888810924376e-7 1.5512918977557652e-7 9.975512373725302e-9 -6.566020229748889e-7 -0.000002161412128618129 -0.0000051155158174434926 -0.000009183286718823422 -0.000013214830921669328 -0.00001815992386841277 -0.000018291834568147813 -0.00001693897509123982 -0.00001556165891276222 -0.000012311428508762771 -0.000008134424401008865 -0.000003956955563224583 -0.000001706635829662153 -6.14614446173983e-7 7.043149316849081e-8 9.790647780995948e-8 1.6620671617298398e-7 7.556630533875788e-8 4.2382107978226293e-8 1.1858945190704e-8 1.6162094801263451e-9 -3.818076455639553e-10 -1.1708349073427558e-9 -1.5524374088714598e-9 -1.1390376359436112e-9 1.8743366720769057e-10 2.11211888147121e-9 8.048808586747031e-9 2.6805406747441938e-8 4.818740169154813e-8 5.150934251918988e-8 2.244082111312333e-8 -2.955343715127285e-8 -5.089876236889035e-7 -8.637722989102015e-7 -0.0000024742392773079397 -0.000004158754878288817 -0.0000061666591020640355 -0.000007903232891581702 -0.00000908580735432523 -0.000008988879578878864 -0.000006985940760613359 -0.000005400346486054187 -0.0000039705278798062224 -0.0000029608764364328452 -0.0000023192327597942697 -0.0000021631681958390397 0.0000010689492230124916 0.0000019403771653891313 0.000015904754169288613 0.00002483245461897914 0.000018069741871882237 0.000010546677113756947 0.000004302889623411911 0.000002651058459826383 -0.0000025831248712361015 -9.887990907902252e-7 0.00001428425572470682 -0.00001777659958783682 -0.00007640386967028081 -0.00011198751500618791 -0.00009948754731066553 -0.00012091008920566996 -0.000092421115295939 -0.000051880317614207685 -0.000028084715453441517 -0.000017497195120798667 -0.000003866485934474428 -0.0000029563444711062 0.000004628837072566712 0.000003544236400589433 0.0000015382556130604428 8.997337650001456e-7 2.542764869895619e-7 1.1452397459918964e-7 -5.08998532251994e-8 -5.160276683980554e-8 -1.954761727131154e-8 -1.128796378500161e-8 -7.087722739768935e-10 3.745877449198269e-11 8.465552170463869e-10 6.79945043202958e-10 2.9204910332361073e-10 8.483765352450565e-13 -8.972445742214652e-11 -2.220854664057344e-10 -4.955859561973387e-10 -7.097068327118445e-10 -1.453569241764128e-9 -6.742498414702238e-11 4.27509661138727e-9 1.3910028173470699e-8 2.5312550964365535e-8 7.43700259597315e-8 1.861558629779523e-7 1.503569585402186e-7 2.2848398438823405e-7 -5.578347520920343e-7 -0.000001643028834604587 -0.0000037168939299465333 -0.000006662114456300752 -0.000010792459483856155 -0.00001625140693291158 -0.00001954708008306225 -0.000021095806793621898 -0.000018173972660212674 -0.000014568811426029687 -0.000010329947460711497 -0.000005886510735444017 -0.0000033328712681631566 -9.858236570758877e-7 -3.4853924700044405e-7 1.1007003835661761e-7 1.0493011000732659e-7 8.072522555248681e-8 4.966453100544085e-8 2.272953296786906e-8 1.21437777084034e-8 3.092994846633504e-9 -1.4286074410997496e-10 -8.367067050127183e-10 -2.2003345140724054e-9 -5.73583666579306e-10 -9.31933902163859e-10 1.4712469105026337e-8 3.7809396121993747e-8 8.928230979892812e-8 1.829138860889704e-7 2.043053065036556e-7 -4.456580941298789e-8 -3.9625090515181204e-7 -0.0000021885235095757257 -0.000004599813440861555 -0.00000799456811950024 -0.000011943305069870975 -0.000016295986252191927 -0.00001596350145503917 -0.000014750080121276958 -0.000014430340217808372 -0.000011101864396819 -0.000007934476384357228 -0.0000036678896235994806 -0.0000014473539804826746 -5.69970418057233e-7 -5.037732726380256e-8 7.152919858601095e-8 1.0013413759685962e-7 5.751504740345026e-8 3.412115054076817e-8 7.615378877771616e-9 3.2174615860411082e-9 -5.226875210725299e-10 -8.644974615539813e-10 -1.8370051208976465e-9 -4.761160619679069e-10 -8.784987581442371e-10 2.615414207628422e-9 1.0556941786992856e-8 2.5655574335887002e-8 5.1752208565644386e-8 7.49406794192826e-8 3.3895307176375257e-9 -4.362687491690218e-8 -5.293412139298016e-7 -9.992589431986118e-7 -0.0000024041837027415665 -0.000004302751161782073 -0.00000647468220555775 -0.000007848992517285034 -0.000008767082111638843 -0.000008158765673649843 -0.000006700860884535053 -0.000005252524191459698 -0.0000038042563222872885 -0.000002698720357772824 -0.0000020716382174052653 -0.0000024353118914235866 -0.0000025109527610189158 0.0000029021611441902233 0.0000036446113602096444 0.0000071001558720358475 0.0000048633794173455395 0.00000433404444191724 0.0000025407644419896178 -4.1796620905392317e-7 -0.0000014433746983964827 -4.651958683134066e-7 0.000009315546180426347 0.0000013880309517135205 -0.00003065202330266585 -0.000033720386764398126 -0.00005080334902538645 -0.000044458261500588565 -0.00003487177696434744 -0.000025101586215207923 -0.000012772773404944069 -0.000006608742638205137 -6.723820051322141e-7 0.000001970104020898598 0.000002847210231758333 0.000002240978591289787 0.0000012971783252196734 4.3519115090038105e-7 2.1747176190017144e-7 5.253540713312542e-8 -5.606734922771929e-8 -3.864327470272804e-8 -2.0562162542645855e-8 -7.870089108320488e-9 -1.6796881224775967e-10 -1.2936313973485367e-10 7.265869192588869e-10 9.419168659765989e-11 2.149819309080329e-10 3.346441360194379e-11 -7.699365436141212e-11 -2.1304025309867467e-10 -3.606334151894747e-10 -6.311936683970159e-10 -1.4534695129517393e-9 -3.110028262312587e-10 1.9937967906871963e-9 1.3951417652464884e-8 3.091161271387875e-8 6.660446753245834e-8 1.2481883264394693e-7 2.0629156796417493e-7 2.3442169877190583e-7 -1.986773042776743e-7 -0.000001352423783953568 -0.0000032250892451875955 -0.000005200699754155582 -0.000009179560027785425 -0.00001300762043601378 -0.000017523535592626217 -0.00001754804932529214 -0.0000148455666913445 -0.000012465198659508083 -0.000008523009768394679 -0.000004640141450573681 -0.0000026983882545140175 -8.500980834839876e-7 -3.6408981795794233e-7 8.917283903050917e-8 1.0521299721242985e-7 7.638292168540319e-8 4.8413809826421944e-8 2.4329125923313925e-8 7.632953534441842e-9 1.8657942687756844e-9 4.494287972249302e-10 -1.6210524496857907e-9 -1.8372219799797656e-9 -1.2226224071647727e-9 -1.4564463582362747e-9 1.3523669352405247e-8 3.008485320179728e-8 8.339238840026105e-8 1.5661149551244728e-7 2.674421670785148e-7 -1.2349978830880978e-7 -2.873011697133046e-7 -0.0000015694814732839225 -0.0000037939723869361124 -0.00000648034476019175 -0.000010723486785168425 -0.000012913513326118833 -0.000015044290663399274 -0.00001538894376281079 -0.000012978815739578679 -0.00000933991470014045 -0.000006110435696787154 -0.0000030458862801956575 -0.0000011344279331671936 -3.3194000235872375e-7 -7.135537847922868e-8 1.0033588020059775e-7 6.788649890994229e-8 3.90582601245885e-8 2.175351301496593e-8 6.933268273633473e-9 1.60417379759287e-9 -7.340609929878218e-10 -1.3638919111097676e-9 -1.2205577926847562e-9 -4.5023003818521565e-10 -4.658469098203639e-10 2.1263295990441824e-9 9.933266751699891e-9 2.6643973385265036e-8 4.650368511440336e-8 6.323127070384152e-8 3.5781417253927585e-8 -8.894131606408995e-8 -4.0608865303295164e-7 -0.0000010672048731214689 -0.000002075281145749814 -0.000003680988239257393 -0.000005524116489399899 -0.000006567330022642725 -0.000007191340686489016 -0.00000744133902533883 -0.000006072912153264807 -0.000004507174552953118 -0.0000032102739154851563 -0.0000021992153043454913 -0.0000017569277631642898 -0.0000015962480833265374 -0.000001414144592345025 -9.396629201795143e-7 0.0000017337380896905479 0.0000019025329683161347 -8.848262035493866e-7 -0.000001263142623530953 -0.0000012083826562037941 -0.0000012398487730857474 -6.53569856204858e-7 -1.5684719572137934e-7 0.0000044111976851094995 0.000008667613523240858 -0.000007934524751943569 -0.000017289706001478724 -0.00001774879564850445 -0.000011691982688934365 -0.00000754021447579381 -0.000006381250308059286 0.0000010592012541725762 7.858443774812437e-7 0.00000261380964000978 0.000002026750355023286 0.0000016771651084538414 0.0000014420612270411793 7.412659667416613e-7 1.797976956972575e-7 1.2935647789008874e-7 -7.77857872147551e-8 -2.8338852432390784e-8 -2.8387604290576686e-8 -1.1380324795386532e-8 -4.696807525473633e-9 7.837879434479287e-11 1.624102717442027e-10 3.9683308996593156e-10 2.9690062709345095e-10 1.0448270618029827e-10 1.0722083588995083e-11 -7.130501590532817e-11 -1.7356045361523821e-10 -3.5507791043239003e-10 -4.864191545551233e-10 -6.767088736339915e-10 -1.0106827922136206e-9 3.036123804807311e-9 8.923834167897388e-9 2.4376555922839988e-8 5.1766285729153916e-8 8.89430783635387e-8 1.3092498508493627e-7 1.447268382114211e-7 3.480513948399646e-8 -9.681379299466408e-7 -0.000002172887948082046 -0.000004426871847210531 -0.000006221173961431048 -0.000009885321002077325 -0.000012571866895935028 -0.000012468590794267293 -0.00001166945889126458 -0.000009545571762337457 -0.000006168209872472772 -0.000003960985526917164 -0.0000015647675851324917 -3.6308726074620005e-7 -1.4928421932427132e-7 -1.009758798806599e-8 1.0217535460277298e-7 7.25655431016695e-8 4.688987745938636e-8 2.2502164086377893e-8 4.83582646950826e-9 1.7122203459063256e-9 2.9252464656825405e-11 -1.7173339347858861e-9 -1.2380720541555297e-9 -2.523445202982472e-9 2.1560051525800157e-10 6.485092127031312e-9 3.5383517085814896e-8 6.202343767310211e-8 1.13182579411223e-7 2.6710377471869383e-7 6.18041547630351e-8 -2.8145559250213117e-7 -9.016377409608019e-7 -0.0000027585581334595846 -0.000005124349251583491 -0.000007691956202160425 -0.0000093632707465034 -0.000010977091025286684 -0.000010467249602485534 -0.000008899519355531907 -0.000007187775897025394 -0.000004072250947023649 -0.0000018239328897281184 -8.611320131737074e-7 -1.3070928089662463e-7 1.0122544508723953e-7 7.03057776485424e-8 4.301027803227636e-8 2.7803078180332086e-8 1.6335419115955996e-8 7.12128802375361e-9 -2.417567333969679e-10 -3.0848886127069146e-10 -1.179519895882463e-9 -6.4802378460671e-10 -9.600496932522346e-10 -1.9260861763426526e-10 8.169525732117244e-10 6.968405140449601e-9 1.9233799677444253e-8 4.0879653061798926e-8 3.0109817648117034e-8 5.4113823551860054e-8 -7.510011914133879e-8 -2.565249377151023e-7 -8.587587564278167e-7 -0.0000016457335824981759 -0.0000027044435665394483 -0.000004157299797179145 -0.000005256881657272811 -0.0000057706454302797395 -0.000005348583145444085 -0.000004451537428097125 -0.0000033800140919753595 -0.0000023631018900179513 -0.0000017159825922218146 -0.0000011973712954006643 -0.0000012594181271116779 -0.0000012746192280697035 -3.113945841626208e-7 -0.000001797406043792172 -2.4255991619559397e-7 -1.6433704865938242e-7 -3.4551234473481517e-7 -9.005252894689868e-8 -5.681272030178532e-7 -3.2030467347339394e-7 -1.1725968247894285e-7 0.0000031280203349481172 0.0000028171458006186955 0.000001084651777891886 0.0000024129204501881617 -0.000001287346050586002 -0.000004408242099815818 -0.000002442503411985404 0.000001226511810894791 -6.571699131917639e-8 0.000002249215875580484 0.0000026288262220299987 0.0000015001004090183886 0.0000012590442984706783 6.76169274544933e-7 2.7069750660864184e-7 1.3156096696981813e-7 1.9228879000972795e-8 -2.6062250739506557e-8 -2.500134867113752e-8 -1.2997851217752794e-8 -7.257740703685432e-9 -1.5434450678077754e-9 -6.378698919861748e-10 4.742116844037224e-10 2.7614048831119534e-10 1.1364607690716125e-10 1.7563539491494845e-11 -2.081576484534945e-11 -3.7120156115414375e-11 -1.3071891541094552e-10 -3.617632402915132e-10 -4.757810557125252e-10 -9.717988600287974e-10 -1.2040083407288696e-10 1.2673765642304186e-9 8.50931148711989e-9 1.4758728325463201e-8 4.1279589386586295e-8 6.339501945804906e-8 6.549985012929048e-8 6.787970139194623e-8 -1.015130647524651e-7 -5.049925599541227e-7 -0.0000013845383912069817 -0.0000024888078492251505 -0.000004435218242147263 -0.000006602708053760116 -0.000007851153354425956 -0.000008281439634210922 -0.000007526233026281545 -0.000006257636944204478 -0.0000037173224566853167 -0.0000020844004158496573 -9.498492256944548e-7 -3.227549613183264e-7 -1.0674149058551259e-7 9.165285128879175e-8 1.2410991741241476e-7 6.381104350909451e-8 3.59131115543829e-8 1.822744640282027e-8 5.2151873078816515e-9 1.215606345370294e-9 -1.3071452683958668e-9 -1.2950228540405722e-9 -1.503651153041523e-9 -1.9863268448503957e-9 1.4816433884559093e-9 5.00223970175722e-9 2.5771710618777775e-8 5.15569013829319e-8 9.309286093729662e-8 1.2955939909789906e-7 2.265669875971834e-7 -1.7158606027464735e-7 -7.768660762655702e-7 -0.0000015624170953620587 -0.0000029978268752612407 -0.000004041321302626204 -0.000005861840506457723 -0.00000640689447829662 -0.000006103310006861153 -0.0000058015186367593656 -0.0000041305951074140424 -0.0000023532499444726347 -0.0000011118445128356766 -5.20828117774833e-7 8.923873639036443e-8 9.833689163416138e-8 5.8588505586065405e-8 3.7322597034062136e-8 2.2948973565124637e-8 1.0656557972026716e-8 9.132794815888957e-10 8.474733974354011e-10 -1.0848271259027688e-9 -7.72623896252572e-10 -6.737786843302458e-10 -7.625864693306729e-10 -1.355338243590497e-10 1.4245038128967464e-9 3.2702619953982305e-9 1.4442063154601946e-8 2.955118011770512e-8 4.6434071455710955e-8 3.314681294854126e-8 2.8668219695277396e-8 -8.726301700762171e-8 -3.3680752601072887e-7 -0.0000011396994775033832 -0.0000016432480170379695 -0.000002797909405483338 -0.000003283039254676627 -0.0000036663055313581016 -0.0000036226456225335257 -0.0000027950240061079895 -0.0000022793747089587107 -0.0000016053623166050306 -9.17011835061474e-7 -7.337319660464012e-7 -7.100956992990149e-7 -0.0000012415599325619863 -9.059672743198521e-7 -5.808871633998244e-7 -4.4141338674934785e-7 -4.374978364004128e-7 -4.4479082170207836e-7 -4.0194428677821067e-7 -3.2205029015995777e-7 -1.682105702340875e-7 -1.6010649332925834e-8 0.0000015279604914966166 0.000003504883178033845 0.00000253064812839264 0.0000037012988689413807 0.0000041355487837002185 0.000004101409924219649 0.000003675757591916878 8.657043986848089e-7 0.000002993884814593115 0.000002819379174762973 0.0000017690192785704335 0.0000013381402176858352 6.626558727382859e-7 3.002251859498469e-7 1.1038467317019217e-7 6.266621685065902e-8 8.959560393404225e-9 -2.408392858389319e-8 -2.1202454657098537e-8 -9.50496975689895e-9 -3.99982689476281e-9 -1.918070575103705e-9 -3.7655555970579725e-10 4.0081886314833694e-10 1.4681028178181612e-10 5.3257441733224496e-11 1.5219429982323183e-11 -7.6275744168983e-12 -2.9732576996647894e-11 -1.0096901622222726e-10 -2.4828591280831257e-10 -5.2925480467137e-10 -8.031897523105116e-10 -3.6906007384817146e-10 6.277436765328355e-10 4.354229168355898e-9 1.1267760070361634e-8 2.5105582827816627e-8 5.378695719156763e-8 8.594149792646909e-8 7.819040926665704e-8 8.826146282642906e-8 8.804618299912697e-9 -7.524089197643146e-7 -0.0000012695308778359656 -0.000002500668265193473 -0.0000028792461869339008 -0.0000041370717087023055 -0.000004532244413028551 -0.0000037531507621086254 -0.0000031139705698290784 -0.0000018006418724653328 -9.430846199803109e-7 -5.163971776234566e-7 -2.543718732664243e-7 3.307110737222412e-8 1.268245274046866e-7 9.054343531915582e-8 5.752490458474166e-8 2.8010143687117375e-8 1.1907688715160528e-8 3.740166393184114e-9 -4.287721258376569e-11 -1.2675424842072044e-9 -1.351922518141193e-9 -1.2141341599672115e-9 -2.4160689616106723e-9 1.7860979568816576e-10 2.8318781403127445e-9 2.031717865349231e-8 3.590278020934767e-8 7.665715712922962e-8 9.264285146837398e-8 1.8776695492636633e-7 2.1899108381686003e-7 -2.848614074497412e-7 -8.443624627348566e-7 -0.0000016574860842268877 -0.000002379420677539825 -0.00000340212029961668 -0.00000351069485654522 -0.0000034728252113835815 -0.000002856700588241334 -0.0000020923320498004618 -0.000001329231110381739 -6.195436858439117e-7 -7.889110034405456e-8 2.3546467131052362e-7 1.2056601986956938e-7 6.750831941155705e-8 3.403932345600254e-8 1.8519772015306434e-8 2.6460808225366755e-9 2.0650080593038888e-9 3.296650003466064e-11 -6.59258781899128e-10 -7.780107525774515e-10 -6.681673164035735e-10 -5.164741577951843e-10 -8.241767199188615e-11 7.322397289581064e-10 1.3644832680728558e-9 7.331543089906645e-9 2.3178743012001745e-8 4.483889033735769e-8 3.814217021341711e-8 4.298554676261519e-8 8.045687082975511e-8 -1.5619486900738624e-7 -5.717239357259153e-7 -8.132126585110648e-7 -0.0000013619799620860041 -0.0000017915617316930122 -0.000001967233879496099 -0.0000018729490471606259 -0.0000014785214648686728 -0.0000010102608854436373 -6.480970438076406e-7 -5.098839665100703e-7 -3.2901212624160576e-7 -3.8119131939948007e-7 -4.464030722397462e-7 -4.905553103665653e-7 -5.488391721091858e-7 -3.641961766990132e-7 -2.9352324182040244e-7 -2.757980069087116e-7 -2.1989335307051608e-7 -1.2036296240876044e-7 -5.504509745634657e-8 1.0743279710910352e-8 6.090845682444871e-7 0.000001659245557917341 0.000002301727610526753 0.000002715459368035635 0.0000030804080856953524 0.0000030101619341736064 0.00000259382900280061 0.0000020049791396415246 0.0000018661583657552392 0.0000014515984650298283 9.573303895817373e-7 5.33038041865567e-7 3.3890262625832127e-7 2.056504069318447e-7 3.858750377938651e-8 3.3014266527465646e-8 -2.125229751491547e-8 -1.8530455197716532e-8 -1.1355659017310476e-8 -6.2132633689300675e-9 -2.5911526957248677e-9 -1.0045381034567246e-9 2.0471142464422114e-10 6.354966921659777e-11 1.5701912943282794e-10 2.5822571095551153e-11 2.5125844117044405e-11 -2.501855643221252e-12 -2.27194891954982e-11 -5.861427680562345e-11 -1.9215217718090085e-10 -4.709660993558874e-10 -6.462351701730368e-10 -1.0886043070075278e-9 5.731300515743583e-11 9.887085515238927e-10 8.015526112409636e-9 1.6207719315345005e-8 3.5774702118155463e-8 6.432761069205593e-8 1.0010508613033067e-7 1.292104559579898e-7 2.2752986277469803e-8 -2.6408482306783735e-8 -2.5513631760470415e-7 -7.726836522273261e-7 -0.0000017183456872735753 -0.0000017317017599694802 -0.0000016897877332963832 -0.0000014867806564583302 -0.0000011529356001038255 -9.220733747070205e-7 -3.8138672927325367e-7 -1.544198661677451e-7 -7.386862046149684e-8 1.8495216683866344e-7 1.3547370382021593e-7 9.347813792313201e-8 4.994872901802984e-8 1.8611561782278927e-8 7.429062378394077e-9 1.7605770039135187e-9 -7.244578145318255e-10 -9.011223379585612e-10 -1.4568820192000003e-9 -8.323872077747728e-10 -1.0467053575713417e-9 1.165808281179818e-10 -5.56103457561171e-10 1.1256614295935702e-8 2.464632561041424e-8 5.17021189449394e-8 8.4675414684353e-8 9.34793448185351e-8 9.738730158751312e-8 5.127697255384784e-8 2.227170053245192e-7 -2.7958422285563804e-7 -9.534215163599114e-7 -0.0000011445694475584707 -0.0000013670605921735075 -0.0000014379562818298195 -0.0000012738618070034483 -8.365155985683084e-7 -4.092529678791673e-7 -5.234059423177746e-8 1.2830820917339577e-7 1.8157245249755306e-7 1.0745277351344894e-7 6.09620137094974e-8 2.499424545440359e-8 1.0325947346000936e-8 3.154191877802858e-9 1.1889706953190818e-9 -5.167472256521889e-10 -9.550235251377332e-10 -7.718043179542557e-10 -3.7250159225599104e-10 -3.9159113328035993e-10 -4.318799855714313e-10 -2.8547648452788293e-10 2.026106922087671e-9 2.2924632692460766e-9 1.8217926427989166e-8 3.7479234878730266e-8 6.746086463705286e-8 6.693057909436151e-8 6.820548470412786e-8 3.85464672800883e-8 -1.1534335819359661e-7 -4.4870224613117124e-7 -5.913507790460396e-7 -6.432695237415124e-7 -8.186782616554564e-7 -8.267645210366737e-7 -7.049596640851204e-7 -5.009291025952105e-7 -3.082050812600428e-7 -1.115473035855172e-7 -5.6493134402192404e-8 -7.583139834880731e-9 -1.4576269347879602e-7 -1.857736231127854e-7 -2.438251633639674e-7 -2.3313143662996648e-7 -2.598598222243016e-7 -2.0035024341183321e-7 -1.0717249027457082e-7 -6.623373944707273e-8 -5.430907992582785e-9 8.714945515596154e-9 3.0674645056160175e-7 0.0000010303994216713058 0.000001481079291890972 0.0000018752303484952642 0.0000018781648847580203 0.0000018139600768078693 0.0000015173156712423434 0.0000010612621978266257 7.790045292958248e-7 5.995697252239903e-7 3.3732712661899317e-7 2.2433205286285404e-7 1.463016594658444e-7 2.5188311476350988e-8 1.0052798265690912e-8 -6.857906312108341e-9 -2.3050664288937253e-8 -1.1702854745674418e-8 -9.201062820607414e-9 -4.71532107946901e-9 -1.1807577003260966e-9 1.3762450348020658e-10 -4.867942245377618e-11 9.890130172609213e-11 9.94193787097282e-11 2.4021297063379174e-11 1.5831812013235395e-11 8.87594558751864e-12 -9.616252812907767e-12 -1.0398094606174672e-11 -8.255745874283187e-11 -3.4944082988140263e-10 -5.226672833300913e-10 -8.12853741349301e-10 -4.867323499486366e-10 -3.8101026240265774e-10 3.4493236997926334e-9 8.592047630917361e-9 2.2787452862124605e-8 4.5589053706174114e-8 7.910948456607347e-8 1.598883395121643e-7 1.3791260672336725e-7 7.438806020227738e-8 1.3459477950065554e-7 1.3480282301346627e-7 -1.835249516546362e-7 -4.7001773829468363e-7 -5.299365841267361e-7 -3.755591252115719e-7 -4.0580778622385775e-7 -2.850765854601321e-8 1.7774164899827695e-7 1.0921411795675531e-7 1.6004306596598077e-7 1.6890261815971392e-7 1.1109427584949341e-7 6.648604281739647e-8 3.146837412966325e-8 4.73522596737942e-9 1.2372201226798136e-9 -6.162962736438466e-10 -1.123769662392022e-9 -1.309149292196781e-9 -8.691250354973445e-10 -9.975284903153137e-10 -1.3066881296680155e-9 -7.372223099416454e-10 -1.7477886718464415e-9 2.9424544677687396e-9 1.252642092282221e-8 2.9420518625891178e-8 5.327549318368399e-8 8.439377874384658e-8 5.851958389274665e-8 5.979643756205776e-8 1.2403137358258014e-7 3.504587333309847e-7 2.4846622280806706e-7 4.37298134326465e-8 1.0715772186691009e-7 1.2020563626933926e-8 -4.170662820849707e-8 1.1867039871521755e-7 1.7937378697802365e-7 1.2042715568852897e-7 2.0888914892955494e-7 1.682193928932872e-7 1.0154696884787485e-7 4.655585610253926e-8 1.7702239754279784e-8 4.1134123814397405e-9 1.6945606221817702e-9 -6.354507178670409e-10 -1.1371199048920804e-9 -6.500322870089787e-10 -2.677363008358104e-10 -1.6972294711906416e-10 -2.166696713900762e-10 -8.387009989682966e-11 -2.614857613276182e-10 1.456525729600304e-10 3.4987061251632983e-10 7.582283324788453e-9 2.3042238158579108e-8 4.750469920311267e-8 8.918421429398369e-8 1.086402546596658e-7 1.1002076869033068e-7 6.421220406962676e-8 1.9345679994759418e-8 -1.2986594883436213e-7 -2.533348109475277e-7 -2.433792073981637e-7 -1.3350345434215457e-7 -9.17718717198916e-8 1.1994280267235243e-8 5.3733273578837103e-8 1.75062220407376e-7 9.240594756669618e-8 7.859315233498844e-8 6.638007006221816e-9 -3.526878572319456e-8 -6.387926093868718e-8 -7.070714282838594e-8 -4.6543746934069866e-8 -5.1879308871472504e-8 -3.6031327861591434e-8 -6.4417088944347575e-9 1.6398991415867492e-8 7.837333959755737e-9 -2.330167884263437e-8 6.307956682593277e-8 1.8576905056377443e-7 3.502856417269818e-7 4.5415207863571484e-7 5.339417967089176e-7 3.305423731646397e-7 1.7847616788498165e-7 1.0244917303007471e-7 3.1280776547476856e-8 -1.5483971919563494e-8 -2.5472070399400827e-8 -3.377440179113533e-8 -2.422976865645745e-8 -1.734919560654632e-8 -1.619179673514049e-8 -1.1222715759498848e-8 -6.7904791612414305e-9 -3.193455060650059e-9 -9.577712784428575e-10 -1.839044372210938e-10 6.486119188204867e-11 1.8718216013601194e-11 2.6402693173448644e-11 1.2366091988302368e-11 7.1055924730975965e-12 3.689504272679628e-12 2.1465987787942333e-12 6.564055828338201e-13 2.261450725492903e-12 -1.6716098286711923e-11 -6.866974021046381e-11 -1.6559671176710626e-10 -3.3806784678989753e-10 -4.635600708435224e-10 -3.7698726653503016e-10 1.325953832099616e-10 7.481277666810708e-10 4.709708662955048e-9 1.494730601371038e-8 2.8347263024491342e-8 5.4894055980275984e-8 1.1454121395086639e-7 9.742717345685888e-8 1.5175498218373342e-7 2.3298716731618153e-7 3.700776062828195e-7 3.177066072816534e-7 4.3875507836892534e-7 3.830439079146604e-7 4.310862691921956e-7 3.5673353010259886e-7 2.0263442945854908e-7 2.0922406407238089e-7 1.2990934718670625e-7 6.498078171372467e-8 3.2214320431987765e-8 1.5174347866980612e-8 6.624124325736415e-9 -4.579433374924074e-10 -8.554393511458733e-10 -8.292877323870324e-10 -4.383701778344278e-10 -2.4629947733435265e-10 -1.5264007993946664e-10 -2.588178586579687e-10 -6.027146447955015e-10 -9.366070780061557e-10 -7.698906198086196e-10 -7.591812879972652e-10 7.32499488534608e-12 2.029872958534802e-9 1.0348673525081814e-8 2.529233159296292e-8 4.001231944923475e-8 5.331205300779479e-8 9.94791500433566e-8 1.947622771036388e-7 3.0911988868693194e-7 3.1519227225060533e-7 2.9802848457897887e-7 2.764135951148337e-7 2.843339707487312e-7 3.669272071204167e-7 2.927833908854529e-7 1.4218771040053786e-7 7.269271284979012e-8 4.499071073026074e-8 2.497312595682074e-8 8.879130016070961e-9 2.9899134569616496e-9 -1.7027642135919085e-10 -4.669506483690072e-10 -3.1749867494500126e-10 -1.862801250901055e-10 -4.445855053655648e-11 -2.6883070694827795e-11 -2.4904635317082788e-11 -2.827178103173464e-11 -3.596513387025088e-11 -3.7694874840242076e-11 4.3778939947163e-11 2.1777267518826808e-10 7.414975849877169e-10 3.2553615671185804e-9 5.7328184277689685e-9 2.0618638572781094e-8 5.613244993167557e-8 1.0857068674675125e-7 1.1106103508360995e-7 1.1001471904285192e-7 1.3165032296163793e-7 1.5871366176276033e-7 1.2500302426721757e-7 1.228464542494256e-7 1.4843257671022327e-7 1.3061032576374093e-7 1.2328551422217353e-7 1.0394343198617813e-7 7.325175171051375e-8 5.7028622341512474e-8 5.760561777438576e-8 5.8435225989185e-8 5.0186365929285184e-8 4.0761658993736984e-8 2.8849028744995796e-8 2.1477757671967652e-8 1.4187220495848113e-8 9.844447574349128e-9 8.252284710886507e-9 1.708085711086803e-9 -2.0876017051250367e-8 1.6007062456894567e-7 8.20063615009127e-7 0.00000258298640060062 0.000006145685369406226 0.000011024269286908361 0.000012709993357652448 0.000014672509971401582 0.00001692706388451874 0.000023150235734633437 0.00003323700361581328 0.000025332480456346976 0.000018193199599273423 0.00001667057959117133 0.00001591245869379424 0.000012156757693207999 0.000013100563424424588 0.000013005721373159142 0.000017935269889922348 0.00003226779277257034 0.000030103317580828896 0.000021972140248981064 0.00002049059867110002 0.000016195340375214938 0.000014302558102915033 0.000017664422619641925 0.000014792005215601022 0.00000938291361720034 0.000015598782342282237 0.000010992169796500467 0.000011358465674917091 0.00001633289379533013 0.000012678303594401673 0.000011173662200991442 0.000008650853576026018 0.000008733895715912748 0.000009071600691681987 0.00000781948528158776 0.000008732061525300973 0.000009064000106792848 0.00001009729870645597 0.000011415383607133226 0.000012953861578675591 0.000019943455360415755 0.000019727745373201555 0.000014916670725467856 0.00002485876306310183 0.000021966583994070678 0.000018793869793683365 0.00002001599107116979 0.000011758617359793544 0.000015314873685516237 0.000019010513817765278 0.000013844087142718265 0.000012003405657652306 0.000009356466483785678 0.000005437023636899262 0.000009151922230241373 0.000015080498316534254 0.000026214264280699924 0.00003348296163114978 0.00003426582704249102 0.000021646442632740715 0.00001696866528624633 0.000019762361083890718 0.00002005535541289159 0.000014951240612209891 0.000010700212595402343 0.000005033764171291745 0.0000027404710451941977 0.0000022953029172898345 0.0000022732282614692817 0.000002882401954787079 0.0000035819368335500823 0.000004883996227362464 0.000006336346409710111 0.000005996766402309864 0.000005312471335772625 0.000006685385145022851 0.000005772154877548318 0.0000059287874511824875 0.000007612666918095709 0.000005968095725023986 0.000005015024532348738 0.000005082692306665624 0.0000052983797977279116 0.000005041147314301317 0.0000071894400532325475 0.000008042190862491764 0.000008845040363219808 0.000006628347021407961 0.0000037237175219018524 0.000003229991983115714 0.0000023976169490159294 0.00000191956655993381 0.000002777714592971447 0.0000033939744608722844 0.000003715569840572062 0.000004039288862576158 0.000005077898987776529 0.000004093963478821433 0.000004726777806498941 0.000004000227977941812 0.000004114008950699206 0.000005005858235981337 0.000006941524121605979 0.000006211753364147665 0.000005738026270988902 0.0000071722823928002 0.000006716350186052423 0.000008274761383064712 0.000012037798247900011 0.000010911053920329494 0.0000075550473829550455 0.000007829892129407196 0.000009410571977466794 0.000009821661360783951 0.000009177600969572962 0.000009428595113887462 0.000010990805398147613 0.000011833982795798243 0.000012876791404094676 0.000012273637361907185 0.00001462106722111552 0.000009303581383320432 0.000004849972836190129 0.0000050707859362568446 0.00000459187676795062 0.0000034454142913598708 0.00000210047718146375 2.533760819478092e-7 1.37625199229706e-7 0.000002339455222537973 0.000005051726652675849 0.000008987069597755722 0.000013081741231035225 0.000013723684552360627 0.000012358591893891656 0.000009921004934016292 -7.0926271852113e-7 -0.000013324866128201456 -0.000013333563992074767 -0.000014417904274284673 -0.0000038437525212663796 -0.0000049753614115497105 -0.000004618684077992912 0.000004523231061575527 0.00000892502043449119 0.000009092614911482691 0.000006425864611361422 0.000017381028788583776 0.000009704517273544742 0.000030068995418565386 0.00003519177616349807 0.000005406614957516092 -9.103434906741677e-8 0.00001291567462682491 0.00002262218968985589 0.000026492390136600353 0.00001762129852185205 0.000013905350889806689 0.000015635065521487696 0.000008465580908558113 -0.000005273932394234934 -0.000006755951697521108 -0.000002846639960654395 -0.000002729329948081613 -0.000005105446405436358 -0.0000023922924959545044 0.0000013011776749274494 0.000006583246484314208 0.000007180704488908486 0.000005185557475336882 0.000009752077427846948 -0.000002936482169834843 -0.00002608584515156545 -0.000024229412719461808 -0.000024847844219814072 -0.000020191945229876182 -0.00003337309450817107 -0.000013331205599804104 -6.613237869392894e-7 0.000005147160429306837 0.0000072469858082588 0.000018776024008049073 0.000019971739249544594 0.00002016550585867669 0.00002708972135678988 0.000019269315699124684 0.000013807165600064503 0.000004708729962112291 -0.0000010591263510617368 0.000005355553843679756 0.000022151840651103242 0.000019731282588841522 0.00001580018056235258 0.000022367768622855397 0.000029047848852519953 0.00001482754856987937 0.000010823610716184263 0.0000068745125240472645 0.000005192988522161487 0.000004844218373404614 0.0000032425234617276963 9.979159032290449e-8 -0.0000018844118956655898 -0.000006236847757662023 -0.000007232294842176824 -0.000009018200046523455 -0.000008277458303107164 -7.678742770910988e-7 4.895395451512056e-7 0.0000019272030539652177 0.000004547802941038095 0.000003433028545259818 -0.0000010830157121599851 -0.00000514572056091501 -0.000004788241950885709 -0.0000068505934411701405 -0.000010251800811752713 -0.000005458771464006444 0.000001956169175980589 0.0000012294138405290882 0.0000017172306261722528 0.000004819215145527561 0.00000642730332029372 0.000005376617182605564 0.000004190635657479293 0.000004016115285174557 6.953192311873368e-7 0.0000011408576768761535 0.000008358786223730714 0.000010297523999556722 0.000007362195302685551 0.000010160296405131489 0.000010049387930420422 0.000005374840703905993 0.0000023503381003796193 0.0000021700176652754572 0.000005082873307336049 0.000006595575093652372 0.000021698437856093926 0.000011269652046151749 0.0000029197231125469814 0.0000026682074449198304 0.00000621708491645621 0.0000099867096160414 0.000007086351689714231 0.0000026974152076662723 0.000006896034658440447 -0.0000015851674582903675 -0.000009514832983542647 -0.000015588604157608453 -0.000018324466576920755 -0.00001717190000645923 -0.000009363244527098477 -0.0000043142786018953055 6.491416483223832e-7 0.0000011172621971469082 0.000008037913287997459 0.000007316620559148864 0.000001891082551739796 7.703967232765914e-7 0.000004113524504188498 0.000006093842046802682 0.000010085839935898185 0.000007586190044916905 0.000004569114286504812 -0.00001389338852134671 -0.00003544657741896654 -0.00005540670078506435 -0.00008692689864716997 -0.00010913214360734723 -0.00010630716323574732 -0.00008781199337416105 -0.00006197568430617413 -0.00003996251802818316 -0.00004604112686502883 -0.000036797325022600204 -0.000018475673842210056 -0.000017763311974729605 -0.00005053272550687045 -0.000046249662750862807 -0.00006749273487376821 -0.00009089752785094855 -0.000050366452430174574 -0.000031777853405407096 -0.00002145549557652145 1.5642012691739793e-7 0.000015470982428854498 -0.00000952949875519999 -0.000006896081462952383 -0.000019867053130581814 -0.000027863791575417092 -0.000013360761993157326 -0.00004227362141338685 -0.00005105452355499999 -0.00004251839870320891 -0.00003315164048611077 -0.000018943691329079932 -0.000012677195157652583 -0.000008123934642901702 -0.0000074685326481065165 -0.000015157042317491952 -0.0000288072023053177 -0.000047076798530239126 -0.000043531639867490557 -0.00006449215547429336 -0.00009387052781177617 -0.0001013703311836236 -0.00007026008331441016 -0.00004293022243539885 -0.000011128735284152875 -0.0000070027207984271335 -0.000007964417735535967 -0.0000048582746491863544 0.000005363758154089119 -0.0000026382704507278295 -0.000003741436884232545 -0.000009555351290863372 -0.00001799217433332207 -0.0000071597517167633065 -0.00005229646117946406 -0.00006914889167520806 -0.0000251387849094275 -0.000019892825113704302 -0.0000484389518106992 -0.000022268765980749628 0.0000016803225481370873 0.00001489959894330723 0.000015376452143208304 0.000004409419605626529 0.000003951610119991404 0.000002064931770902718 -0.00000484006626252831 -0.000008281996243813901 -0.000020988684916609356 -0.00003243861980250547 -0.00003760162314777894 -0.00003121394459019372 -0.000026985995453693315 -0.00002450600847626763 -0.000011021281099386073 -0.000010437386008595087 -0.000005154048362465142 -0.000009139108672239756 -0.000016894219358447972 -0.00002587579953388654 -0.00004091762645819277 -0.00004347607095062456 -0.00003777876840642482 -0.000025711437211215614 -0.00001562199013472878 -0.0000049877653920453905 -0.0000010917035046315817 0.000004926468415548224 0.0000057299156573737596 4.772211265019926e-7 -0.0000030965938587005645 -0.000006857215266553937 -0.000008017022935407367 -0.000006974797629145555 -0.000005042948056280387 -0.000009186630095437115 -0.000010419436805289733 -0.000013147658340803433 -0.000013149019321282064 -0.00000856536116824654 0.0000059262981683991715 -8.178430925562898e-7 -0.000011433512824941546 -0.00000751422207552935 -0.00002419271134197917 -0.00003705457740383534 -0.0000313122244583714 -0.00003224651949097938 -0.000021692479448576152 -0.000015413681701492076 -0.000005440757788534497 8.378061458862597e-7 -0.000010390346068863345 -0.00003637646114346454 -0.00005949851825118575 -0.00007054046635112616 -0.00007219238452719152 -0.00006618770142901762 -0.00005721658617485229 -0.000036460394873050206 -0.000011985340769307533 -0.0000031837566989651248 0.0000012624686505980584 0.000008148671508364956 0.0000027640484480713173 0.000001103882130650302 0.000007017634368123801 0.000005308603731094644 0.000007653585563806202 -0.000006544329744890246 -0.0000403988078633759 -0.00008967370875944285 -0.00015861061013922983 -0.00023672056860355622 -0.000247006886320122 -0.00022500174738854586 -0.0001875011922144331 -0.00018287150662150967 -0.0001621989558136718 -0.00012722351646839408 -0.00010694324207215209 -0.00008486662404913425 -0.00007636475772573634 -0.00009111242646644258 -0.00011893050444765083 -0.00015143572395466144 -0.00022462242907984387 -0.00021033947098294186 -0.0002395441555968789 -0.00011914841827388363 -0.00003686049940196357 -0.00003535287649903197 -0.00002057547806986403 0.000006792790344449629 -0.000062338566868087 -0.00010684759573327613 -0.00012025434801431609 -0.0001320068460922525 -0.00009230768307998556 -0.00008789958563209553 -0.00007218509045077513 -0.00005856783379661967 -0.000060684202491288775 -0.000039820610444372495 -0.00002781125359227008 -0.00003283861090835765 -0.000037268880433062755 -0.000051350732966609 -0.00008326052530450721 -0.00014287125433646582 -0.0001807592270903708 -0.00019345715253400587 -0.00017054256067101787 -0.00016202195814045967 -0.00015295334764555554 -0.00012840606841647544 -0.00009171187906490963 -0.0000853495607453464 -0.00007259480661185206 -0.00006278263826139684 -0.000023512356290937455 -0.000054092011096483605 -0.00005451200307520044 -0.00010244953519787695 -0.00018818415552511385 -0.00017492926499458242 -0.00016622723919504828 -0.00023802742481593655 -0.00021289024188009752 -0.00012946986719940246 -0.00011030315801936934 -0.00003914048848974399 -0.000023821805318469213 0.00001612800729108816 0.0000061290423473989505 0.0000047813196418927234 0.0000036922617182737852 -0.000014448753363832265 -0.00002672979376616506 -0.00004419628634903932 -0.000055882605002625246 -0.00006897340953729307 -0.00007059611071552048 -0.000058256694674132467 -0.00004035199128938163 -0.000029084008937832172 -0.000022467316560907926 -0.000022114136090838138 -0.00003075916550784263 -0.000043585777285630876 -0.000060810224567474895 -0.00007488442396881861 -0.00008107713422513884 -0.0000825931117589151 -0.00007314697511300646 -0.000056607749582797866 -0.000029516224715523817 -0.000015152303462029424 -0.000005454353569581822 -0.000004914082906390695 -0.0000057153571978431535 -0.000018512062070836194 -0.000022683905826422306 -0.00002605248569010821 -0.000028516456601255106 -0.000023611200028521414 -0.00002811579495093693 -0.000029609936952523177 -0.00003823824049318393 -0.00003300278100099082 -0.00004431995869582928 -0.00006368816108927482 -0.00003071372504976476 -0.00003283609467771104 -0.000031794025549762454 -0.0000619977380937317 -0.0000738705935198316 -0.00009436798505578866 -0.00007997865471892957 -0.00006581844763231724 -0.00003991684405329423 -0.00003848236541233714 -0.00004109587523654992 -0.0000662356451915675 -0.00008945281337335491 -0.00011676596144249056 -0.00014443939344558967 -0.00014424357391839464 -0.0001235622167561029 -0.00010181864773831796 -0.00007811015391379762 -0.00005096594035293733 -0.0000122420775654771 -0.0000028907397213398738 0.000010370014536754535 0.000004518893124650167 0.0000012471862171097896 0.000011152200218218143 0.000003243100223426882 1.0080330559552639e-7 -0.000010632655005896126 -0.00010868608881103795 -0.0002041366687057776 -0.0002943115165847292 -0.0003899254143712475 -0.00043674870132268643 -0.0004228717438702687 -0.0003879455797691572 -0.0003462664355779897 -0.0002957173731886995 -0.0002679062966545374 -0.00023766881568483645 -0.00023204136506163296 -0.00023375370367677016 -0.0002338816544086845 -0.00029027288580738524 -0.00041383646641956947 -0.0005122502494361456 -0.0005735748278162247 -0.0004698778644627142 -0.00032608284852106705 -0.00016827168404645186 -0.00010834481983629357 -0.00009887249359128582 -0.00022418815669298652 -0.00023561679083377443 -0.0002561107508737238 -0.00023613526761146462 -0.0002243796743092874 -0.00022422649591786467 -0.0001993391151901115 -0.0001680821070341367 -0.00012983535377407773 -0.00009270292115343747 -0.00007988646403861903 -0.00006969870466482159 -0.00006518236939997586 -0.00007876231062649268 -0.00012704773817890521 -0.00016720944823987738 -0.0002427895460532205 -0.00028503052825145107 -0.00033475595300602273 -0.00033024783961006315 -0.000320091898811639 -0.0002888267732499611 -0.00026177358396329013 -0.00022321010214207553 -0.00018424770078458397 -0.00017510271585660187 -0.00014596631984045087 -0.00013461358926631457 -0.00009692862715424347 -0.00013318298910644974 -0.00023776034682162546 -0.00030534548181396383 -0.0003949788459661386 -0.0005058183403267089 -0.0004759102978268091 -0.0004407576568223447 -0.00036537041611410634 -0.0002525916451045773 -0.00018019074145865478 -0.00007802531570425447 -0.00003971344650731194 -0.000010302509502750771 0.000008516721577128553 -0.000006380929040033858 -0.000025043824993551952 -0.00005443986482013557 -0.0000685256467052069 -0.00010171622647934054 -0.00012353525052048625 -0.00011673324143047558 -0.00010794974605536525 -0.00008500141699632588 -0.00005787618297113123 -0.000044002740153533816 -0.000043288237671752236 -0.00005645539133803111 -0.00008119897739515856 -0.00011352097852590067 -0.00014158253269423027 -0.00015100690983991638 -0.00014396990490915014 -0.00012194527684686088 -0.00009301253596896442 -0.00006984322432191826 -0.00003438778559365227 -0.000016968436117243096 -0.000011947903452794492 -0.000015793301162773592 -0.00003484984059877491 -0.00004763494126056593 -0.000058797259518229294 -0.00005338763452711599 -0.00007108030118615873 -0.00008434282688180618 -0.00009573126505017924 -0.00010471054850754097 -0.00004822885636131027 -0.0000324573762952791 -0.00012132678445980673 -0.00016648616641568479 -0.00013257406396129565 -0.00009472843240560606 -0.00012301856555140147 -0.00017686299462864083 -0.00020119740164486932 -0.00022409890608669593 -0.0001937206875735891 -0.0001534576986497337 -0.00011967197126967744 -0.00010217585496789949 -0.00012540380897323365 -0.00016051936821429637 -0.00021557941542381636 -0.0002411146325056491 -0.00023870849358538181 -0.00021264367266330195 -0.00017736849860194075 -0.000126072506512034 -0.00006826927337667468 -0.000037823792771137284 -0.000011704983590292423 0.0000047659188663718144 0.000005523777160570229 0.000002592972435203054 0.000007094172716939016 0.000005483431737836798 0.000009820397839844324 -0.00007069067578322905 -0.0002071539578801375 -0.0004066976600978176 -0.0005676939637109926 -0.0007034407221979522 -0.000804441058036535 -0.000776077024420637 -0.000668295488169899 -0.0005303276098514077 -0.00046502016187235657 -0.0004162309927373301 -0.0003923483057538915 -0.00036721443097311303 -0.0004064654242450114 -0.0004686522001526468 -0.0005014867487246519 -0.0006770603397524211 -0.0009086317214346063 -0.0010490034075632563 -0.0009508531779836215 -0.0007320609804360028 -0.00041206171249038697 -0.0002863451598826933 -0.00041902604826415924 -0.0004916231979024442 -0.0005827892934012831 -0.0005198581563593939 -0.0004999613294855401 -0.0004159176372845656 -0.0003244093675671653 -0.0002832771021299011 -0.00024345922043256637 -0.00020117669126760372 -0.0001402871362136732 -0.00011335374817440109 -0.00010001736547576693 -0.00009675704165972424 -0.0001176263158955228 -0.0001676263689590149 -0.00026134448748717253 -0.0003800487924346935 -0.0004836531062856904 -0.0005275003917495948 -0.0005432329409169944 -0.000497794828843807 -0.0004748960602974848 -0.0004650130528689275 -0.0004326448594938317 -0.00037564769230287443 -0.00035031214219863387 -0.00028477446182687753 -0.00023597305815157755 -0.00017789109891394955 -0.00026466318042482395 -0.0004000869021330828 -0.0005880067220771717 -0.0008243936727261624 -0.0008860704464906793 -0.0008676930202296938 -0.0007973233117783048 -0.0007183918648182378 -0.0005428925225542121 -0.00027548698273271505 -0.000165537754051952 -0.000039519107291304366 -0.000023283225967516695 -0.0000023176284916409957 -0.000014205998322475011 -0.00003566109349488731 -0.00006791072575148486 -0.0001155926934096623 -0.0001555042030029976 -0.00019221964845571158 -0.00019449440124146887 -0.00017346912763998253 -0.0001291723410364403 -0.00008912064518200996 -0.00006721810549850097 -0.00006302114874677452 -0.0000892976312106026 -0.00012985103670024788 -0.00017408590307707586 -0.00020666134221270792 -0.00024029455611709454 -0.0002371312352493423 -0.000191994843243266 -0.00014947536607096875 -0.00009631827573463447 -0.00006170009817157464 -0.000028746004658880976 -0.000029260909540564732 -0.0000378765939091869 -0.00007635489427712 -0.000093493167314425 -0.00010867194759989473 -0.00010503160474830351 -0.00012286099058242766 -0.00014138628393635906 -0.0001657275383761928 -0.00019379146662295508 -0.00017570330197489047 -0.0004845221296893639 -0.0007131301310385792 -0.00022717202754846518 -0.0002581777101551096 -0.00015576464406235393 -0.00025055852052403204 -0.0003382044591542724 -0.00040515932625032557 -0.0004344873204570292 -0.00036518744232126306 -0.0003156924202619105 -0.00023813963551565971 -0.00020156505447666866 -0.00021889153464892136 -0.00025274065764575865 -0.00031157927281012197 -0.00036609591150301124 -0.0003476415938334188 -0.0003399877505049929 -0.00025631187107295276 -0.00017292478279427206 -0.0001060037363441175 -0.000055854603847259 -0.00002179184530102537 0.0000038814747264468455 0.000006690784958438849 0.0000024162170520973 0.000006519320749985807 0.000006058575546879436 0.000009812604351810331 -0.00007204219158141382 -0.000244891942964323 -0.0005240431303219707 -0.0007266473072463906 -0.0009510302453765325 -0.0009806510429750655 -0.0009037544447633282 -0.0007798697882845096 -0.000687510495568662 -0.0005998685673935538 -0.0006065851134595394 -0.0004956810832685682 -0.0004580729900529986 -0.0007927472893659734 -0.000834903519355146 -0.0007598275264189372 -0.000896237430343034 -0.0011051096326921933 -0.0015673515321986597 -0.001492430622336105 -0.0009107733417797147 -0.0005718956263821508 -0.000545497826841055 -0.0007878889351109299 -0.000961407337618845 -0.0008320524814640953 -0.0008546742592729272 -0.0006934826657200411 -0.0005561086921313375 -0.00045320794697984655 -0.0003781650588277933 -0.0003107832727422672 -0.0002540309556884377 -0.0001986348320367522 -0.00015258798272034884 -0.0001338142524936308 -0.00012981141732213572 -0.0001277403815793558 -0.0002088843113528838 -0.0003491435800948483 -0.0005307195630704419 -0.0007276635662030172 -0.0007936809511616905 -0.0007341151254894406 -0.0006761778766474881 -0.0006707297103448915 -0.0006237294246254962 -0.0005949850523536202 -0.0006121312211213255 -0.0004751675665381749 -0.0004106228870927469 -0.00033722153984652953 -0.00023010627630626348 -0.0003847265879911251 -0.0005416714850940264 -0.0007771604193989659 -0.0010409917721050366 -0.0012299588258749973 -0.001281874772131937 -0.00123036868758804 -0.0009293411854655007 -0.0007035474156129578 -0.0004989291796602851 -0.00023741534974192573 -0.00007267951078193129 -0.00001114021334052455 -0.000003214342177603906 -0.00001695221065193806 -0.00004513419992400327 -0.00008224293229432212 -0.00015443462886872986 -0.00022849498140481577 -0.00025205865095131416 -0.0002573072640810783 -0.00023201615492660026 -0.00017102799425179125 -0.00011686072000063663 -0.00008606540458723573 -0.00009018111971789144 -0.0001298376184647535 -0.00016541409668266452 -0.00021523722227551466 -0.00026319704674043277 -0.0002961211111266623 -0.00028325297248756964 -0.00027229834472331454 -0.00019967341578945225 -0.00012889896905022392 -0.00007509735731520041 -0.000043853870303175475 -0.000034691794271829253 -0.00006177450223552973 -0.00009926509233225184 -0.0001305621129341315 -0.0001303388571937841 -0.00014866643219374736 -0.00016841460984239086 -0.0002097730095204222 -0.00024756361910373986 -0.00026241328400946056 -0.00020833322606955145 -0.0006365034123235109 -0.0010845433799858448 -0.001013131287273198 -0.00042607543054748714 -0.0003480149733707481 -0.0003531444785256226 -0.00045145328897319367 -0.0005091671996968275 -0.0005729467844951438 -0.0005816009651117021 -0.0004831667769882386 -0.0003655562133944036 -0.0002894081307503452 -0.0002983437382513089 -0.0003366600616281002 -0.0004083295299816432 -0.0004306938094643649 -0.00046838277650551634 -0.0003938596392897414 -0.00030668523065048364 -0.00021528037919823996 -0.0001472269946824517 -0.00007888955849621937 -0.00003529195080809833 0.0000030033151761227293 0.000008647959101431718 0.000001255126111530283 0.000005929794727019595 0.0000014346439174043078 6.698325644075955e-7 -0.00007129134501545055 -0.0002656636699022722 -0.000498924415905246 -0.00068478376994781 -0.0008629023518059887 -0.0010152045608545588 -0.0008778460840226812 -0.0008652019856881974 -0.0007120552571350579 -0.0006165976068637689 -0.0005211748907036798 -0.000502457322670133 -0.0005005735947291641 -0.0009199988944056665 -0.0011408513414761033 -0.0008052561965759231 -0.0009500768110974143 -0.0011029881763600943 -0.001680242311484309 -0.0015266227668524518 -0.0008815392711213184 -0.0006264006658174939 -0.0005751495237465772 -0.0006440815668757601 -0.000916024391525577 -0.0009353448316962975 -0.0008316575710327036 -0.000887395214094366 -0.0006587567336881785 -0.0005120882887499947 -0.0004126434212612686 -0.0003581014064297178 -0.0002637355615000895 -0.00020373272157824383 -0.00016383896344001253 -0.00015031597021372348 -0.00013548642717954427 -0.00013929220515594319 -0.0002494854910097322 -0.0003641948734084299 -0.0006136238597705122 -0.0008342340779537471 -0.0008085115338720332 -0.0008040994342717424 -0.0007562757707338625 -0.0006952444914326437 -0.0006150385704097527 -0.0006335292577984691 -0.0005510729095600711 -0.0005458698145417276 -0.0004965161666806997 -0.00036693749770466726 -0.0002567413056201698 -0.00037914042253688464 -0.0005130418409486831 -0.000862305071216497 -0.0010937690549984581 -0.0012439003922765847 -0.001302686760851261 -0.001261921897544068 -0.0011128704165398547 -0.0008406299943703695 -0.00048048836225248625 -0.00022415200534653827 -0.00010810487497621233 -0.000014269519273061457 -1.9485045034119405e-7 -0.000014886448365961727 -0.00005040600323339752 -0.00009430493340846418 -0.00016003243088550466 -0.00023341447702540335 -0.0002830577096445827 -0.00024533840538743526 -0.000239142853053117 -0.00018139963053426434 -0.00013428098663211425 -0.00009838224999134022 -0.00009534252211863264 -0.00013059612968112415 -0.00019827378583019833 -0.0002523870513869715 -0.00030668419569700276 -0.00034839417644270856 -0.00035818429577865065 -0.00029442567526249676 -0.0002316144446896716 -0.00015291707229467274 -0.0000800267209409899 -0.000050996413181957437 -0.00004548394243911985 -0.00006538481450289175 -0.00010286397796586284 -0.00014285940642868732 -0.00016901917495862833 -0.00016087288461531893 -0.00018293568241264672 -0.00021850908023803025 -0.0002925582872569118 -0.0002744775781767358 -0.0005982019314194649 -0.0009640586592573236 -0.0015586881688147167 -0.0012343902024726837 -0.0006069040622336638 -0.0003147969124372195 -0.0003948027871759114 -0.0005623210072928195 -0.0006467963786681675 -0.0005948928123285303 -0.0005821851062997111 -0.0005079247911339005 -0.00040523930565234686 -0.00035735382968917016 -0.00036251612409548184 -0.00041680778492807197 -0.00047665180619926325 -0.0005171234507701437 -0.0005243541112756369 -0.0004580421342830731 -0.00035240620001902097 -0.0002475598714582303 -0.00014558543970072727 -0.00008460169590090956 -0.00003360470329709568 -0.000002177229824585251 0.000009415380897860943 0.0000012416861402312506 0.000007710814060291376 2.3774016580075898e-7 -0.000005560526718924113 -0.00004147933501503265 -0.00022127105963402172 -0.000406553200103691 -0.000668135869906868 -0.0007573149559155879 -0.0008463989792692394 -0.0007829945187995788 -0.0006510033982871863 -0.0005548392543782065 -0.00046486524469128033 -0.0004616254959546684 -0.0004124303532925968 -0.0004128689239508949 -0.00043117587917156325 -0.00045786879053711385 -0.0005696384639387857 -0.0005720539528520546 -0.0009654227170325306 -0.0011772343300078252 -0.0009219010161187752 -0.0006919672860211001 -0.0003535144594694718 -0.0004139796437306952 -0.00045489580622221846 -0.0005678536884304346 -0.0006516807630135895 -0.0007233473607550612 -0.0006467874098503961 -0.0005022827039769506 -0.0004255262448615455 -0.00036591935632672456 -0.00030782173126304014 -0.000273403910155123 -0.0002144066132941905 -0.00017404501891905838 -0.00014683659028650678 -0.00012649303652621186 -0.00016425274845417617 -0.00021443889321153342 -0.0003020450026890099 -0.000534110669692182 -0.0006918709268316899 -0.0007513515212783395 -0.0006875618770469657 -0.0006475319912051472 -0.0006259991434256738 -0.0006278427111248751 -0.0005579311666493164 -0.0005012000054718353 -0.00043877403761933827 -0.00037834282674731405 -0.0003278595722886566 -0.0002485334685724692 -0.00030996827574936755 -0.0005023079019973028 -0.0006613891614866576 -0.0009197894997138115 -0.00108434686256804 -0.0010425665313364848 -0.0009415740350106367 -0.0008889527609137792 -0.0007078636828002333 -0.0003952240526622634 -0.00018977266707945187 -0.00007435531654233222 -0.000021781669611416808 0.000011987880707740245 -0.00000777524681032379 -0.00004828695366933031 -0.0000875750804129795 -0.0001474332219015904 -0.00020358606704170892 -0.0002769277455156975 -0.00027992108546564756 -0.00023523522462591724 -0.00017864235295129237 -0.00012751070840588916 -0.00008723961733011019 -0.0001025071911910801 -0.0001261768723463529 -0.00017416065369599317 -0.0002488467269967626 -0.00028788452635914217 -0.0003114918155813329 -0.00030565521897958934 -0.0002774161148493023 -0.00021711049090711564 -0.00013398241928622514 -0.00007592758262943455 -0.00003440287423935594 -0.000043481581358616316 -0.000051026198507071684 -0.00009163992747772106 -0.0001152579756545427 -0.00014174092958808162 -0.00015126756646755105 -0.00017992236687754403 -0.00022824361168737885 -0.000256599763397408 -0.00027049059295742304 -0.00043197734039748115 -0.0006581394895306275 -0.0009272185714756471 -0.000499980161778391 -0.0005011902868176097 -0.0003416152125791276 -0.00039603197884721355 -0.0004879442420361368 -0.0005830613732018834 -0.0006399256770115528 -0.0005722815983973754 -0.0005291950522925799 -0.0004054136276862454 -0.00030231372277579675 -0.0003217515457514679 -0.00036923318592822915 -0.0004270190958294821 -0.0005358384617693481 -0.0004971286908285684 -0.00045807412967785026 -0.0003553826934239184 -0.00024587090108151694 -0.00015665354940489292 -0.0000884858607722327 -0.00002983542515084957 -0.000007919291969707903 0.000008318771016905319 0.0000011361586696920135 0.000004766472394809014 0.0000025896388116963475 -0.0000031320105703891683 -0.00003604369671552276 -0.0001126609194986863 -0.000219852682165323 -0.00037116419115782557 -0.00046967920858044407 -0.0005373062718794679 -0.0005177922770104954 -0.000451157996953536 -0.0003839737822840697 -0.00030810253671147337 -0.00030363953617117167 -0.0002791693328238006 -0.00025836918256922904 -0.0002339733844777518 -0.0002696555049558805 -0.000375195373317029 -0.0004069824029977219 -0.0005336553676012179 -0.0006142445275948108 -0.0005066422204270618 -0.0003239979607920101 -0.0002471163425404284 -0.00020314025612691835 -0.0001017101833283733 -0.00018559209886502174 -0.00030334847667768647 -0.0003440700039209863 -0.0004062591703226966 -0.0004013332465100585 -0.00031999291999923327 -0.0002959653112710943 -0.0002692951142368443 -0.00021531102735354354 -0.00017291154509063917 -0.00014184004131017385 -0.00011882121632761014 -0.00011250595016969323 -0.00013534494789143922 -0.00017160759150622155 -0.0002545098264309989 -0.0003738861296091399 -0.0005013251745268372 -0.0005486719565441426 -0.0005288408826239759 -0.00050328544129466 -0.0004577393234631094 -0.0004161123904776488 -0.00037828418745403835 -0.0003608968140566566 -0.0003235661225265051 -0.000286027466134195 -0.0001805002185922451 -0.00019178544237743154 -0.00019844820999099193 -0.0002967873630766334 -0.0004909674287933755 -0.0006092656138382164 -0.0006864562234526416 -0.0007201078162783216 -0.000676576349814552 -0.000586080511791145 -0.0004588575002762359 -0.00027999054904140954 -0.00013664219147586793 -0.00004828318535295902 -0.0000010559263103371728 0.00001082882480440352 -0.000005929418395564325 -0.00003608581127373214 -0.00007517775239070175 -0.00011903992821435072 -0.00017276878288572558 -0.00022902951103058106 -0.00023361670183693223 -0.000188723858497391 -0.0001431147956740159 -0.00010582995524150298 -0.0000675985101744225 -0.00008910002460446413 -0.00010458868761024727 -0.00015347604855408785 -0.00019759522485874695 -0.00022167778186854643 -0.00026472724936116846 -0.00024817586611126236 -0.00022023730602714785 -0.00017005558051184187 -0.00009840917110333782 -0.00005478785512785606 -0.0000243182528601208 -0.000028072701854567294 -0.00003856741537203902 -0.00005859861727536882 -0.00008626545874432172 -0.00009670650088915095 -0.0001032384765656275 -0.00011193242744409624 -0.000156832597882479 -0.00018733508073792032 -0.00022049591879862545 -0.0002529265747551191 -0.0003205684536106865 -0.00036369602119106317 -0.0003343173637182087 -0.0003135872038351782 -0.00031601426732879326 -0.0003425591546793174 -0.00039023677629664206 -0.00047194407113550414 -0.0004830626170764398 -0.00044745479120834105 -0.00037933980720554445 -0.0003403851561835811 -0.0002638494739567175 -0.0002603062949468474 -0.0003037870862574722 -0.00036488920261554703 -0.0004186898648023204 -0.00040865220941902755 -0.00035599082319815644 -0.00029538677737693596 -0.00020673862088258025 -0.00012589377560614392 -0.00006894781889116494 -0.000027851340833902078 -0.0000067538464434229325 0.000009141041165719338 0.000001033720758141132 0.0000030616761623098933 0.0000053166545107488735 0.000021005769467496935 -0.0000060352863311363995 -0.00003833789851998505 -0.00012873452592217303 -0.00020537664924343636 -0.00025213425363941887 -0.00028119591345355534 -0.00023887325901219466 -0.00023546201108875733 -0.0002193073809261533 -0.00017882796054729524 -0.0001719788998304493 -0.00014309567881537661 -0.00013032860222196143 -0.00012638506855717664 -0.0001435484384631018 -0.00011399832108154976 -0.00020792561856301122 -0.00026143710524580534 -0.000338086544080525 -0.00024105916843039377 -0.0001830040285637185 -0.000049601062358983125 0.000008975478679917222 -0.000018263255779737866 -0.00012227132651858398 -0.00009791878627437087 -0.00017852876874693634 -0.00021574258604825926 -0.00023057226760151434 -0.00022223038784470545 -0.00021908336682102903 -0.00019305281783508178 -0.00016861501195196302 -0.00013944538055285296 -0.00010597562834731275 -0.00009019657274352977 -0.00009256280616221522 -0.000097786650717586 -0.000121096049541416 -0.00018605628148727377 -0.0002663689624534075 -0.00032875460050959144 -0.0003777108286169399 -0.00036600963024060204 -0.00033632969933964567 -0.00030545986477686454 -0.0002500027754122086 -0.00021998576378234218 -0.0001952879930177868 -0.00016344752795170308 -0.00014373530554141658 -0.00011735675548715379 -0.0001025572962810811 -0.00011036313981864756 -0.00016604428127298793 -0.00025071214483548865 -0.0003284374876608302 -0.0003350517362849507 -0.0003908828933507142 -0.00037817019606645067 -0.00031792014538027343 -0.0002034223287122098 -0.00015222100952487554 -0.00004616869232487301 -0.000013298928029856038 0.000020890721679208097 0.000012467137749147554 -0.0000011096880709188877 -0.000017479081939887035 -0.000057242325552841546 -0.00008919848832228663 -0.00012892832838220508 -0.00015653625273410926 -0.0001594366576427529 -0.00013396643067621185 -0.00010736325909923353 -0.00007781959272126101 -0.00005410115679765066 -0.000054797737082279615 -0.00007664809567249014 -0.00010113844530913521 -0.00013697052635562162 -0.0001680743674359122 -0.0001873920113525652 -0.00017009134849575377 -0.00015578446956766422 -0.00011939419001278611 -0.000060410270278588836 -0.00003485357611931236 -0.00001991971346136484 -0.000011087086229139784 -0.000016635606450341485 -0.0000377677885741906 -0.000048077479634011355 -0.000050953500682174226 -0.00006195359426683204 -0.00006417667854380005 -0.00008943233214087378 -0.00010097478087237011 -0.0001301738347377179 -0.00015409093929994762 -0.00017334831592660314 -0.00015357436998502706 -0.00017789239621052974 -0.00019275638144764258 -0.00021609440747512033 -0.00022417908244359798 -0.0002868665429835872 -0.0003229513000507434 -0.0003059567703472533 -0.00030206724177026163 -0.00024293046918418654 -0.00019613466981681417 -0.00016965483916309262 -0.0001737101523415424 -0.00020388880991140896 -0.000258771558165919 -0.0002997676455225458 -0.0003118418198738967 -0.0002563043164850768 -0.00021884209075701092 -0.00016077193849083781 -0.00009820435765379162 -0.000051273776463856666 -0.000026415646443866336 0.000001525704092477773 0.000004869224195783594 6.126187583578717e-7 0.000002633374025289044 0.0000028443302598310907 0.000005617764121579034 0.0000025634204633326414 -0.0000026016414126865533 -0.000005906665308532986 -0.00002510288945796464 -0.00006430314098114593 -0.00010758098991810658 -0.00012199116272615234 -0.00012649439027820003 -0.00010408103043181986 -0.00010529355285463093 -0.00008073305987436522 -0.00006916195217944114 -0.0000650908630309155 -0.00004073628105446182 -0.00004285716764369516 -0.00007527309236789116 -0.00007565041895795291 -0.00011009735904714129 -0.00009528616141905311 -0.00005482727674292845 -0.00001402898796427403 0.00003287608665037775 -4.6554903165639094e-8 0.00003186435696520026 0.000035225985007635165 -0.00004245138816450921 -0.00007663362861805179 -0.00010684579767937643 -0.00014177625309366138 -0.00013885058464151902 -0.00012719598836102278 -0.00012008611233357445 -0.00009906676971774836 -0.0000770021479419758 -0.00006898595817436601 -0.000055997315682815256 -0.000054454644369824254 -0.00006155559871333996 -0.0000812115189774687 -0.00010762838624106635 -0.00015097922472100342 -0.0001860338591243727 -0.00021829802847617174 -0.00019393994848154844 -0.00017951041971789878 -0.00013909404689005085 -0.00011338016949050217 -0.0001132025305427986 -0.00006397333066724689 -0.00005757558447783956 -0.00004118080351635168 -0.00002242643125107944 -0.00002618423188534194 -0.00003982784417334048 -0.0000327802156927323 -0.00007203692519995288 -0.0001242890477257127 -0.0001851515388574374 -0.00018568946697323423 -0.0001642113425540736 -0.00012060853672166976 -0.00010180629035112725 -0.00005760740956875811 -0.000007650641030812981 0.000030133555494403942 0.000012442703836703835 0.000017161815003830862 0.0000025373870902731986 -0.000009045935824984907 -0.00002637139910209452 -0.000059246873382698034 -0.00007754187648250402 -0.00009690266265205144 -0.00010278844347487727 -0.00009047983574723754 -0.00006649415749290816 -0.000039103042826024324 -0.000036627913690646844 -0.000025444403957045547 -0.00004400080850794732 -0.00006569581271047231 -0.0000837417137482929 -0.00010531581548271086 -0.0001143881526638688 -0.00011054056482772398 -0.00009339012604820742 -0.00005380891089913868 -0.00003600032070113126 -0.000020726542979639513 -7.936949505271745e-7 -0.0000010846910342937924 -0.000003625774013610944 -0.000012219315040571412 -0.000022234916884937668 -0.000024430475166230447 -0.000021416621392716267 -0.000033837499187095016 -0.00004165368793323978 -0.000056953618362307215 -0.00006491790706311069 -0.00008045169864017771 -0.0001088702760541727 -0.00012972585468535861 -0.00013186267826434834 -0.00012682380004541157 -0.00013872629185621515 -0.0001375258911726439 -0.00013862502818761036 -0.00017760294800989575 -0.00018222485633679247 -0.00013414626536742581 -0.00013867236486571978 -0.00010972106801814702 -0.00011052503951557763 -0.00009751224094154886 -0.00011708244864057048 -0.00016272160449019643 -0.00018354695987367813 -0.0001934731880760774 -0.00017899774964873948 -0.00012766109280985957 -0.00009180201199632384 -0.00005412213142232363 -0.000034332478254850154 -0.000008879414006281691 0.0000034249126406370032 0.000002836553729696572 1.468162832022665e-7 0.000002045431485001228 0.0000025456397334233355 0.000005237830489506914 0.000008568484776852673 7.160141895899884e-7 -0.000007645191479517692 -0.00000827251502070273 -0.000013665223745282598 -0.000035560357734113875 -0.00003428056118834138 -0.000030049497973259385 -0.00003617152418538127 -0.000034234525208850475 -0.00002960691473657587 -0.00003027939182361231 -0.000017610952974867837 -0.000016247311245178355 -0.000012683862052390589 -0.000010663467795779987 -0.000012870884867153067 -0.00000931574904199344 -0.00003353289330277697 -0.000017230603762609226 -0.000002144029595680328 0.000007587966841430405 0.00001847444749600654 0.000014691983260024462 0.0000019935310815269646 0.000006862847244845937 -0.0000027047135892284793 -0.0000343529937766456 -0.00005267778022673715 -0.00006163134445642643 -0.00006404111717667485 -0.00006792048451367847 -0.00005481696069174599 -0.00004086784715165738 -0.000035165680762723285 -0.000026855132727136383 -0.00002748004065925943 -0.000028872684728189083 -0.000040204454529334306 -0.00006422442286656791 -0.00008976977302074948 -0.00010374292138244549 -0.0001090363232830936 -0.00010650874757133663 -0.00008358867679030861 -0.0000671237318245355 -0.00005090040266250123 -0.00002096210003178978 -0.00003198559706232777 -0.000005053874466043205 8.263701801287508e-7 -0.000004524173769352541 -0.000007310349997964914 -0.000004115931937623897 -0.000007070966542511822 -1.429867810490546e-7 -0.000002883312031503757 0.000011818212578719687 -0.00002168591258806458 -0.00003240443234482358 -0.00003098768017982569 -0.000025328828000990422 -0.0000024948059209107045 0.000010175163432646438 0.000016399109211544952 0.000012880714441081811 0.000011847223731409191 0.000002904454001488696 -0.000004116044727447548 -0.00001294292803606607 -0.0000209076118922423 -0.000044451628731717295 -0.00004836843758495492 -0.00004931477168179484 -0.00003934056777954924 -0.000026537339542409756 -0.000021365551037201308 -0.000013253046469633775 -0.000010087940585204634 -0.000018512090931542598 -0.00003139839248334615 -0.00004140853199441064 -0.00005270848207005041 -0.00005988819607330159 -0.000046806972149991 -0.000037107998720574464 -0.00003186893173654962 -0.000016851261439749432 -0.000004103344909707046 0.0000016917420240256871 0.000005223686499812696 -2.0962354508479963e-7 -0.0000020680787518422094 -0.000005806677046679597 -0.000004704510581058517 -0.000001470741067693834 0.0000045137176970202685 -0.0000014951788669376925 -0.000015207547146047284 -0.00002724247184834455 -0.00004327269823269421 -0.00005998934598647216 -0.00006575122888783746 -0.00007505334700416056 -0.00007098294004288799 -0.00006122746335938484 -0.00007553561158683757 -0.00007585267540557932 -0.00005708915386925537 -0.00005241554102506771 -0.00007263626367721082 -0.000051539316116851095 -0.000021267068646317195 -0.00002817768877985096 -0.00003992437704747722 -0.000051103129649693144 -0.00007145343481670716 -0.00009540824228890785 -0.00009788596585010385 -0.00007880813976199322 -0.000058995510928823365 -0.000050544948087369696 -0.000030493252593719295 -0.000009665072084338176 -3.6556902635629236e-8 0.0000051650789199136 0.000003190773123081345 -2.7884915621560066e-8 0.0000011836421532472046 0.0000018959215364604307 0.0000041301362849609305 0.000007912278243979982 0.000014083071507083023 0.000013231173289286094 0.000010556884126313477 0.000009474784255367775 0.000005213113940010841 -0.000003784769166652949 -0.0000042322807536263335 -0.000008318041052580805 -0.000004813409740979879 -0.0000035139480168462364 -3.009023234359467e-7 0.0000030101389274118525 0.00000564347662609927 -4.974271327140795e-8 -2.731244423902339e-7 -0.000006489122300225532 -0.0000024439894908307903 -0.0000032475406469469143 -0.000006050210579836645 0.000002804314516603496 0.000010033714416584917 0.000011012356264663086 0.000015833053700799923 0.000010020817789870546 -0.000001648103847604366 -0.0000026502371856089914 -0.00000358447048977786 -0.000016399474311248806 -0.000030266656513788287 -0.000033255896861247295 -0.00002764669885561357 -0.00001709516265129463 -0.000013898598651013854 -0.000008726755169818142 -0.000007276159783530554 -0.000008930720378085081 -0.000003373212311574815 -0.000010188095582492226 -0.000014170149525222178 -0.000024160178691427712 -0.000039728925626016234 -0.00005520034551508817 -0.00004041189444956704 -0.000036965128835694225 -0.00002838366409670367 -0.000008855630623692894 0.0000011874068625994225 0.000016409980594517785 0.000010758535523650121 0.000012574828372170783 0.000007747846337944299 0.000007363086134732124 0.0000036020134332526127 0.0000045435637811339945 0.0000036234934049968412 5.635100146515537e-8 -4.1454451505851835e-7 0.00000357824606815141 0.000022206445194479216 0.00001204999076138847 0.00002546746446702669 0.000026324708982099917 0.00002372806555838146 0.000016409415632537195 0.000013289655096507422 0.000007419036612499451 0.0000057717028682462485 -1.625916791994163e-7 -0.000003238746083669309 -0.000007817796509686935 -0.000011332486042320568 -0.000021816424079718176 -0.00002312725699097012 -0.00001480028993964421 -0.000008452485685464761 -0.000008036487917625172 -0.000001314975947107565 -0.0000016615266154570774 -0.000005176640371902627 -0.00001201943404899787 -0.000018821574923773145 -0.00001882634731817959 -0.00002466683802491585 -0.00003033713921670952 -0.000019395224317353758 -0.000006572006549310883 0.000002401830079915832 0.0000010869795222177736 0.000005198815428044865 0.000003585155371535172 0.000005010322455983436 0.0000028715223487511057 0.0000019603926581547184 0.0000027747113507313437 0.0000031481765111319675 0.000002344699872794984 -0.0000012449715529536753 -0.0000030338761317506882 -0.00001109032512925951 -0.00001622589949460729 -0.000023955338196154767 -0.00003184239804755176 -0.000033262731525816675 -0.00003173223265681402 -0.0000300948216424093 -0.000021207586101643918 -0.000032054957147059854 -0.00002577424339057337 -0.000022228085384294024 -0.000012980554034201627 -0.000005699564383484549 -0.000007185226923516986 0.000004935982529179338 -0.000007297162593643346 -0.00001271027213594873 -0.000025064157247177955 -0.000029878173081562003 -0.00003825809063568453 -0.00003752538844143323 -0.00003411533731772741 -0.000010560007861930627 -2.9071700851217366e-7 -0.00000263150225159238 0.0000018804421902524723 0.000005790489458118741 0.000002544184242280845 -8.469150106350635e-8 3.2142936281978353e-7 0.0000013573475175535367 0.000002343538707583729 0.00000455314607604157 0.000005821993796503495 0.000007447478916003626 0.000008056938311963786 0.000010465870730828662 0.000014241632399105027 0.00000679860893247744 0.0000020700510709881262 0.000004492976042440757 0.000008284010916465181 0.000005209267076346592 0.000005032755867617687 0.000004460662118720548 0.000003937213964714481 0.000008852439923069035 0.000010835904853865876 0.00001301498938009613 0.000004523293698928728 0.000006242484234465203 0.000008632967688987072 0.0000036222329038917104 0.000005111329800806114 0.000005523447982104285 0.0000062233792788840805 0.0000062460835209998755 0.000006105581296276136 2.6505306897747244e-7 2.9135819707266802e-8 -9.635183457543912e-7 2.3466090493083265e-7 0.00000188853047551651 5.091757114800199e-7 -0.000003841400531228658 -0.0000015740135158164272 7.405389111367102e-7 0.000002921316716246449 0.000002632784204878568 5.24201528759682e-7 8.596775946125814e-7 -0.0000036606405136385735 -0.000010366846170114241 -0.000006972348660835984 0.000001092327137858543 -0.000007631807557198657 -0.000008536295847583335 -0.000003708710914193653 0.0000010019413185559567 0.00001113341634345772 0.000012650894034561302 0.00001195753464585125 0.000008338874325138275 0.000008865612460018532 0.000006834173615077739 0.000006956307718215962 0.0000080588497612318 0.000012265384904147167 0.000017643917313704197 0.000021922271052629778 0.000026505031642302027 0.00001380184022113054 0.00002193859049838801 0.000019764041924612378 0.000014418512642937769 0.000011259097034587546 0.000010186321519833397 0.000006437702203452458 0.000005939298746637294 0.0000026883400437419367 0.0000031554539266357614 9.942503290271058e-7 -5.818479821194317e-7 -0.000002962517333638986 -0.0000023608386480817763 -0.000004859893274260443 -0.000003962038503279702 -0.0000013447360490383632 0.000002746455657953858 0.0000029532428105277964 0.000002915178106821464 0.0000017064351677790343 1.3375794505206604e-7 -0.000001986472695877454 -0.0000052844384550352815 -0.000002047826328537585 -0.000002992461058209998 0.000004843258598184292 0.00000281297771594706 0.0000018035123524931052 0.000004417985592811484 0.0000034417463250541887 0.000003780590738508055 0.000003101948165833131 0.0000025864230810359215 0.0000016801426046744656 0.0000016716384429609277 0.0000032111660118853306 0.000005608548432847384 0.000005234749659955431 0.0000013138282921941223 8.634228932777283e-7 -0.000007580293430078934 -0.000011504555586417108 -0.000012838276605684695 -0.000012253272803856283 -0.00001295257764537955 -0.000007858450037208488 -0.000002814098961178273 0.0000032852664570030386 4.563895955680053e-7 4.107279788078334e-7 0.000006190773781405118 0.0000034859596663015816 0.000008086895713049059 0.000009988455711470951 0.000005721218127381919 -6.578764351898502e-7 -0.000007894872035619741 -0.000013041104721568393 -0.00001649806101970544 -0.000011579470952480863 -6.856200308173844e-7 5.058607461025446e-7 0.0000027682456517753042 0.000008206761373017288 0.000009012730864547764 0.0000057742099067902375 0.0000014430166546094966 -5.5624064967894804e-8 1.3686979853165213e-7 6.39204315250321e-7 0.000001185391361449018 0.0000021022444168332726 0.000004264604059295867 0.000006076199123656903 0.00000794009320801503 0.000008289055435079116 0.000010721101966114378 0.000008403163319610994 0.000009336845753636328 0.000008899644823311745 0.000004930540553012424 0.000004189825925050564 0.0000033306102108503507 0.0000032661424428535114 0.0000031487975662486386 0.000004768288486034401 0.000005370806109259466 0.000005967124018524359 0.000009022603686168042 0.000006241372994296517 0.000004586082066619164 0.000003447529617947391 0.0000031015556970978118 0.0000034895850594839033 0.000004143931596460915 0.0000039404088967017444 0.000004374537285836709 0.0000025847739770743104 0.0000027417929760981856 0.0000035225134336191274 0.0000023146711549934953 0.0000021233076293204306 0.0000018034508466647906 0.000003258054381483883 0.0000021197729351702703 0.000001855618141418151 0.000002252633391161137 0.000002996673236275093 0.0000054731970470867255 0.000006043475004233045 0.00000454054882329415 0.000004723194966777353 0.0000010415346003346462 5.035882600159649e-7 0.000004849714956401575 0.000007844711011728699 0.000011013848975219116 0.000013412204269482342 0.000010618869054984198 0.000008636749924228297 0.000008301799182554297 0.0000065154269617698515 0.000003773980182282072 0.0000034130605523228856 0.000004872173157054883 0.000006966951273793756 0.000007129050952642046 0.000007782306311179679 0.000008750601297432966 0.000007692126387285319 0.000010665862702876276 0.000009571449901061591 0.000008185403777124678 0.000008538239146224715 0.000006610819716511151 0.000004520842391149538 0.0000037442972752165608 0.0000025173636645360953 0.000002621296255666938 0.0000014109791044203851 0.0000017805146711509962 0.000001244020614395807 -1.386374026031273e-7 -4.900306614266532e-7 -1.5334634685367222e-7 0.0000016068115719878638 5.553145896741655e-7 0.000001477501273356432 0.000002363712134241916 0.000002467192360458995 0.0000017446977375493273 0.0000020040284377031783 0.0000015693801153818741 0.000002626242097732184 0.0000036714940022283228 0.000002273186985004891 0.0000013076016317572035 0.000002227267926857888 0.0000029779728413931204 0.000003212551454010654 0.0000031522961114658426 0.0000026827217785452772 0.000002443552589902176 0.0000018355921501202371 0.0000015138981694948558 0.0000015479913754525557 0.0000019195677816852667 0.0000023354505342736215 0.000004403035272834568 0.000004542221164506031 0.000003891755678609035 0.000003590568395846378 6.687648137568309e-7 7.217963886991864e-7 7.164041207082895e-7 0.0000025261502884907134 0.000005581376051555251 0.00000539253026897441 0.000007127178440484043 0.000004405163262039728 0.000004410668660698609 0.000008251351731304743 0.00000975928990621936 0.000011241496332527042 0.000009285611580312987 0.00001021727688831917 0.000005441264858896117 0.0000026933439472981585 7.900642046842274e-7 0.000003693948237977772 0.000005555137888877408 0.0000033531656775733924 0.000008399716732756567 0.00001171644277091753 0.00000822281348481591 0.0000058810618427330644 0.0000037593832876247283 7.005081221188789e-7 -8.825569775726014e-8 8.619177539901273e-9 1.1037430895869379e-7 6.115755077609624e-7 9.889810320152203e-7 0.0000020784125741190915 0.000003285424020295884 0.000004196361121869022 0.000005326685184307981 0.000005237232653759772 0.000005715226924134084 0.000004555276743184581 0.0000034792594685614505 0.000003149797423427767 0.000003176236873669563 0.000004011408479399699 0.0000034946310852522227 0.000002974518804321848 0.000003156878915666356 0.0000037699292389186196 0.000004668793118052093 0.000004558582584763166 0.000003547523592113519 0.0000029097427651041345 0.0000017448009259362072 0.000001770940557391951 0.0000015599341505350537 0.0000020727246361686003 0.0000018733433123546715 0.000002724149015609975 0.000002126804458932173 0.00000183001005181903 0.0000030209657863386397 0.000003522917203553911 0.0000021861244164200434 0.0000032958277558554413 9.529943804465763e-7 0.0000020568568694356048 0.000002821159248610331 0.000002048259769495221 0.0000018887156943497606 0.0000016311622090156913 8.794193930965674e-7 0.0000013043603744086595 0.000001610554502980933 0.000003427146409804432 0.000004356855453673867 0.000006864784173049059 0.0000061679863464676 0.000005117291712711908 0.000004741324358124342 0.000004539092992962147 0.000003566323112250176 0.000002571836764161422 0.000001870933774798988 0.0000010268446853792726 6.792842541963639e-8 2.371927534826509e-7 3.8514473996302247e-7 5.767480023410637e-7 0.000001388799615888228 3.191164105305062e-7 -3.0957185803489644e-9 5.434347902337756e-7 7.230238534969063e-7 0.000001074264706852648 -4.204620563347748e-8 -3.858518486028459e-8 -3.7260033962555686e-7 -6.731523045760922e-8 1.7044491933444292e-7 7.301917264158023e-7 0.0000010439235522156372 0.0000019469891783775138 0.0000016995305997177634 0.000001585058810721344 9.349842724037163e-7 0.0000017550123016832864 -3.332903801033812e-7 3.437495434406434e-8 4.646171738752782e-7 6.56141210306305e-7 2.635249767832699e-7 -1.5151831043273273e-7 -0.0000014378099602008118 1.0868499891639342e-8 -4.012693251759067e-7 2.3598046520785455e-7 5.333814010104651e-7 0.0000010545973649925132 0.0000018182572378688498 0.000002264217966460307 0.0000018760081705661743 0.0000018656009009851612 0.000001262422668390794 9.801099732785728e-7 8.546419864898814e-7 5.290166214405224e-7 4.292141316519584e-7 0.0000012584283995595816 0.0000017529309662443634 0.0000020508228806285157 0.0000027398115085560198 0.0000025710999394902704 0.0000018149741882715956 0.000002794263161375915 0.000001815118147467569 0.0000022207648166259673 0.000003570857340922937 0.000004292917000978866 0.000003950208652481277 0.000003438022477166186 0.000003632907994569255 0.0000046223433923313445 0.000004684887025385866 0.000006402954333540676 0.000007432662212898707 0.000006988034708990235 0.000005620776649528747 0.000004764292935588533 0.000004025418341322973 0.0000043993696363505185 0.000005144240263573287 0.000009123264729825318 0.000012183918907068518 0.000011282937506075494 0.000009901920313082145 0.000007655540195555075 0.000005045570895632796 0.0000029683455959684034 2.7757037391995136e-7 -4.110620711440543e-8 -8.582758313268889e-8 -3.065080518001218e-8 1.406250764352981e-7 2.0327670197548425e-7 6.401741643930687e-7 0.0000013240563881280463 0.0000021353637712059843 0.000002307204453622156 0.000002996003611163188 0.0000026711695247177367 0.0000023416620991243705 0.000002607843946435678 0.000002265682182006176 0.0000023622740278446944 0.000001965079689796077 0.0000018555968101799385 0.0000018968841307711435 0.000002141219590971505 0.000002197986624974251 0.0000023267920423340283 0.000002038387125260375 0.0000021328089974542753 0.0000014926397045257052 8.701506271059733e-7 6.798708753846426e-7 5.919785095113531e-7 6.527399905499602e-7 8.011734264289245e-7 7.383215486157369e-7 9.197903197936151e-7 0.0000017733865596105247 0.0000013547029533633294 0.0000012598264705190295 0.0000010450872167876106 1.585121797996839e-7 -1.2229796041064071e-7 -9.7251786188428e-7 -0.0000028884664725504824 -0.000002897933437427542 -0.000002845744326953351 -0.0000025234394524236243 -0.000001079708913322275 -0.000001956708660653807 -8.022593614043437e-7 -3.531564726079253e-7 2.032484835636447e-7 -0.0000018406332394954948 -0.0000017814493409358372 5.721898995194081e-7 -1.2569575954389684e-7 -0.0000011226382385305637 -6.60726800811449e-7 -0.000002961357004400383 -0.0000035584763898956197 -0.0000033146019387031606 -0.0000044735918576805345 -0.000005315324347490433 -0.000006802312636265034 -0.000007232028242912608 -0.000009231365214960796 -0.000005364419578742154 -0.000006620018696065459 -0.000007647416940586282 -0.00000856335918867578 -0.000008195657884038667 -0.000006385696561396986 -0.00000509850066485849 -0.000005697477185317001 -0.000003911640514901941 -0.0000022923343298712047 -0.000001694888364639132 -3.473173925498642e-7 -7.998036198379303e-7 6.700270245647034e-7 -4.120399667671877e-8 -7.777063603177085e-8 -0.0000021569155099227576 -0.0000017148497522728845 -0.0000028574706334733485 -0.0000039723045005935 -0.000005053288673232657 -0.00000526213000373848 -0.000004790821611589598 -0.000004344940760974062 -0.0000050463710215080126 -0.000002970855860967853 -0.0000022962678348885235 -0.0000011852048717094651 -3.7917804760378985e-7 1.110796706030364e-9 8.178386095640107e-8 4.180241609744707e-7 3.6359162727367276e-7 1.9218711136999702e-7 2.1177768683432767e-7 2.0528266558545194e-7 1.3854814402541392e-7 3.1963638110959465e-7 4.948233766133099e-7 8.593204032435809e-7 0.0000011903233524904017 0.000001489911378540141 0.000001675472502514583 0.000001729570644398529 0.0000011439205373902825 0.000001563607568507031 0.000002099372179751611 0.00000255135554069911 0.0000026417117550158277 0.000002895173167410797 0.000002794453441644668 0.00000269417808105984 0.0000026261389752005666 0.0000032685082396255796 0.000003371689803412196 0.000003722965767373601 0.0000036554838656724592 0.000003922830778303608 0.000003257329121242755 0.000002940529821650696 0.000004245163925599843 0.000005585763466489904 0.000006909959351079296 0.000008733675950628269 0.000009699988760399997 0.000007597391964563572 0.000005431257877885947 0.0000031018937379853165 0.0000015603394565500372 7.160614213429356e-8 -2.52281149698451e-8 -6.570467195895947e-8 -6.012182010831305e-8 -1.2025044486096418e-7 6.354385256344485e-9 -4.080997662201288e-8 2.499917587669736e-7 4.6545256910276937e-7 8.748645315091373e-7 6.698837580269637e-7 0.0000011076249862829052 0.000001323425137977445 0.000001282195200485699 0.0000012755070727616852 0.0000010638002275146157 9.678639526213433e-7 0.0000010168725140227549 9.88941247339662e-7 9.574755449263417e-7 0.000001138917902509647 0.0000010716511541436855 0.000001100697313524639 7.953214995305996e-7 5.201338752463328e-7 3.8863573042449425e-7 1.9657246947955287e-7 2.0216509815893816e-7 -4.870668677003899e-8 -9.665774027539835e-8 -1.7851515961117827e-7 -4.757323574999503e-7 -9.83377870198006e-7 -0.0000014179208215281274 -0.0000023086008749847637 -0.0000035893052126145147 -0.000004779341326950017 -0.000004383855525426329 -0.000006754300250007147 -0.000007536617963509702 -0.000008781092485525236 -0.000008865561556450407 -0.000006962480026060904 -0.000007851616919842475 -0.000006691678133075286 -0.00000619078819984052 -0.0000081463364024723 -0.0000080156767975109 -0.000008310964595254359 -0.000008736015151598484 -0.00000802895344706359 -0.000006390147874721692 -0.000006023792249897374 -0.00000847017850795511 -0.000010570425424242558 -0.000012751855368927522 -0.0000143049357947834 -0.000014310554649936753 -0.000015506251203849033 -0.00001519580153860935 -0.000018906845924653674 -0.000023792476403245865 -0.00002984997379639916 -0.000028016047956351344 -0.000023315091312258125 -0.00002202150146253732 -0.000016695935829270415 -0.000014180036167011079 -0.000016050258589321956 -0.00001379382743756297 -0.000014693876951084815 -0.00001357866907191734 -0.00000847499982454288 -0.000005268314883517077 -0.000005704599784596537 -0.000004022048621761395 -0.000002822354942586619 -0.000003546252893846862 -0.000005269142157312958 -0.000007445022613571702 -0.00000872714293166859 -0.00001000278678582157 -0.000010838073139517822 -0.000010511713869308708 -0.000013464206701721728 -0.000013166310038266452 -0.000009519984365800553 -0.000008486774042469661 -0.00000667977791305395 -0.00000404940769577453 -0.00000347946199760148 -0.00000236125202936208 -0.0000015213330984626385 -0.0000011321986073818673 -0.0000010510881781163157 -6.399486292111467e-7 -5.517522196759707e-7 -4.2300235756455004e-7 -9.890187520271732e-8 6.173809095157836e-8 1.0706409518851344e-7 3.188188483480914e-7 3.94860665930195e-7 6.230140958315601e-7 9.626474962485134e-7 0.000001024142275923787 0.0000010489142618059586 9.861004379721803e-7 0.000001167355830285737 0.0000015044234398858632 0.0000018810701949901908 0.0000017943529450478082 0.0000017866088165341743 0.0000017687448576979004 0.0000015549509947967796 0.00000134786371842329 0.0000012941355104741605 0.0000011788557155194839 0.000001453349925240743 0.0000018257344211530216 0.000002003093921837251 0.0000021159729325373384 0.0000028019682525777388 0.0000036335449447963177 0.000004860611207480911 0.0000056905713838651555 0.000005455351034771185 0.000004989179280617709 0.0000033307194330579614 0.0000020622966827589866 8.744422677839472e-7 -1.6966331073500285e-7 -1.991390896611285e-8 -5.3074712201530285e-8 -6.010769216871358e-8 -5.5150082322559e-8 -5.117687798047531e-8 -6.496507601867537e-8 3.682122967074808e-8 1.1055679968187239e-7 1.0804435203190394e-7 4.205479879404657e-8 2.0489364440503108e-7 2.705852883656684e-7 1.1539651354765434e-7 1.8380072316680609e-7 3.6641723505022143e-7 3.6221257052289955e-7 3.704439136207262e-7 4.960849852302235e-7 4.6862614133261646e-7 4.591805859715119e-7 3.047716637375994e-7 1.432708707198416e-7 2.5987755190272444e-7 2.5834875943610903e-7 1.5566390992368416e-7 -2.4485103576854875e-8 -2.4014407241318053e-7 -2.9363070722149466e-7 -4.1898224121230355e-7 -0.0000014783205239312114 -0.0000021823321159926167 -0.0000032565004758935467 -0.000004570615152810403 -0.000006630895095870778 -0.000008576134237720097 -0.000010979713601956039 -0.00001360679559416598 -0.000018370168707368495 -0.000022280825613913045 -0.000019122973893758448 -0.000019310662028342797 -0.000015426110166978727 -0.000014602593995758472 -0.000013988918523821 -0.000018158773619980036 -0.00001898845773870548 -0.000021565835859676305 -0.000027366840862338385 -0.000020326180670102202 -0.000017754694333545313 -0.00001576236979001812 -0.00001683538324329812 -0.000020745412818169015 -0.000026138951368362317 -0.00002704538544469792 -0.00002669525262918417 -0.00003003354090617236 -0.0000254649881185484 -0.00003231017285456271 -0.0000377331899738512 -0.000048363152814543996 -0.00005276186775520367 -0.000054904411830557905 -0.00005766061289834194 -0.00004443201576598767 -0.000043124801819264246 -0.00003063018438891011 -0.00002919929661733081 -0.000029984156676442968 -0.000026871565078158386 -0.000024382220916272636 -0.000023147444626009534 -0.000022393231434837854 -0.00001892014808820194 -0.000017500018207060112 -0.00001380852671685815 -0.000014991679599976496 -0.000012824255565375245 -0.000013777808931549648 -0.00001597356674719529 -0.000017157215018156046 -0.000017551935859519852 -0.00001913260963795278 -0.000014713789742205352 -0.000012384431803637912 -0.000015405977302776787 -0.000015353740485988946 -0.000010493462242524731 -0.00000875563760403137 -0.000005521785294528656 -0.000004431746216617364 -0.0000035640209740930793 -0.0000028922654768273135 -0.00000238650428675234 -0.0000016648824438106362 -0.0000012834873359256067 -0.000001168484866047162 -8.407732939477915e-7 -2.2079382749987553e-7 -2.0319882629684807e-7 -4.081726933755576e-8 1.1750334297788028e-7 2.1054096415016188e-7 3.015288077729843e-7 3.022012164725767e-7 2.7430129793831076e-7 4.1351773085068926e-7 6.142483495597802e-7 7.722396240702349e-7 8.200739565020194e-7 8.487433199151584e-7 8.338613906830046e-7 5.941915820850539e-7 5.3135122945117e-7 4.888651778442036e-7 4.7134942035721863e-7 5.01641182550207e-7 6.539172791077654e-7 6.426982322218428e-7 8.049831981639681e-7 0.0000010584910359582457 0.0000014381302842789968 0.000001613150934754778 0.0000026197261758493363 0.000002963068285258359 0.0000029227503869342723 0.0000024664925971137482 0.0000018449075434765567 9.235026339438988e-7 7.265891242767513e-8 -1.698177914765546e-7 -9.596251626509838e-9 -3.779880599567751e-8 -5.622464768838331e-8 -6.71202071339622e-8 -6.711136249108511e-8 -4.227692549865298e-8 -7.637352823940018e-8 -1.0944947943797504e-7 3.8310664086150424e-9 1.492381567802414e-8 -7.430569805158221e-8 -1.4693937392600182e-7 1.761099009315536e-8 1.0549187240156404e-7 1.3742914871243167e-7 1.557276223525785e-7 1.0418737129311035e-7 2.0294023590966265e-8 6.20123581745394e-8 -2.4415214580406503e-8 3.646436000057338e-8 9.129467772168199e-8 2.063195533624142e-8 -1.3994482816986665e-8 -8.624160884919879e-8 -3.138810144556475e-7 -5.017305916894598e-7 -9.225625255898127e-7 -0.0000018563615985163555 -0.00000308482855203657 -0.000004232526811265292 -0.000005832221381268259 -0.000009863086425078081 -0.00001044346823085579 -0.000014440830884306174 -0.000020050150206341444 -0.000028172600411874645 -0.000034314770969634654 -0.000047578766697057964 -0.000048366794131026655 -0.00003363564553122393 -0.000030107280880107162 -0.00002764684042399383 -0.00003522752142271947 -0.000024076283329461426 -0.000038621059753507916 -0.000038506457783229144 -0.00003277135428842801 -0.00003996004746078898 -0.000027492327239488833 -0.000029261429990457275 -0.00003234579027856325 -0.000042669460987278604 -0.00004456216524203751 -0.00005085070616673552 -0.000055323920860638514 -0.00004743581945744431 -0.000048738775078309924 -0.00005785589705085534 -0.0000673436091839997 -0.0000909199055967209 -0.00010361770313072914 -0.00009416767959219431 -0.00010110280844025212 -0.00008105446756139085 -0.0000654709146098969 -0.000059196836510972816 -0.000053920559958123034 -0.00005001679399361695 -0.00004539177563294977 -0.00005233618214411712 -0.0000548882199750828 -0.000045912440362621405 -0.00003865454417977629 -0.000030094702502151394 -0.000029779550731625496 -0.000029639254149037504 -0.000027052312711403665 -0.00002284077888407251 -0.000031785660193284 -0.000024445385548566303 -0.00002220553745268757 -0.000016477826124733704 -0.000014754134558473359 -0.000015942913361861137 -0.000010067953541727472 -0.000012162051430193478 -0.000017269802262205006 -0.000012857478880335926 -0.000008804548441210766 -0.000008560470749884169 -0.000005034008014976037 -0.0000054365935171597265 -0.00000445143699465618 -0.000003976882915108049 -0.0000032256536738668983 -0.000002143543213584764 -0.0000017708073122926284 -0.0000010096640050630165 -5.480956759601188e-7 -3.255936121245084e-7 -1.6906635479135898e-7 -1.0336345013831917e-7 -8.905731678048449e-8 3.047840058064302e-8 1.008892071613672e-7 8.873926648872289e-8 9.482683993295632e-8 2.2825350459650845e-7 2.8945211602037664e-7 2.591754013873596e-7 1.4770756039144882e-7 1.3095841326913222e-7 1.8030631660957336e-7 8.661503190832546e-8 6.684886530540814e-8 6.689937606427433e-8 1.606762523430449e-7 1.4541167493365256e-7 1.6209940200729108e-7 2.3403121605096656e-7 5.921420709058499e-7 9.012720990447315e-7 8.747202080435785e-7 0.0000013210817707165925 0.0000012199245278326305 9.878368343836404e-7 5.14814554311462e-7 2.591065737700965e-7 -2.4011183265309984e-8 -1.36412023483416e-7 -4.605619295050054e-9 -1.7695865470881264e-8 -2.5471625008540227e-8 -3.261290059951971e-8 -4.492883673206952e-8 -4.0256883930369105e-8 -2.7587732467601447e-8 -6.100653937012977e-8 -1.7034301738934093e-7 -1.368117429236316e-7 -1.0948607625483516e-7 -7.276207368091834e-8 -1.512692173937e-8 -2.5536665042978834e-8 -4.884137470855421e-8 -6.691470579394631e-8 -1.5991683703124905e-8 -1.4766646913268212e-9 -7.161061671157499e-8 -2.1524348249270894e-8 -1.0438156724486476e-8 -6.425885420428253e-8 -5.6160715998167263e-8 -1.2109458281873035e-7 -3.667560667815156e-7 -6.513505676105129e-7 -0.0000011335041576125397 -0.0000016769511218129376 -0.000003236591772071041 -0.000004548630820074202 -0.000006917780453923274 -0.000012619156780996924 -0.000014251276498487903 -0.00001847368068345213 -0.00002764417052273468 -0.000031466039529974935 -0.000023728205891760635 -0.00003881837972497251 -0.000049715714570785404 -0.00005972559485199447 -0.00007256369011303661 -0.000049885179368236444 -0.00007136853654903088 -0.000051617779843825276 -0.00006347913769729188 -0.000040232155373254326 -0.00003254119481796843 -0.00002771119224355041 -0.000039709859561042246 -0.000044138907165068626 -0.00004736874864796065 -0.00005258078272470449 -0.00005669448301244155 -0.00008014787117517096 -0.00009268277764003177 -0.00009909324889841193 -0.0001024209183948032 -0.00008116241806574032 -0.00009773895397276185 -0.00009766658683866934 -0.00011696260907023928 -0.00012103038728460173 -0.00014120326616105582 -0.00011925238286069388 -0.00010378853097035937 -0.00009221456141688528 -0.00008598101335516169 -0.00007638113866765035 -0.00007522380838212423 -0.00007374735014411329 -0.00007495689586544406 -0.0000873704969901444 -0.00008507383990925296 -0.00007255628661504947 -0.00006639324318101742 -0.00005024116067450328 -0.000046058038311175255 -0.000044441078999250484 -0.00003478617643846479 -0.000018832278122143363 -0.000018375631365166304 -0.000007618802758615902 0.000001100608602786771 0.000011590880512618022 0.000016034338416671974 0.000015043175305312548 0.000007248810002951349 -0.0000019958457574823784 -0.000015441475426526093 -0.000007527971967763448 -0.000004571430920028707 -0.0000060262154196245844 -0.000005237417422295052 -0.000004805904191428756 -0.000005676208446035864 -0.00000628886416848423 -0.000004195793634551901 -0.0000035814603181859764 -0.0000018051075623854398 -0.000001053678417168193 -4.945645533591222e-7 -2.9794404000002136e-7 -2.8320654684988525e-7 -3.00475413637837e-7 -2.476291390637641e-7 -1.8045488101897833e-7 -6.725492085764664e-8 -6.113220756196351e-8 -3.722273876318884e-8 -2.5132784037592875e-8 -5.394535675647256e-9 7.630952982585335e-8 4.535204224798788e-8 -2.9227712429714412e-8 -8.483605688438137e-8 -1.1611100678770687e-8 -5.85154515810234e-8 -1.494875753260174e-7 -8.952285031742733e-8 -1.2714074629692967e-7 -1.087466737011919e-7 -5.25950564119611e-8 1.3049136713170884e-7 3.994960752891531e-8 4.159176568156003e-8 -1.4024506041177312e-8 -8.81605372106468e-8 -2.5980419380543762e-8 -1.7002984415252283e-8 -1.119708169867732e-7 -9.5302027187523e-8 -1.1436343061860944e-9 2.0435895781349027e-9 -2.561555455118991e-9 -2.988596652226385e-10 2.8728311791170314e-10 -6.747793156967369e-9 -1.7496564187893432e-8 -1.9538311885276666e-8 -4.3812770781524454e-8 -5.5705686658228405e-8 -8.057050372439565e-8 -6.216392702733915e-8 -3.6989246738376573e-8 -2.0595212061569953e-8 -1.5378002567082683e-8 -2.005255582407276e-8 -2.9775240583137716e-8 -4.660176944354313e-8 -1.3437540490012476e-8 5.145383142857642e-9 3.5452671069026254e-8 3.63503204434582e-8 -1.5216449337497177e-7 -4.0005075297387763e-7 -7.079443948609666e-7 -0.000001114362440146999 -0.000001972468606182818 -0.000002784984708135965 -0.000004400875552508434 -0.000006556170595853619 -0.000012099732183723116 -0.000014213120001079433 -0.000020672298358772422 -0.00003641463470881047 -0.000012596282923695162 6.300842290409484e-7 -0.000006780512307337046 -0.000030235472466117002 -0.00003379730420403088 -0.00005572278092728315 -0.000005069006358234063 -0.00007496905062625554 0.00001217871689438371 -0.000003926844683362166 0.00003620279054829505 0.000046182007502160717 0.000029078089402292422 -5.054485095879219e-7 -0.000021401360020383443 -0.00006048452706862937 -0.000057903410962892905 -0.00009427812013731766 -0.00011881565156256525 -0.00014270556081141288 -0.00014001191500366485 -0.0001709293251567152 -0.00024250422953313446 -0.00015539366935371477 -0.00017853422967678895 -0.00017289424595671226 -0.00020714176667796386 -0.0001449461529091241 -0.00013515639567097468 -0.00012629955487341568 -0.0001223175133596162 -0.00010968680215797746 -0.00006340789241782186 -0.00007750873511622392 -0.00009385495568271643 -0.00009003667577823136 -0.000144676753892428 -0.00011957147368267293 -0.00010773591332771071 -0.00011038264759087783 -0.0001129059307596792 -0.00009965667864451303 -0.0000754824946605454 -0.0000932565547631731 -0.00002651888977106417 -0.000008470156584896115 0.00003584314769034388 0.00005571470782576051 0.000019184752672709452 0.000024473065356570868 0.000017909508427323088 0.000027487379170366447 0.00003052092427271783 0.000023807923035303018 0.00001350019980510726 -0.000003108470977167831 -0.000006710453797360429 -0.000004606237012812226 -0.000004162894419605073 -0.0000050031932806458685 -0.000002701872059096531 -0.000004828465371478292 -0.0000054390202237181104 -0.0000022915836564990407 -0.0000020286522245350695 -0.0000010048083701344976 -7.142653931491781e-7 -7.054561809889188e-7 -4.971823220580488e-7 -3.5343702665270594e-7 -3.2517284759805936e-7 -3.000855022924848e-7 -1.5825386584558947e-7 -9.168792089831496e-8 -6.434785537248003e-8 -4.7107365449462847e-8 -5.1537530600678355e-8 -8.616911028627756e-8 -8.020653607670775e-8 -7.238686255286108e-8 -7.439874427857798e-8 -8.116480298041539e-8 -4.748719647579009e-8 -8.276422106140729e-8 -1.0517420988987072e-7 -8.8279043089549e-8 -1.233832106091628e-7 -1.2416116774188402e-7 -1.220242522139722e-7 -1.2217072469204566e-7 -1.380912614048999e-7 -9.021093668751887e-8 -2.4857958423321027e-8 -4.3654759713238365e-8 -6.125852277179706e-8 -7.464480243565709e-8 -5.5501761771981463e-8 -1.7941879924429035e-9 2.42483251388461e-9 6.631939186614611e-9 1.4764897323358284e-8 2.180016405355115e-8 2.803393490036667e-8 3.332357485956536e-8 2.81019414997383e-8 1.975112036215652e-8 7.353999759057338e-9 -1.549870806629137e-9 -1.0746776406320628e-8 -2.2657873315677995e-8 -2.5170182950134385e-8 -2.7014349967836427e-8 -2.2964734192777865e-8 -1.4408120053167455e-8 -3.508750081525251e-9 9.514354769527686e-9 4.180287220384038e-8 1.6510564248324555e-8 -7.783258861261162e-8 -2.3440454823320213e-7 -5.813673675242923e-7 -0.0000010919550409579069 -0.0000020418946535721516 -0.0000031330774224457796 -0.000004098345205969341 -0.0000050029976046983875 -0.000008995625230161216 -0.000009805350014194476 -0.00001870780457192842 -0.000017150201641778538 0.000013690223358663131 -0.0000035515662098559007 7.028842270530498e-7 0.000039938151814098744 0.00009823138597964273 0.0001775074677304058 0.00021679777678912946 0.00022345983362823222 0.00027020517833128505 0.00018728071061801797 0.00016138583469626203 0.00017885713938044212 0.00011615474112854482 0.00004083814713607965 0.0000016274470466746868 0.000024314583905835194 -0.00003425025534130827 -0.00012417626177503634 -0.00011878700908617352 -0.00007651172133707719 -0.00013510375702455597 -0.0001845014279082037 -0.00013903353701945437 -0.00005908567620883443 0.00001661780279504445 -0.00015871772896851473 -0.0001524710763704785 0.000027668280255360348 -0.0000897701070136421 -0.00002862522532534314 -0.00006689175586639714 -0.000028041726191390226 -0.00007547150443356097 -0.00004050064923382222 -0.0000319134796599665 0.000008172371810920962 -0.000128559676961361 -0.000056254486671101626 -0.00013716390404929798 -0.00017864887836208568 -0.00016023171041014078 -0.0001965149520515337 -0.00015687711677656133 -0.00012559978319916492 -0.00006599400690349407 0.0000023673576422288173 0.000026310816592494393 0.00010927451364431486 0.00006647844692793746 0.00005944325247277788 0.00016509050375140797 0.00015252402215130856 0.0001043814808230641 0.00008743369353229676 0.00006065550563576716 0.000046380756431119144 0.00000491279832106797 0.00000210187242068626 0.00001578469639303271 0.000011866863673471789 -0.000002964758587292721 -0.000004120265246701998 0.000004027838802383936 4.3587781035045745e-7 -0.0000031871575107451315 -8.593996389701891e-7 -6.653927321857179e-7 1.5827347353066915e-8 1.7828142791900546e-7 -6.938375343787933e-7 -3.466016710197696e-7 -1.737876756049002e-7 -1.6361378173878158e-7 -2.521449550220401e-7 -1.6712233997461447e-7 -9.091564524965808e-8 -7.431106323256193e-8 -7.105605397319565e-8 -6.059545958231738e-8 -4.33350970782379e-8 -4.2969209659745495e-8 -3.4325932604444184e-8 -4.090678211116911e-8 -5.5165729972003264e-8 -5.409679175383658e-8 -7.376801525536606e-8 -9.880584228406947e-8 -9.949818477509232e-8 -1.2912410536564416e-7 -1.375731928098095e-7 -1.733140019907491e-7 -1.6031832288662657e-7 -1.2833680652428823e-7 -1.1029199634373366e-7 -9.984904768250606e-8 -8.290941769072586e-8 -8.323557097448157e-8 -2.7317746904786795e-8 -2.0430208240698434e-9 5.940986103884025e-9 1.4809949580878754e-8 2.507113726580746e-8 3.6730505719823876e-8 5.17303086621348e-8 6.21603523061379e-8 6.695595276193396e-8 5.871417283488122e-8 4.0122054094877984e-8 2.6747673820187817e-8 1.0386034704656128e-8 -4.330562789425442e-9 -7.665356640432199e-9 -1.089308662562535e-8 -7.615855660162034e-9 1.0448738571229899e-9 7.634801322981363e-9 2.4410328036373636e-8 4.261787702718331e-8 2.7398412269125718e-9 -7.612230314029426e-8 -4.608782625144724e-7 -8.875603063045594e-7 -0.000001716022533677045 -0.000002968550813826587 -0.0000044395636528858835 -0.000005799651791704795 -0.000006461204689623909 -0.0000032083089244635134 -0.000016654814720319885 -0.000003299855990303349 0.000009406031146753658 0.00002236448300408013 0.00008950930993443767 0.00014057418195871684 0.00029986353200046195 0.0003106875767063095 0.0004067963917379917 0.0005299086805583552 0.0006423684459217309 0.0006379573140990796 0.0007197293926549611 0.0007165942581449056 0.0005599143896698434 0.0005196097130414006 0.000530962604335283 0.00039134718141678573 0.00021986819435385974 0.00012811723608621077 0.000038204991005281514 0.00003807525188024616 -0.000008675470705186338 0.00003260414703626181 0.0001247223465556547 0.00013694360181021006 0.00024835931035090657 0.0002285794352919427 0.00016045913616282342 0.0002522449718917093 0.00026007288680429495 0.0003010291605282131 0.00034149287363365 0.00021718303266485896 0.00030039449200142674 0.0003813002430487795 0.0003178467359418318 0.0003188596266663993 0.00014046517571747276 0.00025020102555201387 0.0000443635670676649 -0.00017254255141955463 -0.00013477453615982733 -0.00016456778588244754 -0.00011610051721493557 -0.00025054056681138987 -0.00023067232182136943 0.00001733133833480717 0.00014443071027883837 0.00020223775154342178 0.0001750900015868506 0.0004188368962279367 0.00042844431666370903 0.0003728894651446075 0.00035186516117658876 0.0002195311799853664 0.0002194851444448184 0.00018844629004414405 0.00011712258896352722 0.00010434204082927977 0.000022469815127314033 0.000010770714524562375 0.000021551965136335598 0.000028759744541813816 0.00001378987754753706 0.000019243286030544473 0.000014481018177578436 0.000015393506828920985 0.0000072708540452661185 0.000002721642822829991 0.0000010382942877885807 0.0000012139430444693333 0.000001344670281311225 2.9078358878075607e-7 1.6365154190182043e-7 -8.809336350867632e-8 -2.695954411794229e-7 -2.821682447558203e-7 -1.3481959237617672e-7 -6.677539605852396e-8 -6.442279720012176e-8 -4.3118583782690664e-8 -4.0105553410471705e-8 -2.576278198899519e-8 -2.7100707162355277e-8 -2.8564274462072e-8 -3.1386927092056125e-8 -4.240825334991228e-8 -4.036509636141543e-8 -5.073914487310838e-8 -8.379300476865974e-8 -1.0430905857674169e-7 -1.0637681356927974e-7 -6.309748018629613e-8 -7.814107769915913e-8 -8.928827207957511e-8 -1.1809192352605364e-7 -1.152636923596317e-7 -8.227119529630514e-8 -7.723998763723509e-8 -2.8138885631723202e-8 -2.3622658743300336e-9 6.827563678088297e-9 2.0112741116620224e-8 3.2340900760544987e-8 5.2685566018642044e-8 7.18245046529161e-8 8.909156223193009e-8 9.46694184115824e-8 8.814262824489306e-8 7.275852879670257e-8 5.4881209100007874e-8 3.383088539013294e-8 7.708133463276784e-9 -1.5016239620239156e-9 -3.037235980828964e-9 1.032246900216976e-9 1.2259308518883655e-8 2.0265238471583502e-8 4.71239159702284e-8 8.157061564170226e-8 6.100102332295453e-8 -2.537179178558639e-7 -6.322909405281077e-7 -0.0000012743718320435004 -0.0000025144658067206976 -0.0000045787808146424366 -0.000006232241783151736 -0.000005272444361207114 -5.201878001397051e-7 0.0000046084731180050256 0.00000953100251278987 0.000048635593179326063 0.00007723365708587529 0.00017324473325095046 0.0001880537300449619 0.0003669090551855797 0.00046252857847034365 0.0007819570186512338 0.0011300298819447935 0.0013109860604446132 0.0014552324516603752 0.0015109933853693384 0.0015017634546385598 0.001425500354353848 0.0012460580953386252 0.0010733229876739429 0.0008371053683900929 0.0007755863398372589 0.0008391715444675515 0.0007342915681837375 0.000630690372715421 0.0004585764842360575 0.00046608653684700137 0.0007546568664548927 0.000830463610096021 0.0007934918151041373 0.0009510362841259445 0.0010582216334496701 0.0015175730441720251 0.0015749352708166336 0.0017299485655800412 0.001813913703806645 0.0014265211123001063 0.0016906840779025315 0.0009567818070041735 0.001068803994278898 0.0008614986352023289 0.000701719916223191 0.0007713691781357159 0.0005127517399518403 0.000459733057128063 0.0005292519619831717 0.0004549140082195781 0.0003093450183520748 0.00015863663238982532 0.0001651827400018689 0.00029266548553233754 0.00040048346248536704 0.00042505167900744496 0.0006209510608690592 0.0008406172285083074 0.0009690022857245265 0.0010250610251147526 0.0009229649487402609 0.0008270844787800997 0.000644961219304636 0.0005699804562003905 0.00048545052728911294 0.0003216872150204752 0.000301399722973877 0.0003036017965638338 0.0002450251239577093 0.00017823804704369508 0.00014226066221520746 0.00011470641778947261 0.0000611039815591451 0.000046674986035302075 0.000022998399768677152 0.00001675079152006396 0.000017736307545603223 0.000006947477111159432 0.000006861089533235395 0.000002036041382129643 7.197211052528239e-7 2.9201276128085457e-7 2.703036614728872e-8 -5.754367378204829e-7 -4.33287460514498e-7 -2.416391981076593e-7 -1.0096211342806058e-7 -7.43644783799072e-8 -5.819821854094769e-8 -3.783871391695554e-8 -2.3702930304965803e-8 -2.442793125401166e-8 -2.554583088740609e-8 -3.2831713832857325e-8 -3.563641160377336e-8 -3.952108707310658e-8 -4.241943819169319e-8 -2.1845016414782306e-8 -3.7254314606475304e-8 -4.312110987746799e-8 -7.889325334606719e-8 -2.816873690640193e-8 8.530074487525356e-8 8.378930824775955e-8 1.2240361765697049e-8 -4.254756242148975e-8 -5.661300972308167e-8 -4.56104370101371e-8 -3.0528633059004426e-9 5.981243036588931e-9 2.1009853121722642e-8 3.475955322092529e-8 6.205664164570451e-8 8.873310162217723e-8 1.0916496970664717e-7 1.202740331919829e-7 1.1425553728909842e-7 9.820178066606836e-8 7.738067047263797e-8 4.45128373494804e-8 2.224048395025908e-8 6.35963542679205e-9 8.376144631446473e-10 1.0168759890211822e-8 1.7303045582965702e-8 4.6768861080793826e-8 9.399290272553587e-8 9.030285632705188e-8 1.7057776331211433e-8 -3.1115359836362686e-7 -7.66639097568897e-7 -0.0000018882462035079415 -0.000003065786818661609 -0.0000053845916834563344 -0.000003494570073934205 -0.0000022066647065887117 0.00000551818817096617 0.000017321505965395953 0.00005242945796395974 0.00010062917891489794 0.00018345766099012888 0.00030673661635301615 0.0004262509988065029 0.0008650723288942107 0.001034402552338102 0.0016318464415572454 0.002035701867520781 0.002298996210883122 0.002537086514114859 0.0026983133514766576 0.002481947311966667 0.0024240008758092146 0.002200610719395806 0.0020034254076354108 0.0019211017483428123 0.0017503933234563004 0.0015799630466639956 0.0013335914000962056 0.001399175851164181 0.0012673868276075171 0.001366618716276172 0.001143488409059416 0.0016206359141238563 0.0025888200073737916 0.0032387087321396764 0.004032933211899149 0.004068135450685421 0.00466440917120912 0.004677178940856678 0.00419042559233479 0.003531106378223054 0.003145132657360104 0.0030317417286709236 0.002445535977679994 0.002843825739818631 0.002510188508953933 0.0018817168961627385 0.001605616355385576 0.0015273256391463176 0.0015160325673838886 0.001007296654665175 0.000926774647534318 0.0011376701447777435 0.000982540298806919 0.0010014743713005472 0.0008047063627384531 0.0015095344852823088 0.0017159967842325463 0.0014148681340515393 0.001571233436913044 0.0016264656834166316 0.0015518611893077263 0.0016100362362323729 0.001323616545564569 0.0010641211554291237 0.0010384933959923148 0.0009296386461976567 0.0006901777574427662 0.0005008678336614046 0.0004891158383788694 0.0003437011052046989 0.0003038712723550507 0.00022668180568851843 0.00016889513702082474 0.00013309483082982678 0.00008968010329939409 0.00005012130920172057 0.000031824151261352326 0.000024590378449721895 0.00000976218444126426 0.000005947465816481518 0.000004878801768756628 0.0000015036786643806553 0.0000010035843720233445 -3.6878637508853293e-7 -5.758157204715427e-7 -4.3362601015086565e-7 -1.8618499542848848e-7 -8.248230253494045e-8 -7.609517336347438e-8 -4.566399163383037e-8 -3.310437782167259e-8 -3.1523485448419536e-8 -3.367557527138037e-8 -3.3300531616487064e-8 -5.1378906983260194e-8 -1.519785684927749e-8 -4.681451082225995e-9 6.259801464213569e-8 1.6935980452882359e-7 2.7523931105099663e-7 4.009637675874117e-7 4.398829330143165e-7 3.307167503981984e-7 2.27298983492172e-7 1.913456067959112e-7 -7.87372671821887e-9 -7.943792405217468e-8 -8.231730941306601e-8 -5.16026145400822e-9 7.016078886596189e-9 1.9911549950567202e-8 3.569013333870253e-8 6.092659110731194e-8 9.191373111681164e-8 1.0705217071078314e-7 1.241178912296484e-7 1.240492955591182e-7 1.1465548458319454e-7 7.96401051947853e-8 5.1815977951965964e-8 2.886520252478965e-8 7.906976542360743e-9 4.911486430332847e-9 1.500800296555179e-8 1.539729484238402e-8 6.869253080747326e-8 7.859623805290471e-8 1.1261893784280296e-7 3.552088475533654e-8 -2.408118373010025e-7 -0.0000010772376102049912 -0.000002397894120720233 -0.0000030661169610027005 -0.000004352732955916152 1.520462939950414e-7 0.000002535231758157816 0.000020604390901191924 0.00004736790297318281 0.00010040097817116886 0.0001907822290446192 0.00032257127363134427 0.0005054747009415122 0.0008326800200433228 0.001242453987780072 0.0018835018552179699 0.0026630714060850453 0.0037272597941662433 0.0043790913429015655 0.004489427687230694 0.00398445710119202 0.003883144902984029 0.003489990967369738 0.003348117991375319 0.003801853554327144 0.002875073911305993 0.002389111292234148 0.0027346191243769026 0.002711846823177832 0.0025219598595398285 0.002573222691592225 0.0027563774019914813 0.0034552924995587845 0.004434427594317023 0.005285370966418833 0.006020576344845008 0.006937622655120794 0.007241350314155659 0.007459850546974437 0.009291854125332661 0.009604804811608053 0.008497576398078183 0.006319299350512833 0.005901977726678307 0.004967243659249013 0.004444295506821555 0.004228615003389917 0.004183794898821657 0.0046501455335430965 0.0047358259096997694 0.004348612597827777 0.00442033350758129 0.0033232428535194306 0.002208245391333147 0.002161432517322312 0.002220975871219325 0.0030326035658906018 0.0033563964179400235 0.0037089431013547403 0.004337877920110838 0.0042886175040167274 0.004125896976547257 0.003545374859589018 0.0026352827240715415 0.002613481493783574 0.002298526699688323 0.0019409926923478376 0.0014654781765290966 0.0014049925335669227 0.001142608510552841 0.0008894391477937403 0.0006637031622896867 0.000535343434041442 0.00041473298539053085 0.0003117090226954808 0.00022575083282658657 0.0001708932581992684 0.0001011266731185358 0.0000518635208783572 0.00004257959760145813 0.00003561248045184885 0.000016201974882985722 0.000008839575561881805 0.000004834401243543507 0.0000019552142706116266 6.961141114047455e-7 -6.229159021961305e-7 -3.529822249778657e-7 -1.3627974839066572e-7 -2.081070066944475e-7 -1.6082360053505143e-7 -9.638675121121611e-8 -4.710437860624175e-8 -4.298166278464835e-8 -4.1636321416446484e-8 -6.068618467326088e-8 -6.147312020376882e-8 -1.583376616787625e-8 3.0447227772591745e-8 2.9905725871910655e-7 5.654326415352454e-7 8.929097637384218e-7 0.000001061364501796889 0.0000011161563536556638 0.0000010902211278610613 9.529998638942278e-7 6.934298936623714e-7 2.3092585653654957e-7 4.2362682492010904e-8 -9.082831017646916e-8 -4.963714919144081e-9 4.2178577400117026e-9 1.789808918145427e-8 3.180912963104848e-8 6.033041132634824e-8 8.672999714074313e-8 1.1565439506834046e-7 1.117458892512562e-7 1.2142634956822354e-7 9.726989997249021e-8 7.986716081251196e-8 4.657916611691174e-8 2.7041571194439914e-8 6.8854977164496064e-9 8.938195210498282e-9 1.5797525128835198e-8 4.090376702632615e-8 1.0028628660139123e-7 1.393471432403157e-7 1.5067361359730849e-7 2.0708572440893846e-7 -2.9671621428200485e-7 -0.0000014081275772493287 -0.0000020709715249699097 -0.0000028655921595801275 -0.0000034924903311759827 0.000003676241877574165 0.000011456673806697256 0.000031360271900334744 0.00005624344322671077 0.000131615012109035 0.00023971627970319778 0.0004697537153827165 0.0006327585915847569 0.0013022969477642665 0.0029514005538829498 0.004650854208776699 0.004715614047485243 0.006783532091839839 0.008144240551140443 0.006795185667313599 0.005997839874536984 0.004520708940772368 0.004392317372266547 0.0041959379728807285 0.004345764420737139 0.004980607299644863 0.005747201901529767 0.004551416859688731 0.003846911899485699 0.004047402013084312 0.0046426893618633554 0.005374420857775645 0.006050434649051117 0.008207552602539046 0.009454721371797724 0.01164674143310615 0.012988276421929868 0.01518122873061481 0.017562920497071494 0.018215851476862686 0.016157905217150017 0.015856165216199463 0.014865871648100899 0.01318484816586945 0.010689940540932964 0.009490713740980502 0.008981602900237508 0.008772627187653632 0.008500210924772867 0.008466856648285915 0.008374219834609242 0.008188396507558161 0.008001115339809758 0.007774032579756625 0.0053386920283659085 0.004991059840688674 0.00580885915891635 0.006549314868934095 0.006665171128776463 0.00740779118949054 0.00812805329723027 0.00722128377663164 0.007336774256508769 0.006452732038716921 0.0044059144627775285 0.003330981039981821 0.002831428526689044 0.0026414742223617826 0.002019077623731625 0.0015824932943921328 0.001222942618242105 0.0010532884397414753 0.0007872267344333896 0.0007253218039863594 0.0005082541989060438 0.00039293959721971365 0.000302631446144496 0.0002088214597328519 0.00014615509527038088 0.00007354263793516205 0.000047428034208836726 0.000029790386710791127 0.000018874948188369596 0.00000927373135346093 0.000004737725521064972 0.000002319147517648357 3.3111070246795834e-7 -9.60010303778265e-8 -1.8679687804406759e-7 -8.621872316066303e-8 -2.082970623385924e-7 -1.2903474081816689e-7 -1.0239610916278376e-7 -7.114952961292245e-8 -5.43562764868826e-8 -7.26773377977395e-8 -1.9586118857486302e-8 1.0681753678792239e-8 2.384237595393491e-7 6.038927302606145e-7 9.227033891035404e-7 0.0000014792759133901276 0.0000019514111886514878 0.000002170569778813508 0.0000021224007547926964 0.000001751882736061495 0.0000012846782088251989 7.753297115667021e-7 1.982675843899131e-7 -1.1359297905339317e-7 -3.835635696323805e-9 1.1795066699529395e-9 1.4968320536577212e-8 2.6682965304959545e-8 4.982981515862179e-8 7.124041406782086e-8 9.400052942760844e-8 1.112370325434834e-7 1.0120729096141209e-7 7.826221008091416e-8 6.266196192469306e-8 4.068646954565205e-8 1.994583638229339e-8 1.1051453132067146e-9 6.5805927370322204e-9 1.2364459158837693e-8 6.045141185826847e-8 1.366590499918296e-7 2.3748118718712387e-7 3.0140075480349426e-7 4.5240253968701985e-7 -3.819045548159099e-8 -0.0000011980078366269419 -0.0000020422816971763894 -0.0000031088540216862788 -7.843354443969176e-7 0.0000011408217510642483 0.000017988501674852472 0.000018715317390158727 0.0000825974277358406 0.00017228618026667914 0.0002648330786209327 0.0006385264740510861 0.0012359366389036223 0.0026214616973765426 0.0031370541301599347 0.0049888109897516875 0.00732627203212817 0.007601390130881921 0.008098106014588935 0.00963422012083273 0.008907938747341655 0.004216905698330361 0.005697485864912311 0.005136580489484252 0.008227034152962755 0.015052659803238092 0.00739309749352516 0.0037536319420239865 0.005516194274037528 0.006319618125423183 0.00685285664709497 0.007938382369790099 0.010033997216755863 0.012469137268255664 0.014486734392699275 0.01602561384522441 0.018992227506775726 0.02449449673991355 0.03031898915021728 0.039898469350046116 0.03712394894527068 0.031772853191086796 0.026491849831834703 0.023191046110154136 0.02267245403331553 0.017637963290842468 0.016894416381706582 0.0171698120705134 0.014820627180379036 0.016179742449782136 0.016539177965540584 0.017709842810872935 0.015585389829443984 0.012909453490525339 0.013086975243266907 0.011908240207214133 0.011664180351017682 0.012143259839992888 0.01331967993201846 0.013872116930136097 0.012633715335617635 0.011284197436695427 0.009089345710390526 0.008662833699153287 0.007501922331287425 0.004219428368916873 0.0036080127013048994 0.0036855275780486 0.0021654724339656064 0.0021041022345874454 0.0015593450060765938 0.0010542474050909715 0.0004215083707864162 0.000339753609575829 0.0004973454940962075 0.0004063158111820347 0.00037318203281984223 0.00034821647842780403 0.0002934039126814725 0.00019758403040218874 0.0001272063052364613 0.00005017791037157245 0.000031593455579559735 0.000014324452289601471 0.00000835030330360911 0.000004091693940579416 7.864711338440993e-7 4.0368706575221865e-7 8.196019032292221e-8 -2.0473164351751123e-7 -3.0026061952489095e-7 -1.8850994682447408e-7 -1.30148378606616e-7 -1.1708116815278754e-7 -8.410336931712916e-8 -1.1803162340506558e-7 1.335704955241577e-10 9.11950932653748e-8 3.517358845757699e-7 9.995908397640147e-7 0.0000016085391513155934 0.0000025391571563295003 0.0000033789491897620975 0.0000035378284730950317 0.0000035483637235896234 0.0000027737586709957387 0.000002025981918255522 0.0000013593138856316716 6.012027057147066e-7 -1.0158263494095085e-7 -4.1683952457807675e-9 -1.1286945714579055e-9 7.062429676916473e-9 1.6626419186018164e-8 3.7544227794289593e-8 5.163487538863396e-8 7.300097929333183e-8 8.135708038273666e-8 7.649120984009548e-8 6.196543247577083e-8 4.400960670899077e-8 2.508650337118051e-8 7.981285309101786e-9 -8.59156025529825e-9 -1.7916363975496697e-8 2.3185876782894058e-8 8.46732603604902e-8 2.114418067858565e-7 3.615314237360391e-7 4.59186656752512e-7 6.757388229599357e-7 1.0177530062796415e-7 -9.37736821548192e-7 -0.0000017384728789755806 -4.380758451557332e-7 0.000003982275036556458 4.276394312765778e-7 -0.000013236327803717195 -0.00006511030059932206 -0.000059047053290118296 0.00001885689074995822 0.0005067248628725955 0.0005822081231596362 0.001930444900767711 0.0013785893066275445 0.0038762506785090804 0.00588522059351299 0.0056339638038229245 0.008114863269583938 0.014000637333933898 0.014153152106575874 0.008218372826744199 0.006804631414330555 0.005531071602689599 0.0026521195689218407 -0.0015441259904899975 -0.02046268785344206 -0.006822554140140848 0.003679476346336349 0.0008518865819159347 0.0037632423437948407 0.009028310421672717 0.009184523007131127 0.015826195794940018 0.017843950206824014 0.01706295410464547 0.01939327145008862 0.023118602681953756 0.031561041839105124 0.032223546620429894 0.02635244932116131 0.027354537608056242 0.038167932708775686 0.04168167977860536 0.033396374650501146 0.028333578936570496 0.024241253653990193 0.015064935372962043 0.026846274164615574 0.025953296693790907 0.023918904562556766 0.025967605358527986 0.024992404898722204 0.022397135668866957 0.02240199215153569 0.019754168180130097 0.019726787100345238 0.018945491613041113 0.016295147149863853 0.017794935291102827 0.01160301067462851 0.008551277624470808 0.010935170556980955 0.01646406662476713 0.014223634295519783 0.01359906317977468 0.01038478735717983 0.00417306308590954 0.0007562061585071661 -0.00012946262703906856 -0.00026639435310883404 0.00018163449032128733 0.00041399109139178195 0.00041435364683972665 -0.00026993521740332327 -0.0000616093807764025 0.00073409355629303 0.00011638585739062512 0.0004516057148821024 0.0002691549614405435 0.0004121655405855506 0.00018178566111623 0.00010293587797892265 0.00006031609269474361 0.00003546762035182536 0.000012260942973532711 0.000007205088585358108 0.000004053779384570803 -6.112036307498287e-7 1.2492126143063312e-7 -2.944843435724624e-7 -3.0167766467852785e-7 -2.5105712158427196e-7 -2.1044267230442738e-7 -1.581702399046308e-7 -1.0370439051460698e-7 -8.909403595351982e-8 9.0965172007885e-8 1.5032709326898782e-7 7.131888436902616e-7 0.0000013579641864764474 0.000002259826173013129 0.0000034890564031329585 0.000004905976617980613 0.000004936164488480576 0.000004725656924758915 0.000003823408837071406 0.0000028089323408885337 0.00000197974334663002 0.000001050801812459132 -9.80155063084855e-8 -2.188957821188417e-9 3.0035692983343217e-9 1.0342764263863038e-8 1.7897873190809463e-8 2.723806653827124e-8 3.6551908712532995e-8 4.307279373720366e-8 4.6625806765028837e-8 4.8720925012601226e-8 4.525251713895214e-8 3.0904048962599825e-8 1.5481778403196214e-8 1.6807763533678846e-9 -1.7260444323790546e-8 -2.3301936249829852e-8 6.941964551696851e-8 1.362445123641141e-7 3.399059504284194e-7 4.871314119027776e-7 0.0000012401602133585207 0.0000013278390046980172 4.867412397223884e-7 6.871933526858485e-8 -9.17406540921537e-7 -0.0000059770822976697095 -0.000018988610170957978 -0.000005303091015662268 -0.00008144984707192976 -0.00018287452824823546 -0.00016779849365636756 0.0004521677447159227 0.0008437565347397102 0.0015318076176285516 0.003101634217176964 0.007431744067961395 0.0028941841062230683 0.003866301536191539 -0.0009179218164846086 -0.003276855637263751 -0.013742566657560823 -0.010431055685564725 -0.00571324480953639 0.008397396577741726 0.007364603198102735 -0.009555281943368387 -0.016209310676739197 -0.005751874866962574 -0.011455443799439255 -0.004607331460160052 -0.009516250146172502 -0.004603511865598933 0.0007599454902467708 0.01123023946793481 0.006528567241439811 0.0202751454465889 0.021109367069567786 0.020106854281464602 0.01533871177050194 0.016857836127076226 0.012078379317476672 0.011215350101494315 0.017278295688919375 0.03322448200966433 0.046316199682583686 0.026955688792905025 0.021050098401063883 0.013227753492143668 0.026324577303183036 0.016308207524913867 0.026372356485973192 0.028129430915084706 0.03214887471188995 0.03989077906580847 0.03442841862081576 0.030390486614109063 0.02842186147830286 0.031044029139945757 0.03355001200487328 0.03472233806723545 0.01454339006786234 0.00724434745356298 0.004080403118662674 -0.003649070681072754 -0.0031244952856183334 -0.0062602030138084585 -0.002373367476356737 -0.0009558772718943515 -0.0021867756040482734 -0.0044636639298025835 -0.005936734687184842 -0.005490311043697217 -0.00032926633099124574 -0.0013997999925658817 -0.0014949772927825133 -0.001313081247368672 -0.0017685425010794862 -0.0016341737259647183 -0.0008424538305758516 0.00017723176398925735 0.00021703186997462212 0.0003221597544199602 0.0002357203678585446 0.0001711972732866772 0.00008657604876742271 0.000054216901583899427 0.00003197716530804468 0.00001227029263279234 0.000007440422100797623 0.000004250158379215732 7.516536253918861e-7 3.410807042508254e-8 -2.66873463875435e-7 -2.6661430814633366e-7 -2.7410915551821467e-7 -2.1157757237360267e-7 -1.407876838163143e-7 -6.577490706951186e-8 7.974862927258219e-8 2.506507967269828e-7 9.003002025303273e-7 0.0000017558881378034875 0.0000031478685765668873 0.000004550568103851309 0.000005759096068090035 0.0000059138784537220735 0.000006044374680932338 0.000004590578772888665 0.0000036846425385599042 0.000002427520311713452 0.0000011593532733535576 -8.935865413574923e-8 1.662443886152095e-9 1.3897427629185307e-8 2.3949427329810028e-8 3.347395943816622e-8 4.40697702292499e-8 5.4278630895254765e-8 6.370394623541822e-8 6.559036229255439e-8 5.653718150995711e-8 3.871686866018396e-8 2.7489194555958656e-8 8.362088500885647e-9 -1.043354076241148e-8 -3.902490094075195e-8 2.0457057369685304e-8 8.051622945358877e-8 2.396603650657946e-7 4.3288198811125683e-7 8.911759637387593e-7 0.0000013080633737978293 0.00000170056433512728 -2.0987118845071873e-7 -0.0000034728533790181144 -0.000006649861977357718 -0.000021230046472873094 -0.00001992299782265081 -0.00009763684384671689 -0.00011747718129562492 -0.0003039948549717644 0.00016387937894421414 0.0005465416203207285 0.0017236062176157127 0.003311088272025798 0.005377127064060142 0.0032286044955800947 -0.0012168356197437315 -0.0029363877530519094 -0.029928278922119973 -0.04411854734301966 -0.027437705218302313 -0.05843378425349438 -0.07704113780702065 -0.07680029491959121 -0.07308156057154573 -0.06270706799107567 -0.06522569007916644 -0.07859807334334151 -0.06082474187300133 -0.06312063245043162 -0.037748147615007124 -0.015936689385595372 -0.013244579651884348 -0.010544136360442026 -0.00004077180272160641 0.014602517869063527 -0.014932322512149952 -0.004885516023891646 -0.01994614027468001 -0.04246139325923967 -0.0465878517663265 -0.05099006311391899 -0.019469520671490305 -0.053377857179793 -0.054859799016255 -0.025781696948003693 -0.03149772801051463 -0.029955492973004406 -0.024866116248096867 -0.01329568838025606 -0.0014421408192632663 0.03207720965908615 0.00911586508255186 0.0026131055486506164 0.013232685878842264 0.02115268655547112 0.03658946675274068 0.030485328275138984 0.014135684765058299 0.015303504474368512 -0.01748238796576283 -0.024993060248263373 -0.025726659231028563 -0.026934532931521094 -0.033479429188176535 -0.01938498429841347 -0.013682708287677314 -0.024149023623082723 -0.021903594643802798 -0.023862995410496284 -0.020728258168287772 -0.015268472143874157 -0.015736092086958784 -0.010424365534456198 -0.00882052515149265 -0.007730834345921458 -0.006511420261796701 -0.004184191784372315 -0.0028725577864367764 -0.0016176666011631351 -0.00011318078086266549 0.0004934442164577831 0.00019323943196762673 0.00021126249591966182 0.00015753854425563482 0.0000946964324663121 0.00005786679113249977 0.000019753992961697785 0.000011055440435418542 0.000006085485896823972 0.000002498173843788718 7.67758460988687e-8 -3.712814356578671e-7 -3.1023187379012055e-7 -3.27850881950972e-7 -2.6144007459338067e-7 -1.658120655785638e-7 -6.674199350798885e-8 9.752533871562302e-9 3.2061961859374946e-7 9.065777666422266e-7 0.0000016240738954607574 0.0000031490911440515455 0.00000487595749074699 0.0000062786268724987054 0.000006231487331967682 0.0000063147222228820775 0.000005041765555113533 0.000003866626802789086 0.0000023642230840305017 0.0000012941325399784306 -9.163718730412693e-8 6.406343494736784e-9 4.425823676135095e-8 6.477127384310176e-8 8.739368973946893e-8 1.1168778048597132e-7 1.0034436434798067e-7 1.0264905681838325e-7 8.20655222596504e-8 7.261990083977792e-8 6.16368693107247e-8 4.2965971882091975e-8 2.6119749499312536e-8 -8.873026296655628e-10 -2.2594732350139957e-8 5.987361425200988e-8 8.000303917140358e-8 3.465366531998736e-7 5.711830411152995e-7 0.0000013857510059929422 0.0000016673161775327202 0.0000034183185850237202 -0.000002571551644745131 -0.0000032322788976173968 -0.00001648231078362676 -0.000028726716501089344 -0.00006692006731833801 -0.00014633606072348457 -0.0001818612290218397 -0.0005297978771852945 0.0005559989481676451 0.0012552517208364253 0.003285874469381452 0.005300285562132617 0.008781145540124267 -0.008759024200573461 -0.021388838076555797 -0.04222249922841266 -0.08022480723838327 -0.07644425446349062 -0.17314411609982128 -0.2231240744375049 -0.22407058077039826 -0.21207574255843015 -0.19566087041178432 -0.16938043014071408 -0.17413408941838285 -0.1846461725449615 -0.17699909117352303 -0.1467852160713375 -0.05708386313073411 -0.053914836034922434 -0.025666814889367763 -0.031917924639046295 -0.013536945347904523 -0.030554197387373833 -0.06282775523390871 -0.07396523041329249 -0.16724058296060662 -0.2070605581269544 -0.22184598934845562 -0.22427064297092375 -0.22254412714039 -0.14995639584667353 -0.1491187300536258 -0.16071782834606899 -0.18127411504542318 -0.18313390811140134 -0.17061568698963747 -0.14138173218430858 -0.15083067916415518 -0.10249109644385819 -0.047757158020864124 -0.01042034644509294 -0.01615812492538069 -0.005104112846406069 -0.021370417785330595 0.018530845433736842 0.008612914133187898 -0.06342310597855938 -0.10109016747787627 -0.14175384823281523 -0.18048687929145654 -0.09948552653825112 -0.07993326307148571 -0.0917185915498521 -0.06172163824680474 -0.042425650616729926 -0.04468480819692048 -0.045754820730643984 -0.051953557705321826 -0.03887411102199367 -0.026403202186143327 -0.023149883732481148 -0.02044308910071082 -0.014898926151802187 -0.014671007950508434 -0.009509368020106811 -0.005084085826862748 -0.0040265417605879995 -0.00238918168775931 -0.000792703486451994 0.00047591614448078324 0.00008065639471511199 0.00018200508244802503 0.00012904137777541508 0.0000785309071295758 0.000039157943901528395 0.000025147347506958432 0.000012314313992785776 0.000006268144856268766 0.0000013106350556640251 -2.92836621674576e-7 -4.626008647198359e-7 -3.5888272656617883e-7 -2.9826714900928705e-7 -1.9557052748714204e-7 -8.658181702945362e-8 1.7057926138355178e-8 2.6720861264891476e-7 7.788676866675761e-7 0.0000015270703334271613 0.000002574817356986865 0.00000420599585516335 0.000005763212170178348 0.0000055340781773486405 0.000005552318746448652 0.0000047041286766000735 0.0000032842197292189476 0.0000021366873011436477 0.0000011255300439396002 -8.61621974226486e-8 2.793056573980285e-8 1.0679925672787355e-7 1.1542024763441039e-7 1.5328980993292186e-7 1.2735855731092592e-7 1.3783476162545307e-7 1.37179155446465e-7 1.3162776485686968e-7 1.5974154920567848e-7 1.0587433220491884e-7 8.16467197835041e-8 4.918988056365912e-8 3.089614495035761e-8 8.06826038524876e-9 2.4157023826277123e-8 2.0759195642305942e-7 4.581937755164199e-7 0.0000011310465817127667 0.0000018852595304274562 0.0000026709723976976897 0.000005120081058841244 -0.0000033199178016249124 -0.000007249881270747375 -0.00002331794560184159 -0.00004485041056739965 -0.00012327360729751693 -0.00021696614022489392 -0.0002749801446176259 -0.00030633461007404885 0.0005240420748095667 0.0026584577509453492 0.0064774970602012 0.012093196166400826 0.010331339126617262 0.005801000653683734 -0.021421892787351942 -0.10919699202547077 -0.20232995590901143 -0.34779973465946884 -0.4596194256219778 -0.49307411656023353 -0.46082439709726924 -0.5013908253842514 -0.48638838546226765 -0.4986230858288932 -0.4840860723783352 -0.37475286495133986 -0.3059968511832014 -0.25210696647972874 -0.12928016219795008 -0.08483138946035738 -0.05717797783046288 -0.06422195333699124 -0.07214159078886632 -0.10219874087866254 -0.1424899623052404 -0.2865774166035891 -0.3941779897110004 -0.3398859686141172 -0.4244704657906862 -0.4404032506857355 -0.4363313155234195 -0.39568615084018566 -0.3386090015711804 -0.3630088049898433 -0.3822141655468981 -0.44297306535088277 -0.4249534073296351 -0.37112819744369363 -0.2699828302348656 -0.2726727255812715 -0.3087174948444269 -0.2920814345556917 -0.19700732195610007 -0.10183725874198844 -0.03384408696932115 -0.07011502916254851 -0.11669874898544574 -0.17440108887988637 -0.22824018560818304 -0.38263200386449886 -0.418948574658444 -0.49070075247642564 -0.42680547378062417 -0.257044625573709 -0.11409326986348156 -0.13657198260241876 -0.09135461722204126 -0.09678893425918753 -0.09115976236303333 -0.07712280882732195 -0.05742192128737576 -0.04177662972217053 -0.03437947175131207 -0.029646359311262537 -0.0239118487224899 -0.01896737707813098 -0.011876587661667153 -0.005396794256992451 -0.0025445082343235094 -0.0015561080873338349 -0.0003885069242457881 0.00035812990626592006 0.00014755476287378917 0.00016972989791818994 0.00010264343916776221 0.00006353306563087122 0.000037152980591894196 0.00001777900553869238 0.000008282906671153953 0.000003762678087703793 3.074924359487372e-7 -4.776976882573703e-7 -4.1988123755404564e-7 -3.6138304975870554e-7 -2.0396220311208782e-7 -1.288641498898335e-7 -2.8365921866768247e-9 1.8244608975505316e-7 5.474513298266605e-7 0.0000013093269579129225 0.0000021212070310858276 0.000003322681977303126 0.000004257367930551178 0.000004577854536055114 0.00000439184454749248 0.00000353558308043709 0.0000027796957530934307 0.0000016740817896203029 8.382070799724763e-7 -9.123455086417824e-8 9.054812208007598e-8 2.0639656375697272e-7 1.843609981129673e-7 1.1159619555053873e-7 9.731410429020344e-8 1.8072682783747014e-7 1.7661998266278043e-7 3.2719131012706e-7 1.587725025573568e-7 1.9336742731673482e-7 1.5855520391851769e-7 1.1280466650113147e-7 6.995525702500069e-8 2.7950922625379074e-8 1.4119935658308452e-7 2.1026624708806968e-7 5.646940800837006e-7 0.0000013963117762057602 0.0000025587626471220897 0.0000034665342941456006 0.000004261108598690359 -0.000005005124969026301 -0.000015043579584293244 -0.000028782074739205232 -0.00009553900220735468 -0.00017575495804089347 -0.0003275974620436315 -0.0002458958285184915 0.0002486545733355619 0.0009685143467321738 0.004902674950385943 0.009253993659894757 0.015257023144296835 0.01315764030939991 -0.000755522593188932 -0.0233161775634511 -0.14331261240914528 -0.2866772019576382 -0.6788796423285938 -0.7891682487744462 -0.9535628345513193 -1.0210084913461326 -0.9341671571364055 -0.9001285013445897 -0.8368156459732152 -0.8550816072304258 -0.7083847551202808 -0.550691514933395 -0.3190543439159512 -0.24049033014670268 -0.12189775216431174 -0.07706598951018653 -0.07481586194442169 -0.1887212883456904 -0.2358276269527039 -0.3774118495010997 -0.495644189632526 -0.6170431224645246 -0.7566324641783592 -0.8830610874223882 -0.7984256627974882 -0.8074458143559154 -0.7763838087762223 -0.6807089874188809 -0.7182876659359765 -0.7881500113556025 -0.9448398774906849 -0.8995682187829868 -0.8633044894551956 -0.8079800106135939 -0.7273632083150754 -0.7192361869268743 -0.592872607607533 -0.5382881837568485 -0.38939139552665974 -0.2868322719192379 -0.17736085100832819 -0.2897320784188112 -0.4091405742468769 -0.6264113075730752 -0.7904070394003625 -0.8158950775273365 -0.9953352798774727 -0.8332109876555399 -0.6172967923665573 -0.38238265864319393 -0.16060737707318729 -0.15755299583878588 -0.16337355799760694 -0.14417674919388862 -0.1141499403363592 -0.0922327332018786 -0.06981189874410361 -0.05065409486485947 -0.041557531242584766 -0.039411626781346756 -0.0287522508148001 -0.01890244755668471 -0.012130661344750092 -0.005314155981143736 -0.002115543257193235 -0.0012959291066108136 -0.000027370390759603823 0.00015479407973643697 0.0002326585413705183 0.00011442413853716037 0.00007305483574845297 0.000050777991561735726 0.000026786022552369803 0.000009637337374447485 0.000003611640259236893 0.000002078894022768649 -6.064452430141301e-7 -4.773101324565314e-7 -2.9994110342690635e-7 -2.5653347370112536e-7 -1.5758799725470141e-7 -4.637350441417311e-8 1.4559084350302522e-7 3.547112241180239e-7 8.200905275992553e-7 0.0000016664577903337132 0.0000022611404447798548 0.000002801235323677392 0.0000031610887288961633 0.0000030846302956030633 0.000002461879933416369 0.0000018009604427616233 0.000001069365052161426 4.955984781670864e-7 -1.0716728739300652e-7 2.0424251110150598e-7 2.3523167701470557e-7 1.6883966364294413e-7 2.6241827143408176e-8 -3.39668735082011e-8 -1.347855428591051e-7 -1.6812898679897022e-7 -1.5597758928566963e-7 8.886480770660561e-8 1.3260686743516208e-7 1.8163737184802575e-7 1.7034324392786905e-7 1.0978128924015071e-7 1.104295556683486e-7 2.0211426402488759e-7 3.3168824601732084e-7 7.465412489964556e-7 0.000001587138456113926 0.000003165652075379209 0.0000035918143267988467 0.0000017013748852317287 -0.000003344629744023252 -0.000016362361782735457 -0.00005750282203424348 -0.00014042702220474137 -0.00021721406639635038 -0.0003552878466287051 -0.0002785244187737639 -0.00009139043465748038 0.0005102750489176947 0.004972080259442954 0.011053929426132281 0.018807346157535577 0.017503562508403927 0.008904219126117004 -0.024820792033687537 -0.1816053065382778 -0.5126445345945162 -0.8097113927771338 -1.2927014782520834 -1.4661799769848596 -1.5416208660867594 -1.3981725552553768 -1.3920643557673247 -1.2580755372613641 -1.2167066868176277 -1.13718960292083 -0.7183768838886295 -0.28333098576979615 -0.14728180452133377 -0.07473558677561506 -0.07455919115247782 -0.22086597092185467 -0.3786739676699182 -0.4398009863760995 -0.7011415906485642 -0.9588785603305416 -1.4738763300172153 -1.6347852104655343 -1.7275942868713106 -1.578247512952874 -1.486941906483472 -1.2227182935947105 -1.0041621437449755 -1.126944352310525 -1.2196580271624449 -1.4143887724479656 -1.4990710440537987 -1.528790284098814 -1.4617007090999776 -1.3133223990742138 -1.235143223318453 -1.2744086566457307 -1.0076487112086159 -0.639063426012523 -0.5346124529144503 -0.37898870959823405 -0.5499011851202278 -0.5540292412362314 -0.9829718895061093 -1.5416816886903142 -1.9762033667294592 -2.0320715408321264 -1.6642905971088497 -1.2506621652633827 -0.7276878645041229 -0.26585571324836194 -0.2588568195560105 -0.24521128130269 -0.2121998912513535 -0.19556343844333238 -0.1493234646707093 -0.07943424783461384 -0.06237764351927855 -0.05801397828862754 -0.044374420975046014 -0.039714874529991714 -0.027274823069836796 -0.016382747644627035 -0.008413209684231248 -0.0034634169357779915 -0.0016563460075735776 -0.0006896801396916235 -0.00011271662162319282 0.00016621955008311605 0.0001191052039346804 0.00008013450265020541 0.000053832890676213903 0.00003827006248862469 0.00001643297605623173 0.0000063023219755635916 0.0000020680136863691804 -1.5867189526982364e-7 -6.345492258868975e-7 -3.417783569296384e-7 -2.69454148283393e-7 -1.9418769609266768e-7 -8.643191150596322e-8 -1.9367678380489763e-8 2.760848063072183e-7 4.848794079286193e-7 0.000001033101447847878 0.000001361143820632296 0.0000017874742455482517 0.000001976856083812694 0.0000018039748079738433 0.0000015240096868580951 0.0000010498919439124268 6.269574638182119e-7 1.813800132561041e-7 -1.144011668914642e-7 2.5985196876259576e-7 3.1060893964133684e-7 2.3705832466613195e-7 -7.70377828762629e-8 -1.0854550988980498e-8 -3.173751729643633e-7 -1.5405943076446972e-7 -1.0241683088903807e-7 -2.9575187462963173e-7 2.62686085031454e-7 2.7179802387408725e-7 1.7778826871214596e-7 2.085745735727778e-7 1.6646534788066327e-7 2.525711602057161e-7 4.33207846120757e-7 8.294910832346152e-7 0.0000017124545422815023 0.0000030532822488671847 0.0000037095701737140095 3.4236623819797915e-7 -0.000008472540947135045 -0.00001949285730187378 -0.0000803902816561971 -0.00015261703986851243 -0.000297940773291024 -0.00036704062006741 -0.00018652970642588372 0.00006216446719747602 0.0004932317285854676 0.0036455256639090104 0.01170552688774655 0.0214713174937467 0.039237052080512716 0.028837076350119395 0.031141838215865008 -0.077419095105255 -0.6269288040743163 -1.1313647304695624 -2.149733020726686 -2.6278847532257723 -1.9068625657778586 -1.7549519050595292 -1.5304843442041838 -1.3509851005167444 -1.4146948884286519 -0.972065339817324 -0.6321766312815912 -0.006920582114746075 0.013137009552234222 -0.03537490604168078 -0.23178401825023376 -0.3899498519257256 -0.5343942119139264 -0.8075601141193377 -1.2152664855547766 -1.9317495846193584 -2.249933500523082 -2.6304687104219453 -2.64707719562306 -2.5943033757701723 -2.4765264916252008 -2.008662478758996 -1.4427343661164598 -1.4788492969760603 -1.64189317509429 -2.013640298891654 -2.4138662491122496 -2.502237019359847 -2.1769604550760437 -2.029766888489647 -2.119744332006035 -1.6635364668486265 -1.3861909204122504 -1.2305578368873928 -0.6799679207289485 -0.5690373274918693 -0.7958259205163065 -1.0976081036187253 -1.8165097304198121 -2.5417801564339144 -3.592806932197277 -3.7093317634464293 -2.9592168722226893 -1.618962788362244 -1.071878597840343 -0.5824104841826717 -0.2146667020401144 -0.30965401930164854 -0.39934710658702127 -0.3251009248012127 -0.21946237504550797 -0.12143677202122274 -0.01836912004161883 -0.02640966905553763 -0.017128341653372663 -0.028192441062229567 -0.022944973619495677 -0.017643237797560725 -0.0117124208045294 -0.0056251504387893145 -0.003094938758973992 -0.001134103094696302 -0.00021368642088307436 -0.00004924055752031036 0.0000475586889342765 0.0000890199810240237 0.000059575130239411024 0.00004709440698662805 0.000021066034773867475 0.000008872045847525557 0.0000026730251339515573 6.083024320994952e-7 -6.259785894607171e-7 -4.849875338659445e-7 -2.683271707544239e-7 -1.921182204472566e-7 -1.337496034621785e-7 -4.339199330299185e-8 -8.699661372437751e-9 2.0701054478724554e-7 3.755873518371826e-7 6.817881265200404e-7 8.431055541951586e-7 8.831141829248385e-7 9.79478198076237e-7 6.852139165701583e-7 5.282166308358223e-7 3.036716527397581e-7 9.041199206898029e-8 -9.033290852658924e-8 3.479237562881283e-7 1.648397173533597e-7 -9.360507683864282e-7 -0.0000018663638025423578 -0.0000022047256125331026 -0.0000025015004866944137 -0.0000021972247887744867 -0.000001995080441702564 -8.144496988638328e-7 -6.768220929847799e-7 9.520292894428428e-8 2.681486461434312e-7 2.744454638769935e-7 2.241497148668779e-7 2.3353909368725212e-7 4.244023538787362e-7 8.421761744825748e-7 0.0000014995213677177168 0.0000018764573729441649 0.0000021468681879194005 0.0000016947564052187196 -0.00001090515364232111 -0.000025888444585676308 -0.00006868252135400497 -0.00020427803326128355 -0.00026710306059000066 -0.00022072820919770569 -0.0004507022156265034 -0.0005438427567063299 -0.0009575346039609183 -0.0009615257521322278 0.009583908966985157 0.03086786792860485 0.06195388608562647 0.05777301513339598 0.07886040338721186 -0.11502633821534398 -0.4802859070614699 -0.9296529488605118 -1.9374448951449317 -2.507562753602462 -2.106395776135742 -1.7071016286866267 -1.6958231438232956 -1.4137370873997421 -0.7645087257241123 -0.2533919491109756 0.24768975773809218 0.4667402874271722 0.3990718497342829 0.3607007809150229 -0.3881349739460009 -0.6459395626707074 -0.8126069651631821 -1.2810520870923767 -1.8505361575865087 -2.791200539133587 -3.2556234620223297 -3.6026297429844147 -3.695838032583644 -3.8637441616849815 -3.1689911719631905 -2.281146370375099 -2.0905671212972594 -1.8058613200183122 -1.8908331845821424 -2.530212205929197 -2.987968102127792 -3.4088338248607113 -2.782534235642929 -2.4066677953112343 -1.92193287042234 -1.5455759970634373 -1.1227249227057943 -0.8025239543560485 -0.6145965718599486 -0.7666460672856643 -0.9967903940336295 -1.8204114535558995 -2.601431236199069 -3.353261330620989 -4.193456153430513 -5.432418673450479 -3.9080421789405055 -2.438507100286626 -1.1670630840929932 -0.4156767108699547 -0.07092826073701963 -0.09975081390999574 -0.19439683381678627 -0.38955226999551623 -0.22036436824651978 -0.05252457337721769 0.07515914681506634 0.020253515424083414 0.015053900566087443 -0.020744730163598752 -0.026480149295234335 -0.02169409190069572 -0.01718797853221229 -0.007342031136271988 -0.004185076726051341 -0.001979714823990149 -0.0007115853776712111 -0.00010099184419994436 0.000105871665572004 0.0001058133994409671 0.00006548447569743793 0.00005481229544771504 0.000025608389381476985 0.000012152195939743825 0.0000027241100039903266 2.342044088304662e-7 -4.4123796795940207e-7 -6.305595815183487e-7 -3.4581841121997754e-7 -2.2776620642037428e-7 -1.4686229262230739e-7 -7.716662065880592e-8 -6.681816159277515e-8 2.6107581472494625e-8 3.076047139158981e-8 9.731652951367909e-8 3.095816768696577e-7 3.5170660879460494e-7 2.71678477977693e-7 1.4716685827634214e-7 9.972615481045115e-8 -2.3073321514630046e-9 -5.47560583490433e-8 -6.237469764582727e-8 3.12581110835893e-7 -0.0000010360630308585035 -0.0000030307707430695945 -0.000003925418564243355 -0.000004491386373547221 -0.000005534091569346328 -0.000005534868931352988 -0.000004789358069270493 -0.0000031635785752332635 -0.000001802454132561233 -6.470257130095395e-7 -2.02438512568301e-7 3.3351606343796225e-7 3.588931322392254e-7 2.757611417155367e-7 4.2900449667212657e-7 8.340797054170239e-7 0.00000115068030783907 0.000001239167227237275 1.14526076276159e-7 -0.0000028936405799142387 -0.000013426585203536618 -0.000038041851972909536 -0.000052276096764656515 -0.00010615719711989554 -0.000009525366759795278 -0.0003162315516515216 -0.0005886092777815631 -0.0017459878724530565 -0.002892588734400294 -0.0010504206142076572 0.012658131288346777 0.052096397013130125 0.09523271886060634 0.19569233306289002 0.07001642532732254 -0.18812096724898128 -0.3898177521465782 -0.9031223614716553 -1.0278927388017078 -1.6296207365466555 -2.2186364313776896 -2.808652869139512 -2.733626175020266 -1.2194850274857199 -0.17735291634753658 1.0217687567615623 1.626406684750478 1.5544325891646777 1.0759117466604267 0.14731892291870183 -0.2260057178004226 -0.9333351699108275 -1.0055952559188353 -1.773371550779505 -2.5978927764438415 -3.5674408564194957 -4.311228493936382 -4.364918265195984 -4.24428754120499 -4.888907246594475 -4.197265398611642 -2.8116312627855216 -2.3298656875634736 -1.9000503898231147 -2.2512800361441454 -2.56163060393367 -2.5159369809034478 -4.439659172411979 -3.1762049258278426 -2.295835932604877 -1.4319270081488835 -0.2966646218786771 -0.15546780901127905 -0.3731488884364803 -0.029384196448999686 -0.7538875430404057 -1.3100476705726496 -2.0334545656649454 -2.8748987566289097 -4.121357258504959 -4.742004251581602 -5.596247529970015 -4.80293883236531 -3.042313692438806 -2.0086589044784184 -0.6212770161957786 -0.08359977093573799 0.09864826210539562 0.24392725923838732 -0.3658610701087185 -0.35013071108675564 0.14271303701663837 0.19208295282605103 0.18054483138870311 0.10173137751482104 0.059282693827916726 -0.02413307542121192 -0.006006975883487252 -0.02490350180315846 -0.010329189679016857 -0.005452003866331004 -0.002943053141132094 -0.0010081225932380097 -0.00028452255767408535 -0.0000012433184696189943 0.00014373463178230287 0.00008078090633342931 0.00006040944465486056 0.00003493994564651157 0.00001309516572745582 0.000004740453286518416 5.810886372108095e-7 -9.725233949762152e-7 -5.935582886810443e-7 -4.3083263145787887e-7 -2.6741526542988227e-7 -1.6274784493250896e-7 -8.036873223201785e-8 -5.5009806962154286e-8 -7.340196082813604e-8 -2.4020324145088803e-8 1.8820530631623882e-8 1.9797875408648835e-8 7.27442389134187e-8 1.0043674243151874e-7 5.2625241265584657e-8 1.8139588152458648e-8 -5.811604438512549e-9 -7.439264266371912e-8 -5.1900009956603264e-8 3.1494883030392113e-7 -0.000002887579817268419 -0.000005128171926563944 -0.000007885321052095694 -0.000009370305646280524 -0.000010166335648505626 -0.000009485217002913837 -0.000008619674547663884 -0.000006316132549181876 -0.000003788672949327863 -0.0000017970427410053245 -6.742845501350012e-7 1.4544138354170457e-7 3.1504095354627866e-7 4.2670881647598035e-7 1.0429622814077435e-7 2.858023367388602e-7 -6.090597941125783e-7 -0.0000018527019839384926 -0.000004652796436847059 -0.000005262311861747691 -0.0000064484393287965094 -0.000011298033244329777 -0.00003847712582867675 0.00009775676407723947 -0.000009379078815516941 0.0003343046610440598 -0.0008145230161867706 -0.0030473744147159454 -0.005821453405648077 0.0015289677402807625 0.02582245251485091 0.06577923954359388 0.1362357054008822 0.1307783745018866 0.12478394660431574 -0.28570619199739067 -0.7259162370744434 -0.6594566140695473 -0.734622842849598 -1.2132001818300724 -2.1228661786929015 -2.4264075795778632 -3.1846360865515897 -0.30417525098107867 1.571496343697024 2.3783439887433286 3.268514864464616 2.553284254241338 1.2203494923881513 0.2881564468321689 -0.9980990283869733 -1.520091115298944 -1.808884305761547 -1.3107792627198187 -1.7899025153387869 -2.692988370073382 -3.581323985176466 -3.7748957043531886 -3.7192083908406746 -3.7469881328517194 -3.4303462338014135 -2.350144640114816 -1.9452208567713933 -1.802193321326142 -2.3408862275412665 -2.6237946971861263 -2.67322495582982 -3.132254501939684 -2.2550835295817975 -1.346850948142094 -0.48001995798977265 0.43386554045448783 0.925961665139105 0.6110327289903056 0.19943984433605336 -0.5124556888354576 -1.2897464851685794 -2.2169897014681417 -2.9565888125418085 -3.486986300811955 -3.7893196276753205 -4.720323206512896 -4.37926677285183 -3.880123498579687 -2.18088014243805 -1.4635051432402815 -0.7858290744837242 -0.45207092585522934 -0.20819959659966017 -0.7670472859708608 -0.012324602951558853 0.17572253456848252 0.43474838073377114 0.37081416109792664 0.2303120639928512 0.13222108311133368 0.036680775132069396 0.0044486747188711455 -0.021357210592224934 -0.014888287002638764 -0.0063267270235853506 -0.0037145365612663173 -0.0015595683129743247 -0.000186029329398106 -0.00012691053540244855 0.00007409477165198625 0.00007796867604265225 0.0000824793375072594 0.00003089698806992722 0.0000188660752454261 0.000005038417118450986 0.0000025637841534344118 -0.000001226937127685457 -5.430039566917298e-7 -5.684293287614583e-7 -2.9807614022058904e-7 -1.7329224734318467e-7 -9.26992425637906e-8 -7.498975183220269e-8 -7.419999801838507e-8 -9.419284858629644e-8 -4.827905960743888e-8 -8.332095031353903e-8 -9.392525734292311e-8 -1.0058496559112496e-7 -1.1094205825907703e-7 -9.01594777329624e-8 -1.2982273768837704e-7 -1.0196045116606937e-7 -4.455126484083292e-8 2.9334901337349217e-7 -0.000004311060056395624 -0.000008253641389644358 -0.000012316704090408913 -0.000015431817001507102 -0.000015839237436965273 -0.00001572268795255137 -0.000012866474745139971 -0.00000947822620945029 -0.00000589349025248155 -0.000003315268271900028 -8.957314604000554e-7 -1.5183804625870466e-7 2.482731089568008e-7 2.702525089904879e-7 -5.560862215970842e-7 -0.0000010008898276244639 -0.000003148706587202085 -0.000004136636521439256 -0.000006050628018688402 -0.000004530460826387926 -0.00000596124449895456 0.000020427858262752178 0.000042384971410078244 0.0002087903849242265 0.00016010706577119932 0.000882270392768496 -0.001229107028224036 -0.004600241156381031 -0.009494977423864796 -0.0038805721131843092 0.02165896993416004 0.06007772680003171 0.1286291119726511 0.10998503571892919 0.010691711007101895 -0.5243952106184845 -1.0353122679660178 0.11425260631151553 1.5836763969486738 -0.7974961735980053 -2.440344614494001 -1.3827874062740473 0.13923556520628155 2.7779560900909943 3.120906982239784 4.0515321879158455 4.632580013755327 2.7847894699254296 1.4132579241837098 0.0348380084790433 -1.2435622729978575 -1.209268940744514 -0.41482674771869804 -0.451678860898336 -0.8171073917664478 -2.7616152025541862 -2.889289458596012 -2.8486789920978874 -2.7931527692693936 -3.1223902618983694 -2.303843286405997 -1.7021422630701655 -1.6953738183773543 -1.9345867313649483 -2.5724939352525107 -2.448548611240125 -1.7626287996595642 -1.8742696534868575 -1.2161163273697873 -0.5761912090213498 0.4438232828475762 1.2439778189132262 1.1332138590842646 1.1524829584068612 0.2926570569172515 -0.35756457698910044 -1.3607277330332122 -2.523784222856597 -2.2565353800813686 -2.121650028019383 -3.3742836093811546 -4.826872649824564 -4.968078521099987 -3.460024718991408 -2.4075569100995944 -2.152791525016799 -1.2466082750825107 -0.5129695088167217 0.14982309982341369 -0.42866725438398934 0.156947616768296 0.456722744618846 0.5758428856267805 0.5630179269717314 0.3868541001546816 0.2188983595163519 0.07999207149664839 0.01610892942793835 -0.013450115356630503 -0.013279859890203732 -0.008850661730422142 -0.003853333700233926 -0.0023399846843775193 -0.0005512265743670382 -0.00033586349582268786 0.00017843181622905174 0.00009707493435564175 0.00007522755418826723 0.00003792824732036328 0.000018433640209900187 0.000008434320600672784 0.000001552965654001988 1.3735183031239344e-7 -7.959258917662172e-7 -5.327735541045161e-7 -2.8391668608707675e-7 -1.649439300407522e-7 -8.366342793256091e-8 -4.630912174884266e-8 -4.840305035310749e-8 -2.047600071318126e-8 -2.0391046977814525e-8 1.0702445349018943e-8 -7.750295406875451e-10 -2.5386437745472728e-8 -3.7772716837352346e-8 -2.7736025304502954e-8 -6.275696698432024e-8 -5.2689965134507134e-8 -3.283917665274803e-8 -4.158183650495887e-7 -0.0000067045315556978985 -0.000011626916643886055 -0.000015888105364565852 -0.000020446934734873854 -0.000022500040341698977 -0.000021647037905866445 -0.00001622769799960968 -0.000012615760338852286 -0.000008021853004008387 -0.000004375607316377458 -0.000001954316942881377 1.6865864042340798e-8 -3.0202989956883905e-8 9.090718347862123e-8 -8.581264021797524e-7 -0.0000030552364473904985 -0.000004900211716126539 -0.000007005968803922376 -0.000007946698381918788 -0.0000031194285513671355 0.000014759789827189241 0.00004387926074153728 0.00013640842037169096 0.00028819001345867907 0.0005043511955358097 0.0005809212937123092 -0.001759619383764669 -0.0049416605040821845 -0.015286363393835507 -0.009541148378838082 0.009821598507351805 0.026274045607208286 0.13246734278573644 0.05290546665368945 -0.16698061017473104 -0.5287422697256472 -0.8684172673763314 4.76942347536612 4.8093231410633965 2.2431751501897716 -0.36188553285674685 1.4872361856345813 1.833714790821704 3.468131299700056 4.315737738698823 4.845624169148605 5.480719409186112 2.8957660461646295 1.4113927835510292 -0.05315926711294611 -1.2096134771524516 -1.0941039834704762 0.05464289230494449 -0.6572992304504103 -0.5852647760610334 -2.0948750831607468 -1.7560979258870133 -1.7839582144564292 -1.9444420531206021 -2.5739391421424083 -3.095154247661741 -2.1944571911329964 -1.7564063368974308 -0.5146241594679721 -0.475448020620698 -1.7164973180900354 -1.213341704292622 -0.779434899533985 -0.43378951750966527 0.13810585735667694 1.0060761754587948 1.5865595077493033 1.7328448915867214 -0.9452785864995599 -1.7763260088447161 -1.01698320549728 -1.6925903966214921 -2.0071284404760967 -0.995215574894085 0.7490113514388822 0.15222771312436745 -4.649365703700108 -7.552897437209383 -3.480825736189319 -1.9264367706234193 -1.327060434712374 -1.8965613879012957 0.26047758519884634 1.5168045693634575 1.0557882163736256 1.071482697387861 0.6243742906271088 0.673335607268065 0.7924552539593877 0.45031393084521376 0.2618540728992924 0.08764972308933064 0.0239937307875021 -0.011589840543072542 -0.010336379010255284 -0.007181038766163625 -0.003994004699584856 -0.0023132234781628232 -0.0009518028382136934 -0.0005209132303663352 0.00011324700861398422 0.00011238277788602452 0.00005751558040638299 0.00004510868029025355 0.00002304254088549096 0.000009430245543719234 0.0000012794692118440192 3.347732104157305e-7 -7.426605767548716e-7 -6.018749473130154e-7 -3.429332611782393e-7 -1.361082194257515e-7 -8.155305007492211e-8 -4.415023478640163e-8 -3.650849557447503e-8 2.5972117436833658e-8 6.33987718051158e-8 1.3005626229607092e-7 1.957362751380996e-7 2.1393301550263622e-7 1.4157697977687144e-7 6.83142120021132e-8 2.1707722956462863e-8 -1.9377348497828296e-8 -2.7330012890020436e-8 -3.765776719893957e-7 -0.000008614266786591178 -0.000013619961582453541 -0.00001840246767707587 -0.00002447790252999684 -0.000027117342816539172 -0.000023491898216937625 -0.000020395766727735322 -0.000015247501339695483 -0.00000940028950467695 -0.000005234516568880533 -0.000002199478146046799 -2.8301818268744254e-7 6.52273972710525e-8 -6.350763664210204e-7 -0.0000026384018850583165 -0.000004629229277967223 -0.000007933592651446971 -0.000008501934803227616 -0.000008396785157203148 0.000004823241711787281 0.00003211293494190628 0.00008566358781493901 0.0002178235765564195 0.00045843784037011016 0.0006156559573388938 0.0008152516393459074 -0.0016999775246979573 -0.006778415067425549 -0.014193384135299502 -0.02215118457011993 -0.009449376255519167 0.017660564529831446 0.01820346135988069 0.02864008709720273 -0.015024739166647195 -0.6079778887945182 -1.0959131671630313 1.5037092063670616 3.706854242400261 2.75383894972246 0.6225663116378264 1.9645273960728111 3.589474423919216 4.865672980709245 5.10183051544834 5.931989112232075 6.016415801970466 3.8655234706278563 1.0260232403306373 0.496809958899171 -0.7112280485380272 -0.7846205922395799 -0.31827977445882927 -0.32272138209932083 -0.7799734762848624 -1.0952623111334652 -1.1493251268068205 -1.0446965984116363 -1.6846447539297753 -1.9948133258451077 -3.6206863901657553 -3.078922804910716 -2.0015006374217754 0.9666180985808511 1.6059290634122927 -1.3092912932559309 -0.5981448413460853 -0.30706473823070435 0.11853534964981692 0.5785231425354591 1.0986178532040118 1.7620712397195126 2.0315557578708816 0.5109540367713312 -0.7506788346963309 -0.5420180834340919 -0.9701509135519036 -0.9239261911014569 0.2865550090751385 4.479878054899483 3.0330982563865994 -0.3891863320263319 -1.8942942828431408 -1.4509369533009229 -0.8610924787935738 -1.1418693487978648 -0.7717692599032981 0.2941915931780628 0.9988939038285107 1.5820508924161942 1.753795016113665 2.308890835631087 1.149255800780532 0.844354931615394 0.5163119625991127 0.23753704236377335 0.11453776641734734 0.02520294169607204 -0.006687961629431017 -0.006276788510180872 -0.007994536663025638 -0.004325627008320473 -0.0022069592949481736 -0.0013033043361044133 -0.00039011896907280747 0.000028045289493315943 0.00006893901604365051 0.00005509272670986808 0.000043460745018329175 0.0000243004162270221 0.000010192632090194923 0.000001913726870171472 -5.593294759391584e-7 -3.2083952024913993e-7 -5.744294973401644e-7 -3.3066191906070854e-7 -1.0213938040833776e-7 -5.0277368615076e-8 1.0014647013969017e-8 8.516920234980991e-8 2.0165939597896248e-7 3.101696451040696e-7 3.774638725066003e-7 4.3948142424500216e-7 4.1185503083763454e-7 3.965526126835383e-7 2.9523256697715713e-7 1.6841540017197457e-7 3.4955147825956254e-8 -2.8276691565050898e-8 -2.7793965319083475e-7 -0.000008489421098255223 -0.000014353448761755928 -0.000021487850470337536 -0.00002405602040055614 -0.00002693731223813124 -0.000023107666411537675 -0.000021601722013783707 -0.00001533923916346744 -0.000009532867388014217 -0.000005605110921462508 -0.0000023513376640637618 1.8445925520791512e-8 -3.3654886298166077e-7 -0.0000016256993269369527 -0.0000037768345252533062 -0.000006657748458659662 -0.000008924092235783338 -0.000009922098477130338 -0.000011394857649525007 0.000013592702526241067 0.00006119861673813951 0.00014386535070679568 0.0003229526789251789 0.0006191610991940778 0.0006055593973033888 0.00002409024258115916 -0.002489868238767101 -0.007214090224699474 -0.018336782864731806 -0.026258235972824364 -0.024281655492143266 0.007035379158247431 0.04553828591948096 0.09081193189801277 -0.24191201593953088 -0.2199698102679826 -2.4068791589927905 -2.8122139761087044 4.294851328369287 3.1244261668605207 1.6266364462979674 2.9683807739671586 3.2117715452948885 4.956721954403675 5.491811732032425 5.338886406192596 5.6061817119875155 4.341065445253414 2.8942690787072283 1.1801590629057122 -0.07383540743904861 -0.496627676484765 -0.6326362181370978 -0.4047765464876318 -0.17364285253546394 -0.27066387157436345 -0.44050259004590264 -0.7811590242395524 -1.3628122105036324 -2.156235885188026 -2.548031095972484 -2.4390095735660173 -1.5498123932931778 -0.915965377849342 -1.0119245191766626 -0.844315692330632 -0.18557171356610916 0.14184179560332888 0.2909377046453632 0.5563049603723206 0.9800231447908545 1.4611614465523417 1.2004839143290127 0.7513023664237356 -1.4696562780171012 -0.5828486757623799 -1.3612573527808385 -1.07119838075034 -0.7912888084188894 -0.3087479889344378 1.9240823055354224 1.5441619590891549 0.935178133269079 0.4034098314411305 1.4837339544598565 1.8991865915946906 2.6035002197775974 1.9644153110052174 1.6224079050723872 1.3387206202073727 1.591818304223738 1.5119519585558299 0.8749172986488011 0.7670412610572241 0.36674043831232095 0.1958648550274121 0.09597753808325234 0.02168349131154789 0.0018355369078947757 -0.005724628766176656 -0.004850069886428878 -0.004734397751543447 -0.002271116021281605 -0.0014112910026467082 -0.00032472834628194223 -0.00010529803858322674 0.00007285376299890108 0.00003645048062578417 0.000047890452949876564 0.000023169815566529998 0.000009390684220917806 0.0000017422353276786989 1.989363862110879e-8 -6.239578328079125e-7 -4.430631129815689e-7 -3.271592126388175e-7 -7.836350709639657e-8 -2.992474181131009e-8 5.980319931992583e-8 2.1043435981275294e-7 4.296236166935018e-7 6.63971983507961e-7 8.151326459502324e-7 9.028862799202339e-7 9.580333766478344e-7 8.048797509130051e-7 5.809122662674787e-7 3.798838045627008e-7 1.627524127607659e-7 -4.3717310747917215e-8 9.87831703340321e-9 -0.000007954658970603313 -0.000013238736773782042 -0.000017860329736086825 -0.00002033764083825852 -0.000024102706533716302 -0.00002234872947583328 -0.000018813350662873973 -0.00001370294241848702 -0.00000868138040592902 -0.00000501371188820031 -0.000002198352868955975 3.680466913335092e-8 -0.0000010030462387651174 -0.000002766035879561987 -0.000005830002846052263 -0.00000906062809608139 -0.00001118635285999721 -0.000015644223310153726 0.000006525505754800252 0.00003498398570926934 0.00007205501819037889 0.0001901007834716566 0.00031650493770868664 0.0006899345416207178 0.0006179656615577925 -0.0008527962677040282 -0.002362900292689713 -0.008089279962215527 -0.019306698520860564 -0.0350435374710603 -0.04193056880704621 -0.044792574438896705 -0.000672441086956414 0.3724659884016058 -0.18196422976833268 -0.8093863414511293 -3.926988475058307 -5.954449020572575 4.837345871874141 3.1163013900908307 3.54283859981322 3.218046457944288 4.050249215929931 4.6050677455981015 5.410966861440878 5.650949758516219 4.439488565128633 3.7774663947402365 2.5765269208433397 1.516457795589873 0.6844607379456181 0.029719721181381685 0.1650232649908113 0.06274153813758972 -0.06256807190515777 -0.09102565388375386 -0.37603353879968054 -0.6842545741989251 -1.0917355229936634 -1.6162665247013723 -2.3292836726349746 -2.9618687062029703 -1.9384180840926575 0.007021631274272369 -0.6578924134837966 -0.7557448443261124 -0.362847803997645 0.02450031289524083 0.2968627349786026 0.44936947432758756 0.7227067718645058 0.7318460129678784 0.006906548603390961 -1.1658328482552325 -2.6545235165662766 -2.7582691074892156 -1.711509256146032 -0.8438892945359765 -1.1071331822400106 -2.0615963845910414 1.6530922657615665 2.269608117776717 2.2995691927717608 2.093817666662873 2.424854381897444 3.406038098777287 3.5820466338749366 2.611287367505851 1.7654463952509467 1.1608519434077103 0.9513754378290544 0.8095884223444691 0.6028566265517062 0.29464527823504094 0.2703277397773493 0.10221616060227538 0.033822824592214376 0.005768767964614387 0.0014299284392671541 -0.001859143772108847 -0.0037210354820502094 -0.0036801907066056697 -0.002161120578281862 -0.0008435103811787024 -0.00017221706027859568 -0.00006393020153198429 0.00005226879730566853 0.0000491804795151227 0.00004220380701532481 0.000022276892619584728 0.000010253982438330529 9.548944486593577e-7 -2.2278140015347889e-7 -5.612881801899578e-7 -2.8668717195512927e-7 -1.9318943822540722e-7 -8.892699104279043e-8 4.2897892367018744e-8 1.649501700026943e-7 4.0494193386778964e-7 6.502478448441084e-7 0.0000010657108198550842 0.0000014294254208875132 0.0000014992315575461164 0.0000016117300919352065 0.000001407766414294803 0.0000010901068272519733 6.930749604441385e-7 3.7219861771670133e-7 -3.869153039656258e-8 6.20671888110875e-8 -0.000006337793104893778 -0.000010586010236771393 -0.000014089684704418021 -0.000017268404900249662 -0.000019493116026238626 -0.000017693481820172927 -0.000015066330641760119 -0.000011002725069452764 -0.000007058131299344899 -0.0000036416484443867192 -0.0000011390083797846937 -7.513363045283188e-8 -0.0000018004495535239998 -0.000004003848924131365 -0.000006735766140874417 -0.000009990728961325233 -0.000013167653407649098 -0.0000017294732528334301 0.000015767555974791464 0.000046948666382646165 0.00010671929001910252 0.00021703380631476945 0.00026768549016041045 0.0005978946891677231 -0.00017269612846555952 -0.000961229320023883 -0.001865389790146307 -0.00816534958718036 -0.018375444649413805 -0.029546940814001187 -0.05002573153709836 -0.059381032962920535 0.05058060821852908 0.13529239422618114 1.0284949731270672 -2.2838052774329194 -1.368667428027254 7.001308227919386 6.202826927826071 3.949921923735079 4.046470295378929 3.907852633260151 3.674980762153661 3.4286760623945907 3.275351136887416 3.988418639843362 3.571070488216178 3.1336696151125953 2.065140088996898 0.9476504244665624 0.2892738023920452 0.2995912885009763 0.181151217384652 0.24403617343627093 0.11580224700103585 -0.04788330320902867 -0.3130985910516595 -0.6225686754053465 -1.0640590747097343 -1.6136472605859857 -2.1167380087147603 -2.540493867394541 -1.6601847278044286 -0.4723400272725541 -0.39044447717991276 -0.3691072838533712 -0.1675641529266556 0.01260866795664184 0.11277345696569774 0.26030199643298757 0.1955449987516422 0.15120886808968115 -0.9076767427482711 -2.090552606362439 -2.2194574632000656 -1.9574526950831803 -1.649759673503945 -0.6137273187943436 0.01703506255080825 0.48811932074859765 1.831273242493574 2.014227735403859 1.8618521308617564 2.126437802901611 2.7698431122779557 3.426891508910327 2.5184674270731877 2.302286566117959 1.2572205369423297 0.7494209358140611 0.35373498816295335 0.13029284023769275 -0.0920608935697181 -0.17451608267640104 -0.17206062148468917 -0.09696247943550536 -0.03988635032451007 -0.03035397822519454 -0.012597187737228926 -0.006282166350229015 -0.0024202831114398 -0.0018915350381988347 -0.0016018489392807878 -0.0006190075136837577 -0.00023414337948690907 -0.000007779094465467791 0.000014824380149903617 0.00004997015409145737 0.0000396997236297358 0.000021005174095823366 0.000009284664399863113 0.000001950399500890951 -0.0000012664136851833261 -3.307161624688747e-7 -3.838511095773397e-7 -1.8213420784769095e-7 -6.71808820645382e-8 7.350039815833714e-8 2.5698372045759294e-7 5.790532621348262e-7 0.000001116312379965193 0.0000015485486879383609 0.000001996500910039596 0.0000022056067758228724 0.0000021172227982652443 0.000001974489755905465 0.0000015328277847163666 0.0000011284205048233077 6.135363757223475e-7 -3.236045596321129e-8 6.049553329063167e-8 -0.000004211133747573449 -0.00000661155753350413 -0.000009651353604581562 -0.000012557583858918168 -0.000013714652483585485 -0.000011837693478982623 -0.000010255920938558018 -0.000007199818491100589 -0.000004899206071862082 -0.000002332463626581908 -9.874901755866033e-7 -4.581853274286726e-7 -0.0000023266222716428365 -0.000005349643157572363 -0.00000829790661575625 -0.000011062958215039362 -0.000007703283620899064 -0.0000033879630717542574 0.000024364104884479126 0.00007121792957725482 0.0001221505959871977 0.00015800852700620951 0.00019383656177497253 0.0002514863433617003 0.0009395057599658758 0.0010334398041608774 -0.0007639522921086248 -0.0038761076324214027 -0.010638724199728144 -0.020940411889732016 -0.04566568307854709 -0.06460218714665755 0.0006676861884480287 0.1059926012372433 0.5059399008666527 2.3728766353351274 2.804262217840692 4.073308946296321 4.179714374962141 3.17026234030884 4.028376716097198 4.083024214023261 3.3591923905683334 3.1055943218198916 4.244176528145439 5.103794166351735 4.902265840683017 4.7421186050995265 1.298360412802676 0.21280471011001362 -0.022402440311129874 0.20578837346509865 0.09745144232327282 0.12359386144363821 0.045079193157373895 -0.09090450750106412 -0.31579350542042994 -0.5820159049959985 -1.0507063607318492 -1.4794660846841676 -2.1241001280372553 -2.260814518578845 -1.5646257080130541 -1.1499886788011504 -0.4423220948219664 -0.5095563635484707 -0.22753369440218274 -0.08120341216368916 0.04743930221285984 0.12484661007048009 0.11084843394864188 0.008828122674483397 -0.3177813310046406 -1.1239845789777294 -1.188861261732017 -1.39324510736922 -0.8009214944921245 -0.1456900769903015 0.3575756699563679 0.8581268261548073 1.3403042286071343 1.4008981733052994 1.7305316379528088 2.332781077160859 3.0057191252744557 3.6441467727450396 3.1291256355730575 2.150785563378488 0.8892798927680683 0.42278441771430075 -0.06889262075660837 -0.535075730496082 -0.6047044686416747 -0.5137066468642886 -0.4422729576444384 -0.3124022829443803 -0.11640872316921992 -0.04310245343171698 0.011421792450267577 0.0021644048739747398 0.002614809010265439 -0.0005875023953630255 -0.0008668997899930175 -0.0005144286009429477 -0.0001803479148771292 0.000021288980119515337 0.00002237358580809316 0.00004607788363439053 0.00003573796232334262 0.00001742207133048808 0.0000078594139270047 0.0000012219666777689052 -7.146442042353487e-7 -2.4274790677888666e-7 -3.191343648819749e-7 -1.3736290425934757e-7 -3.996170213921808e-8 1.0420798359662405e-7 3.403397729207135e-7 6.93737466147641e-7 0.00000131446002834738 0.0000020790319691302908 0.0000027166711333868776 0.0000026995630760243427 0.0000028377085246078456 0.000002507527773894728 0.0000019755263723741945 0.000001449137023934475 8.09613789703798e-7 3.800962104537362e-9 2.528832383823938e-7 -0.0000013427994125740375 -0.000003847844883468474 -0.00000531307175774602 -0.000006649657933782707 -0.000007421218107465605 -0.000006587042503189407 -0.0000055933601468155595 -0.000004782185144206998 -0.0000024842330084042873 -7.498403046484472e-7 -7.173865535320217e-7 -7.883651602990167e-7 -0.0000035445929834367865 -0.000006783708488061197 -0.000009943551815925466 -0.000012410999183082872 -0.000014011272923371943 0.000004416030722692384 0.00005244194608280709 0.00009800795699651879 0.00013348365525647231 0.00020153274768267736 -0.00005136898979918723 0.0006477924267017793 0.002233417242337919 0.0019435031367550373 0.004404168332792804 0.010880105915918736 0.0032122724457995635 -0.005564916002791286 -0.006079999170287381 -0.019373218202110954 0.03761839550098565 0.011770743706222792 0.13316356298468043 1.3447122063209156 1.9489201970855778 2.556932862247193 2.126932908182885 3.6401081301878078 3.8081205903246373 3.131121781795928 2.928936178400077 5.1373779236769 5.648516741250591 5.459596199366377 5.014715013796622 5.796032433510361 1.368685772486492 0.23902743173735716 -0.12454744144481024 -0.14499538111316326 0.02414044158202942 0.029841934551167498 -0.010389355263075191 -0.08432275773387463 -0.2970771522678217 -0.545596854768928 -0.8667660606850491 -1.1610443860817405 -1.6446845754982797 -1.2279186995499387 -1.1991694839327929 -1.2965985936214668 -0.6225078764596362 -0.40170070787492507 -0.26237071492599356 -0.1341623952613188 0.009149364655775288 0.06217742010673859 0.06374883101093332 -0.01613490852923251 -0.16807551028333043 -0.5013833099770295 -0.4898327387660831 -0.41978086860466457 -0.23808263699372234 0.23664517189400708 0.4988969657559187 0.9175653597379907 0.6333670132098137 -0.01840582033866435 1.068904906753216 1.633935085872396 2.0437789782124307 2.431588440155842 2.0789978168088994 1.3106810788534433 0.6858654649430052 0.027700842675112802 -0.3744291259642486 -0.9474288230103426 -0.47846151232749273 -0.7654470922948723 -0.8255911013947982 -0.4789887301290942 -0.18141258412290692 -0.0729008258173005 -0.0019120842746330011 -0.00022997115349286147 0.007285972310602412 0.00041031519490457405 9.695728485047276e-7 -0.00029606779185508287 -0.00001382010345444581 0.00006713711670551048 0.00004488262155556139 0.000040574353481794015 0.000027621226406410095 0.000012439666047740553 0.0000058723927345277075 8.140337841002418e-7 1.1875171265738544e-7 -3.6030402593739205e-7 -2.5497229121141404e-7 -1.259357902715579e-7 -2.1966373765983537e-8 1.5296037126346675e-7 3.1929956377944317e-7 8.222697318920029e-7 0.000001400722488597464 0.0000020563980944410263 0.000002890629857029405 0.0000033040056111695516 0.000002912397644091521 0.000002744239199643118 0.000002311505917965931 0.0000015223930136643783 9.155674418034934e-7 2.370251886755226e-8 2.637323895021206e-7 -2.0251301558152873e-7 -0.0000016732808093971508 -0.0000025665205463862137 -0.0000033020477101848683 -0.0000036426379038829218 -0.000003409121484693601 -0.000002793411060799164 -0.0000014011289672826163 -5.013219239236174e-7 -2.1085716918769596e-7 -0.0000010332105552422717 -0.00000134863020399265 -0.0000043822717546641104 -0.000008143776785199799 -0.000012749562051463396 -0.000018044470710169605 -0.000010631788281161768 0.000014163365500401239 0.0000767318212504029 0.0001319489368980228 0.00016936838983615704 0.000390214284360619 0.0004776460128223271 0.0015264263766356625 0.0025990954189542954 0.002600124349104508 0.013044262162774718 0.024745248024162236 0.024307571213753276 0.03654729192000783 0.056309786834370906 0.04458810260819121 0.07052728095761403 0.17063221515764007 0.2845824033176599 0.877260954140347 1.2636543761309207 1.8856556908924305 1.2492759790508083 2.5335376594389403 3.27540460425372 2.1285691877975057 2.1435919679333626 6.286895481235396 5.55972726538593 5.037907370613171 6.544239012381463 3.6496740305459814 2.6917118038034173 1.197192878195613 0.6449515544162921 -0.0535772243388672 0.02380985238948339 -0.06265128539340943 -0.010700846273927886 -0.09678341890991762 -0.23705275350213664 -0.45343141254874136 -0.6188661038208001 -0.9057422108497466 -0.9832155504706673 -0.4922507052125338 -0.7871432348231795 -0.9175723327371168 -0.5588050121571672 -0.39384697600897933 -0.26529355366752966 -0.11364951200342967 -0.02282090157949796 0.024388916755650816 0.07401549577409133 0.05357156285799453 -0.07111078913979461 -0.09318282888587198 -0.1787447508936412 -0.21976450519298696 -0.05741583242032668 0.19433162964796122 0.39458492708111176 0.5895281109393435 0.4512776919157251 0.36058719729344507 0.49715183719424216 0.8710252881177986 1.2668338083299433 1.4773405640584083 1.1342212572519992 0.8507585572336747 0.1422788860287953 -0.24862572232706354 -0.5849012338456648 -0.9402070449604699 -0.8103727786553845 -0.9848142007971028 -0.7725928222624681 -0.4045633913872758 -0.20686317867087417 -0.03473810081981573 -0.0015668796501113167 0.003146172849900712 0.003844136532353179 0.00035086334916223925 0.00040074809121594314 -0.00012780854348940434 0.00003215538773885133 0.00006156031414308043 0.000045447990464630235 0.000032217782053913667 0.000019376375654428454 0.000009662953502141777 0.0000041392844730966696 1.988345200740532e-7 -1.8406418436300265e-7 -3.5299413753889254e-7 -3.2168310330188846e-7 -1.0273266822255159e-7 2.676769125107359e-9 1.373231415048023e-7 3.3813226323688926e-7 8.217645812768296e-7 0.0000014154045969970802 0.000002136927491420187 0.000002734338503361305 0.000003161118991483082 0.0000032075998767299814 0.0000028408182542041077 0.0000021754419570842116 0.0000015834843114414197 9.84549475915989e-7 -2.1574780890180646e-8 1.4497449363058157e-7 1.358123787109225e-7 5.559209592203976e-8 -1.3740746382520683e-7 -7.80787802198456e-7 -0.0000011744199400028075 -7.92323575011351e-7 -4.7048175661266664e-7 -1.4878121158550145e-7 -2.455073163414027e-7 -3.982766236887729e-7 -5.510250885023833e-7 -0.0000022642875156141575 -0.000005553709144320012 -0.000009350213456780733 -0.000014135571089236212 -0.00001843040011520627 -1.5256517876410877e-7 0.000030341883330332924 0.00011941582026950898 0.00019845879832118183 0.00040071953299689923 0.0004966293522030569 0.0009281988913926501 0.0011527396190836514 0.003374893494483736 0.007505678419706692 0.016817259935691165 0.03143156739918322 0.062430329555326174 0.07749070213713259 0.09929132881771904 0.11530165249481565 0.09756602476222512 -0.06345810274358549 0.07358296855919193 0.19268850091952378 0.24549078278824463 0.4931102935327414 0.1495160386807585 0.2578279426529188 0.13180349382651554 -0.35707215926463326 0.34562411954560235 1.907312055657938 4.722616871826667 4.98321860220963 7.085341042940141 5.695312252583986 2.9675962414614774 2.3917925596048146 1.4119572901359332 0.545216672703862 0.15198438048176832 0.0008776937305160252 -0.014309382586227288 -0.06232376897672948 -0.21317418943556862 -0.2944615192966377 -0.38469180406931347 -0.4685001471111199 0.31908481279482026 0.769849432315458 -0.029422063119398843 -0.09249683472521864 -0.06939594361501886 -0.1914765798518959 -0.2875802859124317 -0.18221063162244863 -0.04943883665326889 0.01584241302275514 0.05027322682639568 0.05169920538111495 -0.018542684704492815 -0.1020625777910908 -0.12396018180293387 -0.06628064967482705 -0.022994364835138024 0.09971539330001089 0.2731753054604294 0.4240629767159547 0.44495320120356396 0.7223693426308813 0.7746102954130525 0.8050376928359926 0.6315387099466215 0.4226831016192356 0.32854970878864387 0.05923315339818552 -0.13406681574421755 -0.4016510500247418 -0.8327003818326502 -0.8798940789411648 -0.938352206113154 -0.7115515639376018 -0.6185143186696096 -0.3549141849613939 -0.11906043947427393 -0.03480265213952494 -0.0029168971865613067 0.009614185674867704 0.003471236144950638 0.0023724402347647753 0.00019858433933386311 0.00010990561967003563 0.000022887794091154614 0.00003713347865758552 0.000038605730241781744 0.000021563955440604024 0.000011574610870839943 0.00000632950188804974 -2.3251244662221115e-7 3.059210036145684e-7 -1.2146160198099363e-7 -4.513252806878387e-7 -1.9332582827263095e-7 -7.749816998799085e-8 1.4778411732208913e-8 1.238480217272383e-7 2.7403424155859007e-7 7.45479787695039e-7 0.0000012439863213384313 0.0000018465960685900586 0.0000024078134323766515 0.0000026629503457425243 0.000002930241822845929 0.0000024303215352641266 0.000002029759691692929 0.0000013677804753044832 7.277574725818598e-7 -3.688483642028756e-8 1.1482507332054276e-7 1.7687284240174395e-7 1.3189105073152614e-8 -1.7243577703012198e-7 -2.562216851749017e-7 -3.325540333056672e-7 -6.052499304249704e-8 -3.403042008875208e-8 2.0381222285276922e-7 1.35724560733034e-7 -1.422681005452557e-7 -9.015377169715784e-7 -0.0000036931722764931247 -0.000006925651295152486 -0.000010449054283685897 -0.00001663266852394987 -0.00002268549277572881 0.00001474935342468374 0.00006105823507371951 0.0001667805990390312 0.0002943111231781777 0.000541114820672889 0.0007566186065161803 0.0010908792006586142 0.0020300437179147112 0.0028223270066569423 0.011018611936172715 0.018463952600865554 0.040206973345904826 0.07433132192707355 0.1493895693105342 0.15977736964114317 0.20090311747879805 0.1027214948185757 0.0052905622409074315 -0.3106046233256029 -0.6017313456270197 -0.5857176871278493 -0.761691310214176 -1.1139618301845455 -1.6046238643794806 -2.1239108371637085 -2.4165646624199923 -2.230487415092531 -1.4001125540520434 1.1797794243425361 3.917080023389131 5.361208908053128 6.033086316598176 5.023032749569882 2.4888269854770786 1.3059269329573064 0.8548652490215971 0.22564007332488267 0.16638227489395585 0.04451871461055411 -0.03246920173830137 -0.10436017973006059 -0.10233259786102664 -0.274626092587579 0.5143952862923169 1.33642275158794 1.7137733598952467 1.5994491145914336 0.9050822584288813 0.25355176420145137 -0.0018711233018300563 -0.023943804576536006 -0.16098539381675717 -0.018497261658339658 0.0664775203889708 0.08395186243450875 0.06991751742769532 0.029330295541039043 -0.06947915821451699 -0.13378563205692473 -0.09837421887837008 -0.05792851992202824 0.03163061950159726 0.16985181000014773 0.26539612294580495 0.4395641424236263 0.633072865794011 1.0749367876745963 0.7174073974602823 0.5739618875069791 0.2712322660552832 -0.1259469362628802 -0.3601703411629646 -0.4396415738400651 -0.5066713319097785 -0.6775034308927327 -0.5505617002832828 -0.5437015598909601 -0.5350323533394762 -0.4536534889906508 -0.16969850483655954 -0.07640086056608998 -0.02790116123826882 0.011480357329836665 0.017025325712163444 0.0045823798976604505 0.002266406200398132 0.0002842677654822252 0.00009233027425550224 -0.000006217909068950224 0.00002703970200868529 0.000027394495032468267 0.000011923420192752974 0.0000067181626886496095 3.2435183149906e-7 -2.2243374755044783e-7 -1.0294216400210152e-7 -3.4389594122683203e-7 -2.968409572871867e-7 -1.1699380794469384e-7 -5.652046152841135e-8 -1.5173525142956985e-8 1.180097850071443e-7 2.2114545068857095e-7 4.905972077279263e-7 9.882437650366178e-7 0.00000140262572732887 0.0000019012144967794776 0.0000020881160459328772 0.0000020358750776131358 0.000001939927089760339 0.0000013849683172194972 9.464332864327499e-7 5.2876376887798e-7 -3.9572781711693447e-8 9.87407316324628e-8 2.250736640461991e-7 1.9999228880722014e-7 7.920073753352196e-8 2.3825013991704266e-8 1.0732878624199079e-7 2.316946596585135e-7 2.5816480618910825e-7 3.794796245523845e-7 2.535407943865969e-7 -4.902445527056093e-7 -0.0000013733118925454795 -0.000004510002450125706 -0.000008127819893799638 -0.000011950227851059154 -0.000016740588663325485 -0.000006011286519943807 -0.00000955697132472548 0.00010418953146977246 0.0001825524212046391 0.0004219580641163725 0.0007657774999653874 0.0010048854441779293 0.0007367781849442421 0.0019183204927361653 0.0031193237505572915 0.005421601066523166 0.015443279644204132 0.03903961075342634 0.08636533173299402 0.1369897726761798 0.2205602736513293 0.3177498653700823 0.036541444238865295 -0.47798705877672476 -1.1509319589031601 -1.562338467110689 -1.7774694213753175 -2.1080236238555035 -2.2693245696448563 -2.9231473237963947 -3.44908565353343 -3.136110150841362 -2.5921746015673572 -1.5545301324041376 0.36843544008033297 1.7367684793536418 3.1525657884853238 5.526210692088958 5.021670691591714 2.28828064375152 1.6915145731880241 1.0270590947021385 0.5217915810299593 0.17301537947906215 0.1023541321279113 0.0014788347922219858 -0.027848137821494683 0.007851277315548603 -0.03570864428890277 0.8436615713338135 1.4424544320603423 2.3895343650949106 2.821751422199143 1.9681543708377767 0.9044562770654387 0.5166716426230092 0.28168320036665084 0.14685982478087373 0.07038646556816876 0.1083979059768035 0.13022678246475367 0.09079281894910327 0.056940041784154946 -0.16023619411289824 -0.1988648146752704 -0.14567498095541656 -0.008213066397442705 0.08986526881852915 0.17784535981801583 0.35443254193917173 0.4869360889183294 0.8341512854045049 1.06486655785126 0.9817087817432226 0.5461367150991254 -0.1360638244096358 -0.6560155065793954 -0.6764017303370767 -0.6697247864514771 -0.6763627295875183 -0.5611455056299894 -0.4145868617617619 -0.37328072911790333 -0.31786671511851805 -0.14998120459024478 -0.07816862364848391 -0.03496631873137628 -0.007436139882097061 0.01539270588344493 0.014503133071571486 0.002067518662357771 0.0017382250195595343 -0.0002738782063110604 0.00006252375895599439 0.000010757884358122715 0.000021291570523057508 0.000013249595672572579 0.000006200560961968268 -9.998478515224647e-7 -0.0000021347182064209744 -0.0000011022576380231497 -7.620113196727332e-7 -3.70684671416677e-7 -1.5183499633419872e-7 -7.113990119052917e-8 -7.860626715555914e-9 -2.7625649912325985e-8 3.653586626435288e-8 1.8246418948722215e-7 2.3940803752207445e-7 7.004275464782709e-7 9.657744402611826e-7 0.000001134924011101622 0.000001341064168674151 0.0000012840164728336932 0.0000011882358218751404 8.818141781578801e-7 5.586382096615481e-7 2.9470106581112014e-7 -1.9883737919899195e-8 5.0711493584558796e-8 1.474571562674666e-7 1.3832122583587277e-7 1.33636134892948e-7 1.46267896991948e-7 1.4583560541605025e-7 2.0826934559449082e-7 2.7361132223574664e-7 2.678013893787997e-7 2.1379823222396328e-7 -3.9517802057333197e-7 -0.0000019239708500459376 -0.0000050028865380865745 -0.000009499377087370508 -0.000014345781845693374 -0.00001817590317962603 -0.0000057953236698341415 0.000014226745659842752 0.00011306599606950458 0.00026063788974530183 0.0006135901429234843 0.000914315064073381 0.0011258689622346842 0.0014742774699797157 0.0018478585342093328 -0.00021849673463030395 0.004146153360365228 0.015639004102009336 0.012407782345930237 0.06387247493730062 0.13688690861208638 0.24153027229941604 0.04127606845876268 0.07717476837337872 -0.9466414211984105 -2.226653930462134 -2.4901609821018713 -2.696922818196138 -2.4495319050305495 -2.681523323302999 -3.7266154399211757 -3.934195578382793 -3.3627183386431803 -2.675072157321811 -1.6346576035980327 0.06121929604216028 1.04496515654627 1.721163552345135 2.206668469652362 2.6285052313977397 2.3212251209290775 2.0643732192396738 1.2551460760451447 0.6073391065019835 0.2950435125176618 0.11297791778373463 0.0379581005276401 0.07108271051952242 0.05825252550905926 0.22591136670024517 0.8281989796511394 1.5493372321897103 2.3886087041792816 1.8487002506948709 2.106907959520793 1.4288914815045506 1.1444545130091035 0.8721477268223851 0.5103625853555492 0.3258590767926314 0.1996609951309234 0.16008155664160897 0.1057868080890062 0.06410435653910587 -0.05910393090245106 -0.0018148271422759408 -0.12201456855846078 0.08172180248432051 0.24793917818335373 0.31273052632360215 0.45643143213666093 0.638370411428382 0.753315300029269 0.8679833820179447 0.7371932944244535 0.14058893884502405 -0.36870413014138503 -0.8641962607840249 -0.978152554437802 -0.9176008207055398 -0.6799885442876878 -0.5803541851757074 -0.4536736699248451 -0.28196349415672084 -0.167825588085168 -0.1173535725215814 -0.05030515123181071 -0.00144611385688047 0.004862578752485647 0.009749823541173507 0.010523737015552629 0.002406139715090688 0.0008630260490475777 -0.000054925767778668435 0.00007140940871322779 0.000021472820633278183 0.00001739100142065666 0.000007831825367250242 -0.0000012747944978252976 -0.000007790075473129968 -0.0000037536419799655374 -0.0000030453168004741896 -0.0000011823131331596657 -4.246933697893802e-7 -3.3519393158278046e-8 -8.344451054275902e-8 2.09425706810727e-8 -2.9869058671856416e-9 -1.8689115475541306e-8 8.74170105460944e-8 1.7981481542994984e-7 2.912292050459121e-7 5.287331762554352e-7 6.788830045083777e-7 7.759129541606798e-7 7.268667179458434e-7 6.555166118083693e-7 5.386065789307524e-7 3.2506894460612287e-7 1.603201157103962e-7 -2.5017642034523615e-8 1.9278222369113543e-8 9.044627681672232e-8 1.0228519190760246e-7 8.948748150898998e-8 1.0172672598285238e-7 1.5158123960762613e-7 2.136242437982693e-7 2.676334226251001e-7 2.375900743837042e-7 1.316517781926146e-7 -2.8965302827161284e-7 -0.000002754554536350024 -0.000005388131239211259 -0.000009845622035950392 -0.000016253909880725646 -0.000017057757021175895 -0.000007304366954374576 -6.37930214329489e-7 0.00012781636905486704 0.0003423940102632486 0.0007470621075561584 0.0011752215882481465 0.0015335122585006472 0.0022094310283998263 0.00030772826198041713 -0.004846115699216406 -0.007051996788984255 -0.025320098963964376 -0.01861206906620258 0.0003454399471400308 0.07603235840126632 0.1708831366157299 0.0658550487131277 -0.7099520088353242 -2.1816541145798127 -3.8323030084667304 -4.223229583360634 -3.518026764421911 -2.8088759529347747 -2.209343163129405 -3.0913132928806366 -3.3204219278926397 -3.325726443016629 -2.8445632106479577 -1.8689111675334507 -0.21380014236781608 0.38376305086463797 0.7703541024722554 1.5692088637772459 2.1858592932949725 1.9581372457332802 1.4120550815363997 1.0799364545853374 0.6394350353901997 0.22367773799791163 0.11487638549102532 0.10719979358040418 0.08437454062954519 0.14759040317310684 0.282785894145011 0.8579400476456851 1.41280148850512 2.2765040387628335 2.1087857929614726 1.9904199246132217 1.9244719920550044 1.2306090383365635 1.060978940284618 0.6704911638105059 0.3763771894895474 0.2936691006472346 0.21200181707954993 0.14434997851908693 0.05690374959591564 -0.035726261595153484 -0.041779648664246945 0.05928642649682567 0.19693181351555117 0.4740618494947769 0.5839486982552695 0.7119620561792532 0.8019790211445791 0.8516466067177493 0.8189379664664223 0.26249337809563894 -0.26307565769498686 -0.835632097161937 -0.8620773900775083 -0.9927615793253675 -1.110726409013745 -0.7294481466686836 -0.5064667352634503 -0.3696018800581365 -0.27325522503937516 -0.1350619776172734 -0.059010199818167276 -0.016159898215664055 0.004244538182148057 0.010854953618551957 0.010946874620390358 0.004570699803241415 0.0011700101164361636 0.0007765574644051378 0.000004164015239594847 -0.00006256704098116573 0.00009049328243651809 0.00001197696055838167 0.000008275826642950083 -0.000009745660180321217 -0.000009891440477819486 -0.000006649956163319322 -0.000003529166053904527 -0.0000018510728560042751 -6.783438416965045e-7 -3.725398598944081e-8 -5.998868956861205e-8 2.514745464602229e-8 1.199369164410692e-8 1.4247423387666188e-9 1.235371815514022e-8 7.5681655608977e-8 9.512748979040357e-8 1.9189565133534867e-7 2.9823762397070273e-7 3.6312317973004714e-7 3.384895702467462e-7 3.2308546160933805e-7 2.1261778910591796e-7 1.172094915228477e-7 -3.597248424836003e-8 -3.137170853012446e-8 3.3534123725319956e-9 3.726365325717568e-8 5.6768533150135124e-8 7.729209541064768e-8 7.438407834357646e-8 1.1033580190100065e-7 1.618254224022561e-7 2.7669440206074646e-7 1.771543203313749e-7 9.982889110303717e-8 -6.808807193931898e-7 -0.0000023381891705012498 -0.000005935422650916245 -0.000011640139840989288 -0.000016949111892077258 -0.000021112614970596853 -0.000015346978522797467 0.000023576549039745314 0.00013066669105708575 0.0003966720784882675 0.0008599123188967435 0.0014900233940551004 0.002512851839199118 0.0007380112726944305 -0.0016408262706936237 -0.0075317333016976925 -0.019926218848946162 -0.05421258929161331 -0.06542732345131941 -0.07460496425542212 -0.015962294370438473 0.021811909001825374 -0.016742583781744112 -0.903351780845941 -2.7917377733338418 -3.7708918894969137 -3.7433555130231864 -2.7855500791973253 -2.1547336778309116 -1.814636341645579 -2.1649670700652583 -2.88580455518182 -3.5846469382593558 -2.1654040802864056 -1.369495484590303 -0.7001393152299331 -0.28926440087134475 -0.00006086379914337775 0.777325449464404 1.323256581648169 1.3134520230791886 1.033910652926802 0.42147748209618385 0.4102657786106736 0.011265407061997594 0.15565322413232646 0.05123043715000822 0.05562929716899467 0.1555946061005123 0.2721291006732992 0.7459652464307303 1.3976565308969566 1.9329998201115173 2.111193920055261 1.9752649355721137 1.5891078366214806 1.6130329727274384 1.2604196018871516 0.6674737709794223 0.345130459460925 0.19440242259129165 0.18660956584472232 0.049262396990155145 -0.10183663506353746 -0.15659351508797972 -0.11595991534064991 0.007542516141231899 0.38778222726654193 0.7995275924427026 1.2403297722942577 0.9547188623057099 0.9060511303503656 0.7689039728281654 0.7450009888824124 -0.1818868014215731 -1.1438919449536349 -1.64604380139937 -1.0601532599998948 -1.062047363236457 -1.0158706972432243 -0.7657822288608217 -0.5202614363302323 -0.35975550885213925 -0.2399288656836096 -0.08544446544394599 -0.03043819539518435 -0.0057513509257520684 0.020818943623785495 0.015225428817449618 0.009665482717791973 0.004620668371574226 0.0018832647261683656 0.0001662020529137642 0.00006948290204660542 0.00008892795476624654 0.00007080624529796034 0.00002310820813841244 0.000007321934183258251 -0.000014435497421694144 -0.000013009802242790853 -0.000008033969763639999 -0.000004368031633824028 -0.000002280159284451713 -7.404039441581659e-7 -8.245458323069424e-8 -4.06147650534447e-8 4.868125730340865e-8 2.6667293506547273e-8 3.891415436639643e-9 -2.0886859252628038e-8 -3.5779462826264124e-8 7.890014757776426e-9 -2.1906518267470603e-9 3.6485837214723505e-8 6.959793423827267e-8 3.202307298928778e-8 -2.7208250807689747e-8 -1.4473186635288506e-8 -2.866995176999311e-8 -4.482020458043252e-8 -1.981993479702091e-8 -9.39247471652672e-10 2.4123670612255063e-9 1.2138223365938593e-8 2.2734766888340378e-8 3.275430890630594e-8 5.322446889499594e-8 1.1717965839070169e-7 1.6546542022249623e-7 3.29133749868966e-7 -7.506450476032617e-8 -5.105193788951359e-7 -0.0000019178782852766462 -0.0000058526090126540566 -0.000012737756910725422 -0.000017966211300851135 -0.000029330125359852272 -0.00000452644312091195 -0.000007453012302218531 0.0001712759623835588 0.00035518910922789046 0.0010941470628744137 0.0019340979866369228 0.002260645588926634 0.0012733171467671745 -0.00133627206400455 -0.010467050188116127 -0.03943452342147883 -0.07732058212859828 -0.13281921546666456 -0.16488707366970265 -0.10653609742978314 0.01298821111175175 0.24830526912826195 0.22784544971711132 -0.31920114651809084 -1.0038617846229423 -1.6642175129945134 -1.5407841028481448 -1.499465601069089 -1.2638008185555232 -1.4220390727344001 -1.4747021000465423 -1.2305624505981085 -0.7471839366721823 -0.3524914476805496 -1.0151480777505821 -1.9844455491899444 -0.9090672018318777 -0.08181314615975162 1.199601731551164 0.7687794980886179 -0.8976954775882847 -3.2227445490053666 -1.2158849566799865 0.1483674214424022 -0.025013580977762802 -0.03302043253577258 0.042007485537184815 0.13712585030159574 0.2551777151061605 0.6780618106574803 0.988487826473526 1.5538394504832387 1.7033364872201777 1.5637434404971207 0.6867782274740699 0.37930303175204655 0.3522804558983258 -0.012352558226052529 -0.42534261405927537 -0.012682219042261161 0.01906281279181945 -0.1753356649952672 -0.34560132466754745 -0.3177474686814151 -0.26591734822226887 0.004766137386965449 0.6603529880595301 1.9530663942697812 2.4200356403531664 1.2586313010858905 0.7823496191444437 0.6979269720927677 0.4060978663677802 -0.5436943603328231 -2.122835978211195 -1.9009012493714248 -1.049283795519378 -0.9350273044685773 -0.8158166485870295 -0.6404719442187953 -0.3846629392735583 -0.31857131391202276 -0.2051634589413658 -0.08708391877860808 -0.029768713192249236 0.011646980090016194 0.026585315957784298 0.01671197696622633 0.011823660089114603 0.006228463256736689 0.00179757609583527 0.0007269189491674666 0.0003173415562302987 0.0000815524895261469 0.0000768100102003632 0.00002916239217079313 -0.0000010749454868037484 -0.00001483981835040049 -0.000013567720263962817 -0.000009492362604323364 -0.000004686870826122638 -0.000002538727373541483 -7.11500811837221e-7 -1.3096119595085825e-7 -3.801385766104044e-8 7.051188741333894e-8 5.890131320952236e-8 1.0877675553233218e-9 -3.666215863603557e-8 -7.122885455563455e-8 -1.1205573461963277e-7 -1.1230179628115088e-7 -1.304223620387543e-7 -1.3184858955984216e-7 -1.3042714375115223e-7 -1.5217456801962723e-7 -1.7547334929970884e-7 -1.1772360639105725e-7 -7.604221239470759e-8 -2.3242373871931355e-8 -1.7399687622985556e-9 -4.532313803566866e-9 -2.953050596955352e-9 2.6327374581891113e-10 2.145969923853536e-8 4.277719542066289e-8 1.0818747755252012e-7 1.54476065555236e-7 3.70002260818924e-7 1.2025910253756267e-7 -7.031006381732263e-7 -0.000001709444868385754 -0.000006304478886597666 -0.000013261420683066902 -0.000018545764248650207 -0.000026954813087598142 -0.00001704872909068417 0.000021596346371726126 0.00014214387057892195 0.00043351671527066995 0.0011301289258559893 0.002391497175227375 0.0025701865781536013 0.002803176105926838 -0.0013131763388414223 -0.012927510125694281 -0.04188646736597607 -0.0808243094299293 -0.18647612610286074 -0.15849538438426336 -0.24713491400371748 0.28542205372387863 0.6383079915129385 1.2232089855266075 1.5478184687778638 1.067983424238562 0.7046494325653712 -0.07305511629579287 -0.3385218552754927 -0.5154628418785565 -0.5230867996771672 -0.5508394532058662 -0.5957798893504219 -0.20908090955066422 -0.29170328284793234 -0.7763758884055055 -1.2505098237858303 -0.7590503991590819 -0.3954711936722376 1.1096858097137658 -0.38106603828746 -3.009415563902206 -3.42000177439419 -1.655685532784939 0.14476956168492497 -0.2932247998813941 -0.03850523956313624 0.02941428571865834 0.09397481320526949 0.1496636088759675 0.3502395685404142 0.7446483943105251 1.225993157706356 1.5488765271834102 1.34676642729488 -0.20142286840608586 -0.5098271136576887 -0.5327901701818631 -0.9765973010606378 -1.3931994375124002 -0.6874651580238355 -0.595957714818505 -0.601806577898364 -0.6459820011781856 -0.49351110238415086 -0.3312778891503062 -0.022478256025282237 0.4850969824812148 1.148557403849033 1.5340629275113913 0.952782950053866 0.7646973522576669 0.567322734982014 0.12317372651649518 -0.94780631289195 -2.743345587339806 -2.144527234838566 -1.2520734549494323 -1.0054840942696972 -0.5904301856001267 -0.6273085165977939 -0.5067084891604808 -0.3912521600189088 -0.25047348699375716 -0.13024354731332005 -0.03791838431702527 0.027391637588618324 0.03250880316844006 0.02155407682863019 0.012924441568587653 0.006966847401024092 0.0024054528730772066 0.0010729615603264925 0.0005581810043769213 0.0000512885482485878 0.0000812535032133468 0.000011877610534936406 -0.00000832098300062277 -0.00001569329401877739 -0.000014916850271180069 -0.000009904448274470738 -0.000005378553962702371 -0.0000023118781686110587 -0.0000010381237576159337 -8.758184389337361e-8 4.561207481841214e-8 7.02651176195878e-8 8.016409675399824e-8 -4.836882627990988e-9 -6.254966846871923e-8 -1.3482373634347666e-7 -1.9368038528643726e-7 -1.7662722455127705e-7 -2.342123129800931e-7 -3.6152571760117577e-7 -2.0507756166101707e-7 -3.2968218917450633e-7 -3.5127213069770357e-7 -2.4492323797487054e-7 -1.9574785719726156e-7 -4.654909675302888e-8 -2.166509464247528e-9 -8.911245642419984e-9 -8.753520628466676e-9 -1.0134768975624084e-8 -2.92360370288169e-9 3.178189807933368e-8 8.541798978593575e-8 1.936737063120427e-7 2.044513980681754e-7 2.1084581918715276e-7 -4.855658793656188e-7 -0.0000020784297528728575 -0.000005739555800751332 -0.000013771611011251885 -0.00002425172729911733 -0.000022836090292301328 -0.000012769305095292945 -0.000014658963702602486 0.00015251891297638702 0.00044953389614265076 0.0009447671266382608 0.002466138150036714 0.003197022514700255 0.004423631076433432 -0.00019421707416726012 -0.009711819068579776 -0.04163239962466929 -0.10489979223502839 -0.15182848711619917 -0.2555809353681981 -0.07003110467806917 0.5309396955300549 1.431546154964187 2.1117616705055546 3.195790191853504 3.167075649457334 2.304050239138259 1.7302601000935682 1.1996165435416164 0.5193504496699579 0.2248431294358117 -0.25436205163652204 -0.6367113717654787 0.1727081070194773 0.15997271086037385 -0.33086808954759483 -0.6212639165961574 -0.6273328733403473 -0.8661729700415756 -1.7631803896848859 -2.3049168880673716 -4.293538773500458 -3.82552359852989 -1.634989230163347 -0.63398213195323 -0.23489925383549648 -0.06418195409975361 -0.07329845273757135 0.007584281496616255 0.05039173058545682 0.133105312848369 0.3982238815211585 0.5908098095901898 1.419230178657964 1.6050912401367303 -0.2872184484202958 -0.796983628753373 -1.2856454740632528 -1.3369223997465658 -0.9699296177207455 -0.7371886095094161 -1.0072862334789447 -1.1389315425998494 -0.9794844240225566 -0.647410307660918 -0.3311836526406771 0.042257786451399645 0.33774235467977887 0.5873501362563993 0.8257866136737451 0.7454379343080714 0.5962050531494546 0.4353314554516947 -0.07217752834806772 -0.2646462033122902 -0.7532860651824576 -0.8331065313038182 -0.6877354818176981 -0.7463467054308363 -0.6706578571492748 -0.742212237388681 -0.5156703761422214 -0.4580023760085421 -0.2877616917759179 0.0010904307649407252 0.04525804338520961 0.007558408427836765 0.024865717752516538 0.015570970972149701 0.013930894254337243 0.008120074478287975 0.0035319030755237507 0.0014012570512885853 0.0005505757388581912 0.00009556948121900626 0.00006442161308934807 0.000005041933373828549 -0.000009674240112544069 -0.000022646142934138107 -0.00001738851152504624 -0.000010394397679186928 -0.000005695260989138153 -0.0000024588187540921217 -0.00000119583977387465 7.560099526363258e-8 6.744941843010765e-8 1.0444471198120067e-7 1.0078769234784505e-7 -3.329791013202083e-9 -1.0854841078405826e-7 -1.8855411508609307e-7 -2.4124608601899366e-7 -2.5535050846696615e-7 -2.6592396605614476e-7 -1.1284665422907382e-7 -4.999792027057353e-7 -8.528011371911244e-7 -3.570773982164354e-7 -1.7083916984342463e-7 -3.274764355435128e-7 -1.6823597678614106e-7 -1.0981066193665086e-9 -1.176236716060262e-8 -1.7444935033303612e-8 -1.2385455211679879e-8 -1.471283600773711e-8 2.677951354007858e-8 7.604361124775761e-8 1.7161486464092845e-7 1.643319657892522e-7 1.6502023385133784e-7 -1.813059827393014e-7 -0.000001092330521098705 -0.000005729389780392178 -0.000013489509846781183 -0.000023280488468834077 -0.00002838542817839171 -0.000012992731326696884 -0.000017131578552216476 0.00005005008447202085 0.0004770099677418152 0.0008068992473570751 0.002214970275550699 0.003710135412353889 0.004855876296914037 0.0026712563854367865 -0.0035584891711896707 -0.03733760870795305 -0.09700850644961935 -0.1638859461290023 -0.3211866993891036 0.004256295323904899 0.5151598215384104 1.2608911963398022 2.281110990609796 2.785612228006401 2.9545932199337948 3.4839890549949635 2.829602401269499 2.4788017191280995 1.9296709226117763 1.1129925910161629 0.2011799873344971 -0.4835938853307103 0.3047082630227916 0.5919806796678848 0.10258709949340628 -0.13702635618896736 -0.23403984054686397 -0.108726656679511 -0.8715770360796301 -1.830686523392467 -3.561257712333871 -3.2529320961414863 -1.7706829852695098 -1.1934437816172505 -0.4128035429121032 -0.043063698950358845 -0.19113208881517046 -0.12836444042001277 -0.12348088861944927 -0.026144641629470253 0.12870310465343227 0.19716746241338087 0.5178553232914135 0.25840560345921537 -0.13265337712244665 -1.0326830403913814 -0.3965301376025656 0.0719771483331933 -0.481519090302489 -0.5243251921885781 -1.0014103004595312 -1.2979794774316544 -1.1084110647308512 -0.47303465939607475 -0.020802010026370082 0.14340906778187926 0.3134505009186876 0.42849967935209776 0.5538805177794762 0.027066249608964484 -0.054297207591359205 0.40968998988301625 0.1761979796824287 -0.05206579220265165 0.48480273358500525 0.2694339254616649 -0.2851072428757515 -0.6257392794245618 -0.5941227771811618 -0.39051056018345875 -0.4798907989636792 -0.5095243331324155 -0.40098293054279205 -0.0762928632451132 -0.022730780311660495 -0.029974321886691357 0.0039441194349276575 0.014843154809535158 0.007677696151894403 0.006746218718845173 0.0027503477436587155 0.0015719369517184804 0.0006728052221557147 0.00020283266377655587 0.000016856496733036525 0.000010910054254377707 -0.00002803198807285704 -0.000026524408353112703 -0.00001819205269154855 -0.000009992297641731371 -0.000005925254866644293 -0.0000024763849318386903 -0.000001195220236363431 6.198525827388079e-8 1.0963245872569314e-7 1.5293178344161314e-7 5.570045864384118e-8 -8.419019453279899e-8 -1.6256638580189855e-7 -4.1435127446850474e-7 -5.306358557635492e-7 -1.2381965880642509e-7 -2.4427994023263327e-9 5.139912086161814e-7 7.071627247406021e-7 1.3067212012725858e-7 -4.3277385838921677e-7 -2.0489907051405022e-7 -3.382741398065458e-7 -2.8395814144828826e-7 -1.5563949696137555e-9 -1.2110709501882928e-8 -2.0763908487452248e-8 -2.0640796367295066e-8 -2.027076706553464e-8 1.0287798266227706e-8 6.500056806913546e-8 1.2911823394874657e-7 2.17020374152079e-7 -3.9671213681083175e-8 -9.525891984758356e-8 -0.0000014740214959542389 -0.000004500689685353915 -0.000011616781909173161 -0.000019300172658296868 -0.00003124580084383801 -0.00001734644226522574 -0.000007265891046371642 0.000046203846112174286 0.0003201416428383598 0.0006742622949001822 0.001621075910478425 0.0029885645844526156 0.004538989737365733 0.004187480144542711 -0.006566856344523641 -0.019456337881243443 -0.06808612227565267 -0.12789341602887788 -0.1713835826966893 -0.07291605654518828 0.28166067784430393 0.8648983145814113 1.6438426398893458 2.6787667910335498 3.0979834305208986 3.3732173810305683 3.8112181975907093 3.8784373481451087 2.8989410075089843 1.8612626510109507 0.9219236704955168 0.585254721544068 0.5269363546723974 0.4900168655160319 0.1972622891085222 0.2646183366089194 0.48949692205542833 0.401864733237603 -0.542951529785547 -1.637208091129415 -1.7101964660345403 -1.6697297642975748 -1.3030217722233408 -0.4334087455319853 -0.404422493013005 -0.26685668707837207 -0.1958034758079864 -0.02700162820682156 -0.281724706441466 -0.2522116120045515 -0.12876367696362823 0.03896167140336503 1.308438900155484 2.733135387671635 1.652519360177108 0.6008607928894276 -0.3253916678568099 1.0803069005126278 2.748999624393911 1.948392077369106 -0.5054500622637208 -0.8811411668609491 -0.9637228967683878 -0.1360885016360891 0.30911199552340984 0.31047399967284034 0.36311094897743174 0.38755118146798545 0.44787172348779497 0.14016794196815113 0.06547925296066667 0.5062468514508968 0.3001592178586275 0.1452004346569607 0.263079195525642 -0.26037976804681984 -0.8020273208227129 -0.6111552776120739 -0.6672069142564582 -0.5308148674859823 -0.5723105216336072 -0.5995009012161955 -0.46658409525267347 -0.2811560869240107 -0.1473403319073171 -0.060072055635410855 -0.023210725856268412 0.0006945626988930888 0.00892817251417126 0.007183935866777382 0.002604393559469543 0.001740071096650986 0.0006879023603862721 0.0003287970661303914 0.00008560820913170968 -0.0000065616508989343 -0.00005034939911681312 -0.00003618618196080329 -0.000021163934216242357 -0.000011497031515774294 -0.000005981790315855298 -0.000002761900906793952 -8.321055711473262e-7 -1.0613583501374802e-7 2.2792290476710379e-7 1.0459678363703103e-7 -5.10754147829927e-8 -1.2623775076852008e-7 -6.662108701305732e-7 -5.014590980284001e-7 3.293634384523632e-7 0.0000011179251617916281 0.0000015225147816946587 0.000002252513982089766 0.000002904330914086895 0.0000026984933775730344 0.0000022994410170130117 -2.0084952362761165e-8 -0.0000010264328880415767 -4.919035353811581e-7 -2.2085023273768744e-9 -1.4388024019480865e-8 -2.110867862409929e-8 -2.5078268114223092e-8 -2.7764470588137625e-8 8.784345137053528e-9 4.613628849181226e-8 1.0480519452349717e-7 1.7418753760397453e-7 -1.7809933583614582e-8 -1.2446095028007578e-7 -8.134991747922543e-7 -0.0000036785396534795983 -0.000009069981906418987 -0.00001530196759682427 -0.000024567304336813167 -0.000021222129678433442 -0.00001928500886543834 0.000023197179383682802 0.00014535479269854013 0.0006261889094240957 0.0012704508367615266 0.0025769696930527364 0.0031183184915642456 0.004873345416728491 0.0010802062927747897 -0.019231884265539567 -0.042772831089837496 -0.0864946654438462 -0.11474754222232203 -0.08903945871658063 -0.009140620554994622 0.48595800688918783 0.9209133393037203 1.5924210730457082 2.326911907109833 3.0466995570804 3.531818442303278 3.6095517843498026 3.2374845190401804 1.5799035462915347 0.658426958525969 0.3353007888845824 0.4856693792683625 0.4790747627503561 0.661276456859864 0.47520575934792325 0.6036423694973582 0.5712002129422711 -0.35213917503186226 -0.5521630842200639 -1.840095149962197 -2.8415603313921176 -0.08869300225772535 -0.5741805809168001 -0.5792694386893276 -0.5734737884081409 -0.2432031886887711 -0.09222243324931598 -0.021486056790667563 -0.7489340241483173 -0.30362728921434295 0.09666021147406591 1.8656423725112208 4.1923533902321175 3.6815549868114945 3.517824959173867 1.4070295853706973 2.951207061405402 5.547673409656587 2.874170177361831 0.4470317408824931 -0.7316181549063494 -0.4896548675455827 -0.16727025358119904 0.17825326763869748 0.3802393441099087 0.34587218254093355 0.37254872787934556 0.47377563870457917 0.5713241896085303 0.517563531017283 0.45151956433684776 0.3174649889894161 0.021733318413237855 -0.7063155150700872 -0.8298763742733514 -0.561267523051681 -0.7258883715508972 -0.6207085767868595 -0.5012424881071569 -0.5298807908066854 -0.4475135183119406 -0.3583600195984553 -0.209012560395322 -0.1415829685953628 -0.07360574119330245 -0.03053569973683588 -0.006408120084495268 0.0061047650116760315 0.00640051387130164 0.003569092343625772 0.0023248961763061185 0.0006870214203403465 0.0003764483954525281 0.00015294437053709267 0.000004440563648672669 -0.00005248770486990092 -0.000039555089398463204 -0.00002337217097976323 -0.00001065869676044756 -0.000005468200333612851 -0.000002443634605726486 -4.727172686027985e-7 8.398900961092718e-8 2.373570958115693e-7 9.838973042279051e-8 -9.173479735439673e-8 -2.7945497654564706e-7 -5.35975403035725e-7 9.561531296342921e-7 0.000001737171879192228 0.0000042507819317098515 0.000008511369399355404 0.000010653559153242745 0.000010537613292633845 0.000008590927664098244 0.0000043116394454560444 0.0000031262938746292943 -6.971219366430829e-7 -7.711231359739479e-7 -2.1462878607941145e-9 -1.4209486410003412e-8 -2.1584854748934463e-8 -2.5009543206223174e-8 -2.8991081523068296e-8 -5.209220169229092e-9 2.7768086063074876e-8 1.2872888516777274e-7 8.210082786184028e-8 1.207715592678974e-7 -2.5634206644263984e-7 -7.205269814302153e-7 -0.0000020632668120706236 -0.0000063818546500954855 -0.000014710871351331634 -0.00001502893130810992 -0.000022994183479652414 -0.000023233311943174666 -0.000003319839619235459 -0.00002038635644483273 0.0004193087169615527 0.0007989021110825427 0.0018952654274733108 0.0039234417778931715 0.0037820072780564195 0.0005743526364084417 -0.005485772685295293 -0.02530034633041857 -0.04896236774766906 -0.09019920722141789 -0.057240912129838395 0.02795814854631675 0.16422434144631212 0.5369391295645096 0.95799788337321 1.4370900861716054 2.226149106213239 2.9707307615007497 3.0322277089623366 2.9731488998036104 1.3560538820148578 0.4801919346969415 0.11569478770522919 0.4080450411663532 0.4097130658414145 0.38853788462704913 0.7867398459121411 0.5880112623014567 0.8145606981227395 0.8211749966608377 0.34163685815979505 -0.6655325473829179 -1.1429010082206876 0.16258624314528736 0.020446311459786298 -0.29100411618940636 0.27920640700143895 1.3509958443334267 2.297528932911673 -0.3208104066996487 -0.8757510318034929 -0.7110050588766007 -0.09127021568917931 0.5206480875655275 2.6666157249908293 5.893034464435662 6.293054880342856 5.163660321013725 4.706511803022043 3.233931805129137 2.839739680301803 1.9631206570683402 0.3205147838993895 -0.12771351198784242 -0.0020335536168556434 0.08178306818492902 0.1890074962450357 0.3191341000576883 0.3265211514251465 0.366921152505581 0.5617901954485874 0.49437902261430133 0.49599386472600115 0.3546701424050987 -0.1679530347767647 -0.5210892120353567 -1.2077156110361216 -0.9612014841359273 -0.8410068627391913 -0.3767564637478453 -0.37871117798201215 -0.3353175402878049 -0.1620254800369664 -0.06199440473040364 -0.09203544984594741 -0.11859056205230561 -0.07058345021338079 -0.02574032684239846 -0.008470933692482436 0.011023276908572863 0.005805699683308009 0.004143216316596641 0.0026378761776333338 0.0010825079190116722 0.00034751620735517624 0.00016900719093746255 -0.00006317121622814972 -0.000041491408561665124 -0.00004384855631904502 -0.000025707854088988586 -0.000013028727415161815 -0.0000036311284896122585 -0.0000021811380588032222 3.9865236571751285e-8 7.29115457637133e-8 3.2170410902193763e-7 9.043929341787433e-8 -7.547485922690441e-8 -4.184313319759694e-7 -1.2057529354299556e-7 0.000001239923497639034 0.0000035968183460245575 0.000011734170142072047 0.000017684270835648978 0.000024054913892365752 0.000023466628288348928 0.000022030669519852198 0.000014097322710466005 0.00000631561363433332 0.0000011421647502342538 -0.0000017271949969015472 -1.3068455641373556e-9 -1.4972370713194306e-8 -1.869184808532453e-8 -2.3044483598595738e-8 -2.1237606884735275e-8 -7.178737569639207e-9 2.362868349980062e-8 1.0605503560258346e-7 8.214448102256981e-8 1.0113461485376877e-7 -1.3802595662943306e-7 -6.312871511592549e-7 -0.00000207942441466442 -0.000003912989236710161 -0.000009049973185726672 -0.000014664618291736725 -0.000015072373225778639 -0.000020918035127505382 0.0000018567745478020689 0.00002976987615225853 0.0001083620767368492 0.0005474975115849136 0.0012514614406489736 0.002582520512151518 0.004813339751127503 0.0025903506234701648 0.00026855692944191653 -0.003488361365147717 -0.0294060259785252 -0.02931215758118702 -0.04975883486831219 0.005137335957713821 0.10866132737078327 0.14776803074971456 0.5664297392575413 0.8618729659870573 1.2928946795058938 1.9726157308670935 1.926270051878429 1.6153038070373942 1.0149787103517172 0.5686295973767802 0.26857782903306 -0.22268520309076648 -0.4499213862625474 -0.25515529038588347 0.7076435383765123 0.8365184012956023 0.7484404653896114 1.1823259881823245 0.9066999386309775 1.3695201526147862 2.1110195683113697 2.371207617592554 0.9740399265288152 0.40588973453825644 0.21837144702918765 0.16685933062686137 0.6493211490461486 -0.8206586186964328 -1.3102513000735236 -0.8703888690123347 -0.3039549355535953 0.349470979048585 2.5526066920098036 4.832196737569219 5.867239053716654 4.729586047420307 3.0640882818684996 2.085215883496645 1.68289804873698 1.2516734962906826 1.0400933154721566 0.8481510113166142 0.04822837558526801 0.05390569041540691 0.08396593175304198 0.01457993596417134 0.09006981772652799 0.24151602846576017 0.31348316907438756 0.48893603606050673 0.32790378106192114 0.3713241150170282 -0.3412692135978593 -0.8347443210407944 -1.014824258031526 -1.1981182659501062 -0.4011557360533078 -0.28239465023290145 -0.2488453771115197 -0.2572253964264885 -0.011819688309869125 0.06599434373047718 -0.05224399180391387 -0.010927702066405408 -0.03939366837422014 -0.027578463111883 -0.001007128129712428 0.00958866426432812 0.0057873007944559745 0.00495497239266693 0.002542510079983659 0.001394726595019543 0.00025000607667854496 0.00016004015090990387 -0.00004036549436971021 -0.00002939954742773149 -0.000055442997480912974 -0.00002777492340666217 -0.00001551021855084884 -0.000003852644826100635 -0.0000018039321206504235 1.728471146327574e-7 3.4996212451651176e-7 2.582818753716092e-7 1.3548714257012982e-7 -1.102460899095957e-7 -2.241708189075768e-7 -4.42613525273781e-8 0.000002999196014973619 0.000008626409393687486 0.000016188444770957997 0.0000274949750422093 0.000040277813069792586 0.000038681949729332915 0.00003482589969335164 0.000023935395062352068 0.000009814810005433686 0.000004067171103723199 -0.0000018774134162531866 -9.149437612603225e-10 -1.0182832408541946e-8 -1.3397675719199336e-8 -1.7490946189582547e-8 -1.7845773582674408e-8 -1.2081084332443106e-9 1.4986375521831204e-8 8.43101011860055e-8 1.4947772128622575e-7 1.5549126824395694e-7 -1.5140878332305875e-7 -2.680039188288538e-7 -0.0000017108092973705464 -0.0000029815115300799894 -0.000006694251011057838 -0.000011241165386966952 -0.00001368907986588085 -0.000016923789713649167 -0.00004530120674012505 0.000015070579389826392 0.00006185720884787163 0.00031559595154129726 0.0008504207239562754 0.0018573332151923553 0.0026428785970740473 0.003853410691051136 0.001695564909547704 -0.004145419077795519 -0.007885454772343545 -0.00756912487126996 -0.007921870537137452 -0.015535000464752747 0.04941108924657115 0.11877756907526761 0.24755509692883418 0.539129523340739 0.6512330062050118 0.888239808732619 1.1975703730067968 1.7626976023240335 0.6767931714417257 0.21800761794958604 -0.11450699223689799 -0.1453767299867904 -0.44492871840900616 -1.083996665403197 0.2026260055727313 1.0245893815579685 1.570072263365661 2.120089867852487 2.272698925518561 2.2370751637558763 2.7945584071236556 3.50898727376317 1.647101549474712 -1.2493831336535461 -0.01576870735432012 -0.7795041249452783 -0.9114111976251995 -1.2872133959019696 -1.1534644528577473 -0.9086878739864546 -0.2711824594491131 -0.023104060263926758 1.178326672063503 3.241099526122844 3.7011963961348293 2.9273542477057024 2.168088244344254 0.9164462531422607 0.30037001691040954 0.5995196423423207 2.111780701217897 1.798150821611566 0.23652603842651368 0.03620342964960474 -0.49929084380403727 -0.6791570012486777 -0.38869707226662586 -0.09026969873722282 0.07893665337448781 0.19949191144504647 0.14893081585174245 0.03131254397002946 -0.1434846367604098 -0.8711871540643877 -1.0251401975189511 -0.920104713820876 -0.3619011824623833 -0.40200643855924006 -0.320245365958313 -0.11163892175324945 -0.014242357640538807 0.10713731641318439 0.0026521959367352115 -0.02264834767090473 -0.013432005651395023 -0.002667260003871837 0.005504207665889455 0.007730010628835622 0.007567181167637527 0.004785516296698445 0.0028362306756348067 0.0010510131862446915 0.0002759297787509242 0.00011816795811091176 -0.000024501489438451663 -0.000058926858085434526 -0.00004324322995844492 -0.000028777272693545854 -0.000016387466623191937 -0.0000027986003912637902 -7.440606983493579e-7 -1.9764787548607938e-7 6.306132876458588e-7 3.3478953744754554e-7 7.758260530624505e-8 -7.704203057426494e-8 -8.29291549997768e-7 8.376419665979543e-7 0.0000031488850203068516 0.00000972512218109218 0.00002190265345754849 0.00003489708105380234 0.00004611280201083448 0.00005408420859597938 0.000042177922888276033 0.00003207948994595621 0.000015050852003040739 0.0000058082928198383435 -9.531478531275516e-7 -6.629873767704878e-10 -6.746910693163649e-9 -9.033463083858296e-9 -9.472003959258658e-9 -1.0105265596318405e-8 2.4562875609793284e-9 1.5442094369614305e-8 7.094669567738524e-8 9.338343892982271e-8 9.681388708843624e-8 -4.9061997466110434e-8 -7.378927410543404e-8 -0.0000010601739971719534 -0.0000013868293597960222 -0.000004927654233346104 -0.000007306910215765188 -0.000011262148619569159 -0.000013842813899063967 -0.000033733315486276945 -0.000024806158559286207 -0.000009580672319586288 0.00011614161320244261 0.0002524087466318619 0.0009324447526073463 0.0017407131960446346 0.002144374434474753 0.0029421438036567366 -0.0004579774817835082 0.0005659766683977436 0.001778997171829829 0.0035593671577222 0.004190593579952709 0.03548031152339213 0.08447973311397552 0.17519617749749877 0.264757047877346 0.3719394732760641 0.36949555663282835 0.3985913324224102 0.3742842910819565 -0.03477307769774345 -0.1706039523732277 -0.41405592371180566 -0.9554645911906254 -0.43516979651499765 0.11411466419354807 0.666395313592059 1.5695334870566149 2.076934948238168 3.7062967975998036 4.104224960899811 4.855546438222665 3.9974461494158104 3.4590480834170703 2.5145658017104755 -0.3716665902928056 -0.007367164528930659 -1.2742920177994446 -1.3657536426189858 -1.3441789439913652 -0.7848722293843895 -0.5023677653158498 -0.4680692113262287 0.3843393126118407 0.716188658624223 1.748101027907008 2.6290016222754415 2.0231562824518483 1.5271123000348417 -0.1029484989342786 -0.19344358238546328 0.18543415154105958 3.660833102113743 2.702931530100833 0.3547495776983028 -0.41858033809273065 -1.159942494675118 -1.0117572965355834 -0.9152192542058768 -0.5672878351329829 -0.2278290144729852 -0.367876724296895 -0.5038447333133957 -0.31717773022431295 -0.48395249906890425 -1.2688878407294915 -1.0792029212576797 -1.0113863687111035 -0.9128377318251003 -0.6336257963461166 -0.659144537325633 -0.5181113199976718 -0.14696992302252432 -0.010551720022767093 -0.05080981781657838 0.009418288663294139 0.004329247078221497 0.007505916043336937 0.007485469936246949 0.011408831550554182 0.00828031712831181 0.005102287776723672 0.0027422699519080076 0.0008278443383250017 0.00036946010824828843 0.00008018597787678305 -0.00007038832780269279 -0.0000719802619524583 -0.00004907161913471239 -0.0000329292165767372 -0.000016513988356046036 -0.000004587921377920333 7.008458150292219e-7 -1.2570914137827235e-9 4.347569060243988e-7 3.008247727505277e-7 7.474057675388435e-8 -1.5187007635157554e-7 -6.496638777739443e-7 9.114829427508943e-7 0.0000033504348048637044 0.000010585945991198573 0.000022229191195846366 0.00003343893675469889 0.000044674255349399075 0.000053631880431717185 0.00004394397829957305 0.000033094782072626744 0.000013309392121134046 0.000004239551248597211 -0.000001761646195294885 -3.0456373952903106e-10 -3.457581637640752e-9 -5.1579696416354355e-9 -5.457287053318773e-9 -4.7092757603326245e-9 5.509831413801011e-9 1.8766115568036667e-8 5.6043560542092326e-8 8.391024726631201e-8 3.4149385364451924e-8 -1.034947556873554e-9 -1.4456362987762786e-7 -4.190747412569221e-7 -0.000001405687047959429 -0.000002408206800685986 -0.0000040865365880642965 -0.000007793419429340736 -0.000011766524495446866 -0.00002066863022689889 -0.00001509877778045741 -0.00001852749108615014 0.00004831278895921974 0.00013052283954046562 0.0001633415507768237 0.0007184893519902403 0.000702296297117026 0.0004242410060775267 0.0003078622102680508 -0.001111354805338115 -0.002642063892984777 0.0019882156622559872 -0.008704075060075788 0.012930537462876358 0.041063535025469146 0.02585069208624244 0.06448938676045224 0.02895736262334755 -0.02659869261062711 -0.16450433748081533 -0.15835073671073233 -0.29194344599668215 -0.3224709910461694 -0.3143318920253791 -0.04845734689730607 0.6095663571235254 1.0121590926323247 1.240171001728775 2.708072530545003 4.711123797609568 5.705632251028311 5.466414852863489 5.799530043982664 6.611716354430163 5.079143589301365 3.257209072676897 0.6720861367560853 -1.2077549871292628 -1.073156859198795 -1.404476123465227 -1.3511604415660166 0.022375559014537423 0.4490607320646124 0.599337181147593 0.4376953392697348 0.6157385252153666 1.3559000632699874 1.6658761637105248 1.5892430154530568 1.8602801286881328 -0.04187080025178422 -1.0031806181090082 0.3561103836963343 1.6896170023599004 2.1320236820798293 0.532012923419017 -0.3329121678948984 -0.7317919483627588 -1.3739061553954475 -1.5944614150446397 -1.4888487773951522 -0.5543157526117175 -0.6319826650196818 -0.1563929220423323 -0.016835882425102144 -0.14979208388525064 -0.875664427831646 -1.3821299805560334 -1.6968511306332166 -1.5217980387082837 -1.522563331212086 -1.376722386478739 -1.038588847307514 -0.6303721379195234 -0.2436677867550155 -0.05009146227283692 -0.04249276979112591 0.007269732038288885 0.007370754388403318 0.014663126977517893 0.013544893399386186 0.009911305162882812 0.005431835235815482 0.0021469677328854278 0.0008441508520234181 0.0002968753258801866 0.00007459807896150332 -0.00006984789015809286 -0.00006484986032815494 -0.0000587115124090365 -0.00003370967959026166 -0.000013024654207031884 -0.000004246133810349062 -7.29277999582926e-7 1.256455423694352e-7 4.791475138967173e-7 3.023503581108108e-7 6.465552883639085e-8 -1.9853598377711955e-7 -2.359122609259082e-7 1.1687917757425892e-7 0.000001541314176161908 0.000007647316266855081 0.00001809281728835404 0.000030447252948352244 0.00003870003278156698 0.00004281928344157336 0.00003164885120766897 0.000025343932988039383 0.000010765022517568611 0.0000029265397959651745 -0.0000014765415231375176 1.0756638917885108e-10 -9.146069480446162e-10 -2.557626401712238e-9 -2.187870348078823e-9 -1.241251606254321e-9 5.252523676519409e-9 1.7026804478808695e-8 4.21086682896018e-8 7.328367521804756e-8 7.399167019231168e-8 3.539963351003856e-9 -1.2679738718700692e-7 -1.401210205675595e-7 -4.875168035202053e-7 -0.0000016578129067917586 -0.0000018684077848627033 -0.000004663533181087703 -0.00000899009320142833 -0.000018404485167298743 -0.000022345175718265358 -0.00003440616659312299 -0.000024126448437076815 0.000012859389883940186 0.00012531280986603644 -0.000020829156700915847 -0.0001299695190754758 -0.00026531677992008785 -0.0008217824515385953 -0.0018726257152613314 -0.0015980923742673929 -0.005960928489699715 -0.008410479365569545 -0.003886464468606802 0.002077356779348946 -0.018290871140544916 -0.07228854520667051 -0.12107768682489956 -0.2728003980432267 -0.26025416617929203 -0.07283510307364012 -0.021216601563271365 0.203613440452776 0.4452930455313421 0.46594824655720696 1.263444461812311 2.3860193107276206 3.2099318418203944 4.04766085040635 4.334290736693997 3.4452186198447645 4.748203041139135 5.01223137651113 6.1020240183876515 4.065291973045032 0.7224675140074164 -1.5027772653394316 -1.7235311320224795 -0.4250685121741335 -1.3074286269333044 -0.9158099686878157 0.46113897300602036 1.264778731165653 1.3901429221026125 1.1313310442636841 1.253687892651059 2.294011190982555 1.960543911461268 2.3165439763852125 2.3843970226807922 1.314575143227641 -0.24292714798579312 -0.333718733885603 0.49178360354532363 2.568066659360661 1.594051202548119 0.5834565582965555 0.24388865834267998 -1.0414609305276323 -1.3585486129315791 -1.689572762167721 -1.0668222488731098 -0.12934484821780975 0.1582607289813322 0.5015552413372412 0.361682933580633 -0.31026629384498067 -0.683968230625835 -1.738590371779022 -1.9412914606597635 -1.7310771959368514 -1.8567875226991266 -1.4709328970263504 -0.7987798046167913 -0.46109853420505886 -0.17562334785797049 -0.06525526578077073 -0.0014129318245140695 0.005797781709451624 0.014453271886425437 0.011376919742038794 0.010043072305072686 0.005223223401097399 0.0023002675992143764 0.0011232075073618873 0.00011408453462114233 0.00001612524292715315 -0.000049806802440171274 -0.00008906199747212407 -0.00005484564188431347 -0.00003257401581509422 -0.000013791290095560447 -0.0000045390731638077 -5.548202162550836e-7 5.269033494811545e-7 2.990590952357449e-7 2.739405568669094e-7 3.128905851917366e-8 -7.075509541596248e-8 -3.3819981959120594e-7 1.743562728902148e-8 1.0360685669266372e-7 0.0000040991169428575075 0.000012295651025388907 0.00001905100675409099 0.000022760948334519686 0.000024902622961623825 0.00002105098846516942 0.000012665003106950503 0.00000682185230323063 0.0000020108175737100012 -0.0000013960308927587769 1.1137574983436925e-10 -4.1767824026677895e-10 -1.2201002438226012e-9 -1.858083175638365e-9 -1.3242289785252264e-10 5.611992617122509e-9 1.2563692987015485e-8 3.217389418232475e-8 5.057631460848704e-8 7.104753284067211e-8 5.586974152954808e-8 9.260812036575866e-9 -1.2798640622660454e-7 -3.2913517007859343e-7 -5.755199594171238e-7 -0.0000011106325811700206 -0.000003432013925496013 -0.000005365406014968925 -0.00001138861378689983 -0.00003083690967542712 -0.000037092440306496724 -0.00006126453260265817 -0.00013247702615356346 -0.00020403188100952526 -0.0001923250837034854 -0.0003060218412601883 -0.0008074697324644106 -0.0014025751911016697 -0.0019141730598081885 -0.0025912142849917946 -0.006502256161829416 -0.01018676079497841 -0.021064717940363006 -0.033111083485131046 -0.08007093882575723 -0.16089009679935515 -0.3094625768713558 -0.40177647908353636 -0.505831618433035 -0.21816352461240476 0.646301329622369 0.8192732761319669 1.2029100256423226 1.3555641485328382 1.8500688113276424 2.818239691040369 4.664299607216332 4.907890818632255 3.536558191305019 3.468388683394891 3.416905861816094 4.109404856031987 3.1020895743665884 1.602025808682136 -1.7818744513379683 -2.2835301195934194 -1.8427543837741251 -1.366546637495933 -1.277747434742414 -0.8548667374053376 0.3102996311885419 1.5667298759757855 2.3033814873628127 1.2477115198701743 0.33003634288150974 1.124754815973656 0.9801947537420893 1.2969645698531422 1.4148563229534874 0.7800136286138394 -0.8213684779728113 -0.33108162755847004 0.3740313254233604 2.586477706485668 3.363318252443247 3.15774746248604 1.8130662667039774 0.17113148324337277 -1.0386889422098804 -1.8240951805884014 -0.5270844437443434 0.7453969858647429 0.7003427889726735 1.534647608261114 1.3319859099362485 0.32327288765489814 -0.7546479700136542 -0.7931620411679345 -0.40228874297348444 -1.6292744272705026 -2.460368995276587 -1.9180280335183029 -1.2154471856048397 -0.5234856277263131 -0.2806105003185107 -0.10686864983967528 -0.03833584001780366 0.00159524139053604 0.01160482385325408 0.008927534804472009 0.009412792173548458 0.005375464591555433 0.0024128802061977326 0.001053893934977787 0.00035644767750802405 -0.00009497769650819007 -0.0000549431232693844 -0.00006856890938645742 -0.00005011776624474089 -0.000031073111878587787 -0.0000129670923190743 -0.00000351567238093046 -6.926302499931466e-7 3.806540370509854e-7 3.4047612564289654e-7 2.4152916600920403e-7 7.231036398773402e-8 -6.846810973506608e-8 -2.0681326128040396e-7 5.3917913363393574e-8 1.53423612295143e-7 9.2366028261393e-7 0.000003490926069097076 0.000007617235388030256 0.000011447653185184272 0.000012792856738258078 0.000010140900941511144 0.000005877448464092387 0.000004506084443497134 -8.637526267385836e-8 -0.0000012881976604292858 -1.4473207239430455e-10 -4.1506494054635413e-10 -1.0914308135053978e-10 -8.273975255915186e-10 -4.047196134821404e-11 3.225444147092189e-9 9.07490504717293e-9 2.293544699242248e-8 3.744840737672281e-8 5.6474609473207654e-8 5.3798397133620044e-8 6.276458411366266e-8 -6.356161790745828e-8 -1.0389316865091817e-7 -3.508712459168272e-7 -1.4586019183657258e-7 -0.0000016139879470246266 -0.000004929991343263001 -0.000008679991419052033 -0.000018243658863245688 -0.00003537690770851231 -0.00005055004143278778 -0.00006644790454964558 -0.00007098513462803536 -0.00011867221763132438 -0.00020946306705497112 -0.0004441149358952927 -0.00041340491591720577 -0.0008079261695456794 -0.0014975381217170861 -0.004900703932496704 -0.01455142272561839 -0.032638350532288314 -0.04301009192454994 -0.11423384534690287 -0.19149985312065232 -0.36950007239473853 -0.5653537423061439 -0.6781161035044193 -0.08626377299488222 0.7829507523188314 1.6705717564451612 2.0716909373456374 2.13561718646066 2.288365966467248 2.8167093457488837 3.4030786342146615 2.9164380488801225 2.207875956205903 0.8677682660968566 0.7186189227728421 0.19022088024579226 -0.958604031156653 -1.5163116090717357 -3.0018131880005323 -2.5137362571676958 -1.307013018200362 -0.7756812656802469 -0.34699904855050445 -0.22531825555844726 0.4025813718112742 1.4061805402493646 1.4242420790340675 0.9358499660441396 0.8315320057811881 0.7012278552122062 0.4645920907779701 0.3896411324032705 0.343435541331255 0.17043054338461547 -3.1127559972692525 -4.199808440749565 -1.9562972088247381 2.08787204151113 3.813643245450411 3.521653444762458 2.9307019683732416 0.965429926356717 -1.40840150602911 -2.4074601340470654 -1.3546652476494816 0.4043466260142531 2.592840611342604 3.5295078931306767 2.3938621933203286 1.298495042877236 0.17966224464469824 -0.5811582758551206 -0.8350543476003577 -1.4911532546550268 -2.6876826955313526 -2.113319201486198 -1.012680773375092 -0.5987065409326409 -0.26595220146701726 -0.13857778961668385 -0.0665574643874645 -0.017405543530681616 0.005263563691605733 0.006939645959536197 0.00718709703431885 0.0045542163207672615 0.002308600829673522 0.000879733919163809 0.00034013347342119234 -0.00005452096896203727 -0.00005147605094200373 -0.00006657377751905015 -0.000047712553967566474 -0.000025193502443129817 -0.000013606876102438944 -0.000002384312478650444 2.166314178310155e-7 -9.029549460735531e-8 4.5963021780408535e-7 1.995601121404189e-7 8.384253445229623e-8 -5.6418744344784604e-8 -1.8203752638230534e-7 -2.3686800420401036e-7 5.149962193551851e-8 6.371286740874651e-7 7.707558369206407e-7 8.425312100486493e-7 0.000004650818311659542 0.000005254592589263907 0.0000024306282329903945 0.000002442264784947534 0.0000016678994820766338 -9.352752524692685e-7 -9.581691466841192e-7 -1.5707902024119658e-10 1.5233242627781675e-11 7.658879990386155e-10 2.5982074307723164e-9 4.2304014393597345e-9 5.028815140086184e-9 8.915415896029291e-9 1.4534533959605407e-8 2.796633653873511e-8 4.5266147687550706e-8 5.549721807927948e-8 5.982452822008827e-8 4.9984494271787094e-9 7.096358304792436e-9 -2.0038814209760392e-7 -5.667724864767124e-7 -0.000001429405894664878 -0.0000032917116811953238 -0.00000828177289857639 -0.000018318715455341662 -0.00002491678808458931 -0.000019156050395215288 -0.00000563173506876455 0.000046490951643992514 0.00009060953550151925 0.00010618795564823227 0.0005720698770849262 0.0010099287487607227 0.0017445555147824587 0.0019002708014422558 -0.004083903176335273 -0.01939125313106069 -0.02961433680234966 -0.0668049561272019 -0.15898989804307748 -0.2761674271935529 -0.4677247698725689 -0.5849276544654217 -0.5880865142648647 -0.7013485475639549 0.09622096536307409 1.8557456446102418 2.4018646527174954 2.377786707088408 2.7776938056430174 3.55437836449038 2.9727378667997244 2.363654237351324 0.6947629555358859 -1.432848078585898 -2.3551338200982452 -3.260544584753349 -2.821478976626114 -3.6030041373652257 -3.6513633186115255 -2.4010651821822036 -1.0021102961839556 -0.5410162245000099 -0.04854947066833525 0.47406129407344055 0.33780164252338063 0.8033407619752927 1.8587951510358047 1.610382492115606 1.1164447704721399 0.7006853977123358 0.33262109777384274 0.10353366706419986 -0.2755181101364458 -1.363981107190694 -3.3794963843120223 -4.022711908924053 -1.7423740786513162 0.37120434901206684 1.7854228935414533 2.0903251768717666 -1.6565126546558773 -1.6300469614036448 -2.4578173089363755 -2.3384890578782898 -1.055513891417181 0.944191665731222 3.8163037154282637 4.97011203632995 3.732460738785327 2.3057229306046003 0.8698234735274579 -0.1376120597656886 -0.7459030198545281 -1.345641986187018 -1.6401135115450636 -1.356016735783512 -0.935267078198777 -0.566900126227192 -0.37668864623089465 -0.19271975516001003 -0.09106423806797805 -0.016865502136005413 -0.002393325067337942 0.00511435329851161 0.005609807932051222 0.003871367261096445 0.002121085006775507 0.0006697469686953034 0.0002524974158334769 -0.000014173115639350192 -0.000024027635773658355 -0.00006069674029589914 -0.00004148916602844361 -0.000018920468282705447 -0.000011040712439541882 -0.0000016991243018006275 -3.34347090529925e-7 8.511711060835221e-8 4.3523136687580374e-7 1.8798202324869157e-7 9.561545715304808e-8 -1.612083730944599e-8 -1.4621553080922352e-7 -3.435479545391693e-7 -5.284352865871183e-7 -4.1872435085320134e-7 1.7089587520285507e-7 2.3900595217378496e-7 -3.755922430012265e-7 1.8356567038328262e-9 9.91323457146464e-9 -1.3918630134111435e-7 -6.364438374834416e-7 -5.252522446518834e-7 -5.657543782799207e-7 -2.6709760560585884e-10 1.447447247717605e-9 3.6486545326659224e-9 5.486084401504152e-9 6.408625750246532e-9 8.081034580333424e-9 9.7113233024273e-9 1.5653099531454454e-8 2.682659200094939e-8 3.6207131499868136e-8 5.3077027442301876e-8 7.133519623274523e-8 2.0201857013558826e-8 6.720716368730283e-8 -2.3024667722794192e-7 -7.421343933100755e-7 -0.0000015723602599770878 -0.000002568654041128899 -0.000007781465350472834 -0.000013409126835915729 -0.00003158002700469618 -0.0000059801217191063105 0.00004471070128789776 0.00007451514443530451 0.0004127274865214836 0.001031017813663341 0.0022422891026737963 0.0025200046879482224 0.005636961133795772 0.0019531440532850586 -0.003949834688729827 -0.018670542942052663 -0.0478728131207597 -0.08729013354764395 -0.18518278399443616 -0.31914465809544706 -0.3879554822059248 -0.4543498998428601 -0.3036324441224961 0.019803380026520767 0.7498659180728136 2.07113782292102 2.6399923997606565 2.558623332107969 2.7007902206775496 3.0104619710292164 1.6442004630857132 0.7683261334429862 -0.5553481849721156 -2.320838352463929 -4.864253360020636 -5.198102630396915 -5.631440830916986 -4.461285955567335 -3.1941947480176567 -2.0568234922390682 -1.4014315958260177 -0.2921266529570058 0.2123191224753149 0.6116054792340347 0.8460447009183713 0.5749435028719722 -0.03692923511429999 1.4970032846476393 1.431679345968939 1.4850358686271432 0.587283465439044 -0.7268490638681793 -0.7187930439222061 -1.945990000268188 -2.6035102934534806 -2.120848544094989 -1.3648941458634076 0.140874477428 -0.1497815512002969 0.06707122541050811 -2.9818348807954878 -5.394420507196062 -3.275048554467539 -2.9113641681215463 -1.4934689416861855 0.9303489948356656 3.1005516086340337 4.43640848356069 4.238727312198424 2.347667044406775 0.9313404843633046 0.18908508872316718 -0.22833565237000109 -0.49713960486184666 -0.8534103442392644 -0.8945912067200883 -0.7352708657301669 -0.6585717630504078 -0.40907566792001415 -0.21763403155258887 -0.09435054732483196 -0.03687233368116277 -0.007368087794266222 0.010624726177412386 0.004031897685708455 0.0031706823890382436 0.0015486732792740787 0.000679163819710047 0.00025712192084935946 0.00005517934844300729 -0.000028484911230939964 -0.000048796399936060796 -0.00003397347621653455 -0.00001902875968416666 -0.000007708234967987202 -0.0000029681993181694486 -6.722863417198391e-7 6.632380532019631e-7 2.830625665671089e-7 1.6252238501850248e-7 1.2298046887119857e-7 -2.749514755281139e-10 -1.4092723371424224e-7 -2.801861939749939e-7 -3.9531382723086976e-7 -5.341756863551973e-7 -6.484866941095249e-7 -3.121238251085876e-7 -3.003006226148367e-7 -9.054098643845034e-7 -6.004406163941136e-7 -0.0000011280063174510363 -6.335231338868212e-7 -4.803023076297829e-7 -3.1004775219571067e-7 1.5163935125040768e-10 4.397213708319312e-9 7.980836524964784e-9 1.046075383209609e-8 1.4087250347495471e-8 1.680964365950838e-8 1.8294124838531957e-8 1.7675990629688074e-8 2.3440022772565643e-8 3.445401763124054e-8 5.659293480524096e-8 6.52773007676745e-8 5.2783681088395616e-8 -4.590067379213572e-8 -2.66983905699556e-7 -7.660115112456933e-7 -0.0000012028504194925172 -0.000004377885159110535 -0.00000969234929946087 -0.000024955685238989666 -0.000032720490179240505 0.000020469928284516326 0.000013278914488226116 0.00017061743735664566 0.0005458982566641193 0.0015427602950521583 0.002944396399841483 0.004930519424929197 0.005803408428309193 0.004341545129466729 0.0009026253046158137 -0.02551668023394867 -0.06943903712227065 -0.11232614651407849 -0.23736742479343606 -0.35455336441828145 -0.3080977246554611 -0.2636654185502736 -0.005400813664210783 0.43411148489339935 1.660922591222861 3.011787588179021 3.299741296831616 3.3115052785663246 4.554631879463002 2.8273531450531637 1.16110781444656 -0.7398429295507651 -1.5473299921773447 -2.9407860930287604 -4.6423883142899385 -4.835638244017689 -4.344127210314219 -3.7510811161523834 -3.296048672926593 -2.2618705566732875 -1.3950715540243512 -0.5976015195639066 0.13010819242211424 0.862138254049164 1.4171850511824093 1.6746947556488405 0.7196452940345821 0.8655898185553664 0.9251511248185709 0.9454132269620321 0.30222895926495613 -0.9236479203328989 -1.1971698351173197 -1.3119541819844673 -0.5572132494336555 -0.9770684558125293 -0.6595789101047391 0.8251496109484219 0.6558211290720315 -0.2066338732642351 -2.496585416909127 -3.6903387481733905 -4.012158143882606 -3.2067525587726764 -0.9732718265094529 1.6156450420996404 2.274496415979471 2.944144442633004 4.046841379854748 2.569232911436686 1.3035164006483098 0.44847408240427905 -0.0205983509529148 -0.19251483186392981 -0.7166231357894 -1.1266469789069602 -1.191016932973905 -0.787220264908493 -0.4946728116476156 -0.2527663160913974 -0.09574678637014368 -0.02168895643957417 0.001989723291679314 0.0023819181947563805 0.005234731195583882 0.0024618453873374692 0.001584357259079979 0.0006104388567910061 0.00025193559210578807 0.000020728742743309665 -0.000029971371117737627 -0.000043122452884234446 -0.000029905098258087474 -0.000015504987126508127 -0.000007023241364455475 -0.0000031042406168249616 -2.406629109187813e-7 5.181139481248495e-7 3.007642172258679e-7 1.8116133564898544e-7 1.0797132480041737e-7 1.906072089590349e-8 -1.108304778405891e-7 -2.435757025650049e-7 -3.5961829391969804e-7 -4.2812148204140824e-7 -3.876948116777867e-7 -4.7152044980890404e-7 -5.035042726950578e-7 -4.73158635777078e-7 -5.838145195681205e-7 -4.2219756200411717e-7 -3.154971869665068e-7 -2.8990158013231743e-7 -1.3880060662884168e-7 1.0452172911227047e-9 6.274464493498202e-9 8.756859729047872e-9 1.1201138513768934e-8 1.5925913110331976e-8 1.985377814745872e-8 2.2639204056822054e-8 2.15462742627621e-8 2.460143542806616e-8 3.537923110991883e-8 5.4184037193232494e-8 7.85528510223338e-8 7.79675332205612e-8 -7.270914955429095e-8 -2.1916228910891163e-7 -9.869470406591972e-7 -0.000001304551624450448 -0.000004923686904566703 -0.000011542161884877323 -0.00002358152410136266 -0.00002224290869851611 -0.000031957579660407563 0.000010920591639127366 0.000335027554583028 0.0007915034360389721 0.0019510997800190474 0.0034187258171780193 0.00647374800734818 0.006956220203331582 0.0068822305532611405 0.0020125007035693026 -0.0438763356196634 -0.0752308293572047 -0.1696059170918951 -0.27484021211565735 -0.39753118193897474 -0.31504809082830787 -0.11536220181847112 0.3846121330586811 0.8815262109367438 2.311928918181293 3.9727458811012646 3.8456879027701394 4.284813872044201 5.621531519484581 2.531855678671745 1.3136539506263931 -1.084002739526477 -1.3536239355744053 -2.684252867738341 -3.4893298980243084 -3.4567170101544993 -3.2975776710067946 -2.961131248554815 -1.496473783210342 -2.3932960693986645 -1.8070956327206686 -1.0352569280895019 -0.23182094518099294 1.1135986566532123 1.659829779554438 2.244316254316094 1.411707333594941 0.6251480132245141 0.10434583987323234 0.55174819089731 0.19354798249327254 -1.488862130832472 -2.0146935475818513 -1.8377441008628836 -0.29755980165623813 0.5908756747194789 -0.1961403321640684 -0.26718898667509056 0.39042219520957405 -0.3924865163233671 -2.074256039266303 -2.886867407136168 -3.0513950323772834 -3.449183346640947 1.5463045325385039 2.3008339719864264 3.0231380214231267 2.0827572539990844 2.6818741066810605 2.799973279362751 1.7803697382803187 0.780067031344682 0.2785385040476976 -0.1539644191649263 -0.7866738911659994 -1.429278467673213 -1.409774629600692 -0.8237828637926363 -0.4706225301032033 -0.18739790468870793 -0.052419932025065764 0.008180900452313561 0.005723311994432319 0.007062401048726021 0.00556076397484245 0.002194792942610727 0.0012945534017001355 0.0005070960305558458 0.00019701384350466128 -0.000028366000787212024 -0.000055145456766556884 -0.000035324339486652734 -0.000025517070892716986 -0.00001410647341053026 -0.000006797007225945296 -0.0000024473673525519307 1.843196617274244e-7 3.732660022646613e-7 3.688963145657363e-7 1.4555724709003318e-7 7.54900755953789e-8 -2.566163759115868e-8 -1.1620377871789738e-7 -2.1411139093172535e-7 -2.849754819534755e-7 -2.4199007333860715e-7 -2.5048822848798287e-7 -3.310719032376507e-7 -8.60951634229961e-8 -1.039660276809581e-7 -1.8786422910758004e-7 -2.801898975957017e-7 -3.250326099929403e-7 -2.7341795312158185e-7 -1.1097473164856773e-7 6.79926850815592e-10 2.8746294458781543e-9 3.1118816609542047e-9 6.60808208222081e-9 1.1724583434999177e-8 1.2902791811126739e-8 1.9119384500200984e-8 2.5690648894872748e-8 2.42585582780454e-8 3.440949332834822e-8 4.848413529720238e-8 9.204577073627501e-8 5.442230638142205e-8 -4.0645608311085396e-8 -3.8938394682948653e-7 -8.178570014606216e-7 -0.0000014700756651452185 -0.000005262756442382754 -0.00001716786485322177 -0.000027892816898422177 -0.00003371026419953746 -0.00001623656413822933 0.00009572368903646457 0.000255782792231829 0.0010047957905866742 0.002291108780536865 0.004129043375813211 0.0067816116145614 0.008457141176191571 0.006435527206043037 -0.005095254365845453 -0.0413347134487003 -0.1268281490393537 -0.223033333969737 -0.3574739790458657 -0.40847121949773435 -0.4461261927911897 0.13531435889175514 0.4463582397010775 1.3378411619478303 2.10507097135622 3.5884867584302986 3.7805615484572943 4.536876047156959 4.393252173092131 2.4199803648364657 1.4397515621727792 -0.6811314198116623 -1.514820691662512 -2.7277059066081355 -3.6796448239111537 -3.9072320703236403 -3.0606224777041318 -2.4552914215556636 -0.4468775482882916 -1.588246449500223 -2.1647941312622647 -1.4365225561670898 -0.8239131337378967 0.061950298683978874 0.46109394887543775 0.7818543618460843 0.46441312386051425 0.13476889678674378 -0.5318721110610478 -0.4203184201995231 -0.24704425127041507 -1.8514251604957173 -3.003113747958952 -1.7348281684718105 -0.05344980429334001 6.1677564159740825 2.3408441120591132 -0.36935019566929395 -0.5156892702811144 -1.1195262981920693 -1.916051097068229 -2.07656293246457 -0.6902995906500629 3.0928815116936264 2.160376000202294 1.2299306864453887 1.985392204279372 2.0712327754672244 2.391749388514564 2.3425637986676633 1.6334396763121726 1.275337129452886 0.7036641672718058 0.4421504700123206 -0.10799584589768146 -0.581607544505826 -0.643429365099879 -0.516202041455268 -0.2628606487273869 -0.14883100743931632 0.003020415067911864 0.018337664144151382 0.006393875953583907 0.00518379175060141 0.002582683136554734 0.0017676791949233165 0.0010369273884422525 0.0004902441359055727 0.0000882085727522146 0.000008531503310498056 -0.0000641664919437388 -0.000032827395042799955 -0.000024224716562491686 -0.000013068690809759649 -0.000005166820884054269 -0.0000018321157439616518 -2.1323467713098918e-8 5.96171782764636e-7 2.348580680715256e-7 1.3600458170382807e-7 2.3662401481060887e-8 -7.392805079787376e-8 -1.667009069415686e-7 -2.5058085633482513e-7 -1.284840919336799e-7 -1.9461934559341065e-7 1.3082572424641995e-7 5.135908665500871e-7 2.465846042078326e-7 3.669099688850512e-7 2.4665476391232936e-7 2.353203153977016e-7 -1.6959207733111647e-7 -2.978620993617707e-7 -1.3177708580116928e-7 6.817779002562019e-10 -3.4122752831178247e-9 -9.69895391343934e-9 -1.5650932978778672e-8 -2.3160921748763956e-8 -9.730570009885607e-9 1.968142103103187e-9 2.336045746146989e-8 2.8916886380125974e-8 3.71001974952326e-8 5.146855412684649e-8 6.533262454275066e-8 9.755231805319691e-8 -6.372039731320647e-8 -2.344540980719797e-7 -2.2276609687850803e-7 -0.0000018889384890080775 -0.000006622909544835257 -0.00001885463809646797 -0.00002688365313236598 -0.000041943953080391424 -0.000040438226664155084 0.00007685812820306131 0.00034632983828602765 0.0010399456110591278 0.002569512651566733 0.00432245337155118 0.00885933726371195 0.005530424662358016 0.008752343438803937 -0.010932166768202932 -0.07358416664018202 -0.15874862849397456 -0.25927621322068534 -0.4306252167861997 -0.5155060498385561 -0.541381499346234 -0.11695285037563699 0.43274602670223167 1.0987604083862836 2.0455583069580365 3.3758241340906783 3.7645688708960656 4.178688682570947 3.701270718366069 3.0220329919076065 1.8594169354271053 0.8791882651535566 -0.7169424692048517 -2.406662507327363 -3.9079092603888514 -3.0335583425128236 -2.3093651155169903 -2.7600138855961065 -2.2613504956588906 -2.457382327545185 -2.4090684710365524 -1.831414685813846 -1.0238268562030688 -0.5103007620904491 -0.3140077679310623 -0.4305845439508903 0.3533313604740091 -0.48396404383970953 -0.6920256062432957 -0.8634143433331614 -0.9793575090232112 -1.0166725632680085 -2.394010982635786 -0.6948532190391248 -3.076921704384347 1.1613658607546775 0.48037522108222724 0.003451705431474371 -0.18286452592269112 -0.4077091860079016 -0.7912615265803432 -0.4470238456753603 -0.6204589200921155 1.8165067112433353 2.1316952048319564 1.8160859585264388 0.9195662606249907 0.9583647947181579 1.6981228799899897 1.886765082473447 1.287690828856863 1.1442487275471052 1.2311759910466742 0.9856576542875375 0.6310860568301357 0.2503717607768809 0.06864079755359492 -0.08500265275133946 -0.028524479544730044 0.07853990863340721 0.044232456963562324 0.019146409018293266 0.012622200563172354 0.003008727979869145 0.0030484002802238846 0.0013789856579277773 0.0008701326977592731 0.0003766314325035596 0.00007583147878103679 -0.000003545796008620467 -0.00006324548817641763 -0.000023832222333826566 -0.000024444002752231787 -0.00001136742194812525 -0.000003757955519868855 -0.0000010138361993810213 2.694599149954455e-7 5.675860629076134e-7 3.040371072924196e-7 1.4934669039057593e-7 -4.3667222127366466e-8 -1.5116339546455066e-7 -2.1727633628189277e-7 -1.1610141948555884e-7 1.1301148076735921e-7 3.5960746830957424e-7 0.0000016059068555774185 0.0000018743804875218674 0.0000021006848658264137 0.000002012519275589746 0.0000014117548132466694 6.739947127589111e-7 5.064828320781654e-7 -7.384402694137139e-8 -1.541470201080842e-7 1.842104685338833e-9 -1.4561579175654357e-8 -3.44811437214842e-8 -5.816686711675502e-8 -6.1130517502569e-8 -4.7513817726229164e-8 -2.7312516629914377e-8 -1.0488796180904072e-9 1.989256074871248e-8 3.625971461489726e-8 5.841187920733444e-8 8.664284052840867e-8 7.2823242731723e-8 5.237587289911063e-8 -2.8450809160792016e-7 -1.920492720468168e-7 -0.0000023515866882384216 -0.000006221560190022174 -0.000015436050259994974 -0.000030493432787025582 -0.00004361506741729724 -0.00010157751940761096 0.000059031845293760075 0.00039408333608608316 0.0010337480105523018 0.002545061871199641 0.0050080239405479714 0.00945014369137685 0.0045827878559663695 0.008788497418143583 -0.023380204039573617 -0.08366462809103786 -0.16901143238918806 -0.2952040280404053 -0.4493207185160311 -0.6422659254382385 -0.6418493574891715 -0.3422564259300933 0.04312029432788095 1.0247437150816372 2.094002165278192 2.9772993848975395 3.193670985519911 3.5179756985254214 4.1799867321281985 3.5009476159653463 2.501194217084501 1.6019401373510471 0.14246406796070313 -1.5540103801225869 -3.7874285548732227 -3.990012501675384 -3.643569412265507 -2.811807373596038 -2.3949851678823713 -2.136745740999533 -2.0413970694332533 -1.0309459179907647 -0.7585568324225039 -0.44725292676575185 -0.7920309382318349 -1.257006615690586 -0.1179985856533628 -0.08996277315328746 -0.41099153548085277 -0.8704702159423162 -0.919478293157346 -0.5010872824224258 -0.12396892491798531 -0.09694833672530274 -0.26825302068968643 -0.2159108787568246 -0.15575982887440912 0.15881661400963773 0.5008161584887777 0.6051074541432998 0.3704725645158576 0.5615347417596368 1.5486503010318335 1.6552116599195608 1.370718432828749 1.0688220276071674 0.5030065301088151 0.45128672155832183 0.9340326976746702 0.8589685268128007 0.6638583312632326 0.9591289681894284 1.2427931976178095 1.4931606354388076 1.4396976558439882 0.9209156657742851 0.7849446095972434 0.4761939307309496 0.24956556025487717 0.12321305032804952 0.06314443450892827 0.03418810659386789 0.00575370533039451 0.0031299890891280397 -0.0002512598875302013 0.0008723752344327221 0.0005798816931132643 0.0003643800262466201 0.00013820832847267122 0.00004137034330182853 -0.00005427812437137892 -0.00002142653382062428 -0.00001720525997934802 -0.000009528187797427441 -0.0000030655770173531897 2.6295748920585565e-7 2.420286287050423e-7 6.320397682047694e-7 2.4619022513793765e-7 8.09519646772476e-8 -1.276263426537407e-7 -3.004791443789377e-7 -9.717378886681738e-8 -2.566060543358792e-7 7.168348088586229e-7 0.0000020273198899244036 0.000003175638583234317 0.00000441004688657826 0.000004628524556920583 0.000005625399207292745 0.00000473689923225944 0.0000031966214021186464 0.000001771970572866026 6.982128008420478e-7 -2.358758244706027e-7 4.492696788327133e-10 -2.359147455766366e-8 -4.477883987045472e-8 -8.385309617152031e-8 -1.1257764703310339e-7 -9.600698294418677e-8 -4.895983184833636e-8 -2.179756394802272e-8 3.624315130864834e-9 2.7793159308675218e-8 4.615378402032121e-8 9.583876667629718e-8 1.205504287150337e-7 3.00639906862983e-8 -2.1303736935756344e-7 -4.5785470945591784e-7 -0.0000029282914238144056 -0.0000057886188128782495 -0.000014705029296424625 -0.000027366658568400326 -0.00005521375309172556 -0.00006151514656116576 0.000007010103529570036 0.0003412695910954693 0.0010515140461305138 0.002486090927450904 0.005313872113745542 0.007225320205052848 0.004661880505499921 0.006642311611105801 -0.0346930898540225 -0.07907786788931791 -0.1735360424299326 -0.2959189589477446 -0.44529772671024087 -0.6959720453791794 -0.8735188784459439 -0.5301523580615048 -0.004400812906275118 0.83765434263568 2.2703642309819654 2.2217650599017498 2.51483030852909 3.0812544419306023 3.7180282658626043 3.500018335212867 2.786009038809639 1.3175207269894766 0.5919594903649401 -0.43309764827121927 -1.3162228679199628 -2.2646718596618483 -2.0904668268051183 -1.6520333799979383 -1.0334574361235718 -0.08685808406473003 0.205335322376121 0.14997663414780163 0.5969938624141052 0.7254217295430985 0.26393271724880096 -0.9452782433294408 -0.7721249428304096 0.011961703997202311 -0.3701787608291083 -0.6719238387290374 -0.5075498694304956 -0.15947710955300604 0.7400889112825911 0.37489326347005675 0.3073683711060342 -0.34187194096099316 0.2982333439560987 1.228131189835789 1.3780531654846822 1.60041542207349 1.8764743135600235 1.847605106385988 2.4179478289704117 2.8135299555833533 1.9877578132429414 0.8370069671286131 0.27577763694839547 0.05674645619235663 -0.05868011993170534 -0.026848175375353306 0.22307757291959102 0.4644975737389791 0.6496633828811667 1.0035535969031788 1.5054408669474888 1.7892410567357615 0.9976410067262201 0.5632730228280165 0.3390915529507116 0.15564636080086328 0.055732563453489016 0.010418486024447858 -0.005021741691177366 0.0023055263814962443 -0.0017694637100003098 0.0006282631688417195 0.0007006711069386242 0.0004309735221529615 0.0002212635421915996 0.00006701475731498243 -0.000028462157186040096 -0.000017541419004332702 -0.000012595923926221375 -0.000007731613899374253 -0.0000011360108132819624 9.456010864420402e-7 4.527418397421806e-7 5.661420011212597e-7 2.1116004294224055e-7 6.993769782773489e-8 -1.6331688245040683e-7 -2.4620844185490277e-7 -3.404534301449808e-7 1.0786824768044667e-7 0.0000015503728513313556 0.000003815604785025747 0.0000054384573196731 0.000009274562166967955 0.000010224306150408414 0.000011449975309866245 0.000008965199743997899 0.0000074019767537851355 0.000004198599063948756 0.0000017789629595160879 -3.421919074440582e-7 2.5847354701522395e-11 -3.8116235162563325e-8 -6.965651353695358e-8 -1.036294837962515e-7 -1.1580726684518738e-7 -1.0610170309099695e-7 -8.6408094054997e-8 -3.097517441213641e-8 -3.746893520312587e-9 2.0980391164133676e-8 4.7606088043111923e-8 1.024288405898145e-7 1.5873999204951612e-7 1.0975636301127173e-9 -1.5792400982306595e-7 -9.518694473864992e-7 -0.0000014230204256400959 -0.000007280570922079413 -0.000014543274781063759 -0.00002824981072981433 -0.0000608583186058188 -0.000026156692787660547 -0.00004219068714019234 0.00023369865638828223 0.0011603912437113772 0.0022094989025773478 0.004817874731560391 0.006606851599757983 0.006233677518503773 -0.00048409399165707666 -0.031456511077088564 -0.07873542853690386 -0.15489996932410532 -0.2433822792485588 -0.35671651877318944 -0.49012594109389906 -0.6617334874502584 -0.22062954464387585 0.23124090211730072 0.578878487305431 1.2708586543831766 1.6233620531273683 2.0339602550930307 2.682948836484858 3.061086075148483 3.1910970319008563 3.12918972095505 2.1960884286017266 1.4736138104298728 0.8747939392843871 0.2106009640307354 -0.4521854635489779 -1.4084449796017593 -0.1263666699961567 0.1577005638807828 0.7803110262712006 1.9227886855994032 3.0054010840525467 2.763695465098096 1.9222939462829347 1.5250367527629896 0.8298753184405203 0.7519760165915345 0.6759720144740442 0.16814756399316566 -0.42077947432431967 -0.19905573470248783 0.19504583765134564 0.8222412586767348 0.629677470645388 0.9078788717992449 0.3246385916014557 0.9807795902934386 1.6088160764830786 2.4834045650280796 2.4536786174555507 2.55441683915614 3.1976972914180157 3.794312976183653 3.4334112994523314 2.9570797116994623 1.6646106233715026 0.6283013771527443 -0.5900420714949265 -0.6339302316366958 -1.0127422377576232 -0.7632894084634232 -0.4949383545511485 0.3361673922570245 0.6187644285366558 1.165118625722587 1.5674421276745618 1.1419720690381778 0.6392687283864018 0.27111543036121805 0.11207198370156983 0.0077395259167743966 -0.009712205145454579 -0.006525410591520132 -0.006690884540811716 -0.0014849089261097764 0.00001959116458136027 0.0005862038566450012 0.00037767157356804256 0.0003023577187422697 0.00006892969940135072 -0.000005113563767801593 -0.000002294603717710126 -0.00001202855920391092 -0.000004652465862743379 -7.533447172318391e-7 9.135729363942753e-7 7.528524712612577e-7 5.927637868821049e-7 3.4804175358430164e-7 1.777736666302768e-8 -2.293686256172969e-7 -5.138114199863216e-7 9.665022274470665e-8 0.0000013263668061318095 0.000002152482989796974 0.00000641136226966404 0.000009880263486636215 0.000014710024098176211 0.00001707223823780241 0.00001781501480983809 0.000014873405390381972 0.000012255192928155441 0.00000821559802739446 0.000004318984057103632 -2.6003957187338475e-7 2.7975814476780588e-9 -2.2461316830219495e-8 -4.465869692932722e-8 -7.87840935799956e-8 -1.0700258369539117e-7 -8.600046522126211e-8 -7.528429871271755e-8 -4.615415135046447e-8 -1.0863101826440281e-8 1.861497213381855e-8 5.387726269069814e-8 1.0238544553757327e-7 1.914029409223566e-7 2.8646169732166672e-8 -1.9008921603567405e-7 -9.816914743063386e-7 -0.0000019699699097948136 -0.0000070147498941676 -0.000011916268331063987 -0.000025619509241110194 -0.00004925369639850869 -0.00003247620054831952 -0.00006421466319553083 0.000234207308765904 0.0011136158098848793 0.0021209931082599187 0.0038781690952406473 0.005929168964942922 0.007322606255500304 -0.005606720341711715 -0.03024776947925799 -0.05823613516894266 -0.12236014462163537 -0.18471828236180168 -0.23963766635364192 -0.2158703846958589 -0.04814616624959616 0.2224789916427244 0.5820428561667937 0.7188479399659201 0.9448417040849483 1.2740923958383112 1.7323246544680537 2.1205597400302154 2.469563867212197 2.734725007946646 2.7679825820347657 2.813519693723043 2.592925283535138 2.579056526313021 1.4706877739254423 0.9745829901101036 1.253031029234715 0.843052213400212 0.9440859032428902 2.0709129681974576 2.6935277546469996 2.930815619505597 3.094507686481501 2.7594736588442537 2.5599177895796026 2.0674912315184653 1.396588957256061 1.008518596090033 0.3218538443645535 -0.4428255705425771 -0.12392794133400795 0.7614695600501767 0.9051336241323613 0.8314028537134397 0.8081813716259122 0.2164909057905891 0.3017048423954187 1.4909660360246537 2.2724471406245415 2.5842138981792164 2.876042499969063 3.6655765590411833 3.8928449713241093 4.2937494505732134 4.013410888687551 2.466906684451631 0.909315006203934 -0.19239849704651182 -1.3906282268705963 -1.9673826784149189 -2.055946164017305 -1.5309744655226953 -0.49071195853110533 0.44186702887049184 0.9511040130495213 1.017323847676415 0.9201769379873634 0.4729211291224074 0.18764712489197521 0.03630277889214878 -0.054567775625864984 -0.011654215572432635 -0.017609865843198624 -0.009252499315787616 -0.0024619836598629256 0.00008036761735744693 0.00033026389910606425 0.0003826654993067998 0.00026465837502750756 0.00008189068387767121 0.000009611284387649526 -5.508831522418514e-7 -0.000006584057863253937 -0.0000022449977252981787 -2.6487584000416224e-7 0.00000137385533023949 9.636836974964295e-7 6.843763514817987e-7 3.276189011025982e-7 1.3221386258790178e-8 -1.4250326339952428e-7 -6.233491352952023e-7 7.755944674105806e-7 0.0000017242372119122273 0.0000036712437707111755 0.000008184250650963543 0.000014801275801945468 0.00002066865647894762 0.000024249509759198575 0.00002581279866220966 0.00002186006509746373 0.000017499058849190542 0.000011980315980937525 0.000007067950073215606 -2.2830793488323152e-7 4.662357114155193e-9 -7.259639681645945e-9 -3.002088658397591e-8 -4.829697035277022e-8 -6.020033478583094e-8 -6.164797089995994e-8 -4.748943036687021e-8 -2.760351367531346e-8 -5.093105928815981e-9 1.4995570887749185e-8 3.193157445367991e-8 1.0405531996578362e-7 2.4842907469553924e-7 -8.632378401080595e-10 -2.2319899918442725e-7 -8.081242352180896e-7 -0.0000020130827017673747 -0.000006283679049879944 -0.00000982175326239313 -0.00002731483064109317 -0.00003634089423058924 -0.00007571815128530391 0.00007410783772787809 0.00007206357239675756 0.0010775929730110984 0.0019425552288768824 0.0035724182167404454 0.004769514704356945 0.007379955502822685 -0.006566484239214072 -0.027996320997820474 -0.06139931582183206 -0.08572030672702621 -0.12634228616521823 -0.06115768576928286 0.014232565865589328 0.4467476588852738 0.730006975366371 0.6685719619398638 0.6364243844887894 0.8667713579182103 1.1625314874558763 1.2709792945900091 1.5157229545036177 1.832447546806277 2.014321918030525 2.210543662617047 2.3332370096201984 2.0118058987178347 2.0493177145424952 2.1816279246055243 2.2811898846641117 2.1947517634891707 1.5672418659895653 1.586748396817267 1.6604664127132862 1.7503641220343074 2.2545048926911817 3.4221210688016943 3.700799574776736 3.0841221540661237 2.5931254825624066 1.9363124169316042 1.2230576002040778 0.7669337870247811 0.1517213468583213 -0.5250654929998457 0.3530762926733647 0.6719978911879646 0.794648703884724 0.7229359335002402 0.256558173105203 0.5434081914884963 1.0940892983058166 2.1239266456014327 2.487035061795414 2.8762504194151757 3.2850105474942577 3.476731490733943 3.662243321200026 3.5907254709162784 2.7792279665610713 1.5256387861548115 0.4731356642101662 -0.5680285316241467 -1.2891944748298279 -1.5356503158432144 -0.7143296823654962 -0.48350218657373395 0.058068893229798677 0.9656968114669768 0.503383005717019 0.4669164050489658 0.15594720497077727 -0.012331398493578267 -0.07046269844637051 -0.05436982856011281 -0.04096128602735319 -0.021320466633905296 -0.01023213389595676 -0.0051170811143613805 -0.0003680376161066848 -0.000012236676769449261 0.0005070582560957894 0.00014629598983721846 0.000012863100185765498 0.000005432847406314574 -0.00000294857259192025 -0.0000060014241464470555 -0.0000011633226072197425 7.954042221043927e-7 0.0000016705585295544955 0.000001204203490464628 7.613269815377428e-7 3.782629060819896e-7 2.4017515511671717e-8 -2.2077222946479657e-7 -5.364587457440002e-7 7.885497609817053e-7 0.0000022803310392376584 0.000004671008247385116 0.000011082736709942054 0.00001921994320933712 0.00002435426945004754 0.00002982393096607591 0.000030173378013783467 0.000025896005398088468 0.000020867253355924777 0.000014837813499927308 0.000008132761697445874 -2.408965231919088e-8 3.854220412459421e-9 2.1217859991479365e-9 -7.881408073451614e-9 -1.3991641026732257e-8 -2.569106417600353e-8 -2.8278728415998498e-8 -1.6119026139096288e-8 -5.599093815108091e-9 -1.985411573720385e-9 2.0448225310263544e-8 3.038322527411612e-8 8.91796356764053e-8 1.327635949626369e-7 1.7339564411896226e-8 -2.1790711101958803e-7 -9.051898302553632e-7 -0.000001795763348777654 -0.000005167853381822805 -0.000008377475425199503 -0.000023712304950015556 -0.00003459716115082179 -0.000051456658524629205 0.00002158404851954203 0.0002044785387363926 0.0007811753109559727 0.0017491706380013733 0.0031195746857777132 0.003725574989777717 0.00566278103331055 -0.002595556775194529 -0.0228193440230169 -0.05498182080720818 -0.0738189177661342 -0.09683132740980545 -0.0005494414575937385 0.02096136350441697 0.49428795845526613 0.9855245567963115 0.9642420575026861 0.9590733840835076 0.8416596182821197 0.7732730041277169 0.8104541656802177 0.8502101261559539 1.059986480329743 1.3470968725484256 1.5257322253990413 1.7400233670154122 1.9628684430726198 1.919119924225587 1.9163163577491025 2.1414401234750784 2.1538294182963598 1.7392093727261393 0.7279910951013706 0.5093239362616254 -0.018399415468128587 1.4016365872677805 2.8138061780714954 4.041338965803719 3.4593530582775545 1.9889743256729304 1.9503872484975635 1.3962226609508699 1.155217061446138 0.5844306587939454 -0.2139528689888142 -0.07689810886538559 0.5904657490858474 0.7951853206731118 0.7122001299255498 0.5355087885946173 0.5607456013224281 0.9635543347102964 1.582377707963366 1.9537811762375004 2.386885713104454 2.524541241108726 2.5708314701007815 3.10269737412163 2.817701134194989 2.7673601576487306 1.9544055670610754 0.9834456204858955 0.625772532663998 0.345096126019411 -0.18642670817789747 -0.2809929153083462 0.28895626176775263 0.23596334171199476 0.772524535214104 0.1941681281414479 -0.1563821007369719 -0.2615937743505782 -0.17125208603882253 -0.1411284520668142 -0.08062456916606625 -0.04973681057948461 -0.029771967468396904 -0.01144019773401889 -0.004911715154381957 -0.001696154665926332 -0.00035778995979468883 0.00045805300308907645 0.000047808117176923336 -0.00003068487522096232 -0.000015888478660762147 -0.000022766509089974063 9.308202687037064e-7 -0.0000014209532897910431 0.000002979531742931339 0.0000025285738663253395 0.0000013945637276994751 8.586847693706551e-7 3.2281704416226997e-7 6.336806081465021e-8 -2.481223769557381e-7 -1.0179156791031232e-7 4.20817017477098e-7 0.000002725807192793492 0.0000054376925849887 0.000012273056620647743 0.00002016047882722701 0.000025248441586970725 0.00003141836665082426 0.000030939533774174346 0.00002894955331788119 0.000023275530058358076 0.00001598886635542703 0.000007724160247374495 3.4765667495161074e-7 2.299101813034334e-9 1.2073109795750646e-8 1.3936074301778811e-8 8.652924181861498e-9 1.1696358567289291e-8 1.0264726052098804e-8 8.55520608931232e-9 8.625980925560893e-9 1.4951033781707672e-8 2.0845721226558874e-8 4.4259303420641115e-8 5.754990144821084e-8 9.72324849533654e-8 6.87198128669898e-8 -1.401774324194223e-7 -7.069738109784266e-7 -0.000001582556000975026 -0.000004594411529705818 -0.00000913747301696949 -0.00001687297922906404 -0.00003470557650985549 -0.00004878012491824595 -0.000003969041384462442 0.0002933155351159536 0.0006611719132247707 0.0015552653651474048 0.00272017584585022 0.0038744871739068475 0.0019813102664784227 -0.002666153064217089 -0.023347743330792817 -0.0485129350634143 -0.06718155818170096 -0.04881638211351269 0.07600399834756998 0.4194057761038427 0.7321921775239674 0.7652208131914231 0.6190616903957245 0.6628943823610635 0.5394581744323589 0.4646553035603924 0.4262529735241811 0.4992576765429134 0.638522410065977 0.7236397981928866 0.902313277276357 1.0745609513958878 1.142568968870762 1.4796380059659409 1.8947976971496046 2.210548836064461 2.2750585568411825 1.9370904725489813 0.9662032180913168 1.0199038498142223 0.1651052760506317 0.5826892599020521 2.4637937403327346 3.3336227136340124 2.996956994822875 2.0287160891223253 2.0771929125077406 1.4648475977111335 1.1836187784377086 0.4485099701152531 0.03816557302591947 0.2412684569374679 0.5622889798578105 0.6571033996779119 0.7250218207286295 0.6074051566633342 0.4304883118080871 0.9291728122241117 1.2528017196588508 1.734457971822497 1.9123260901625112 2.021596546548325 2.24109088533113 1.855826022536182 2.4378935044317536 2.263263795438479 2.2272132959521476 2.628592534182303 2.474902948131274 3.021128968819675 2.139566653525675 1.7919438620030694 1.2034643645637044 1.284558913539322 0.5531333515099832 -0.2615619875675342 -0.43204244038139195 -0.39336497790915864 -0.13054830743362672 -0.14954542232572451 -0.06859998784071772 -0.03185234880692942 -0.021451907703039095 -0.008195227933264798 -0.004028819414337875 -0.0017893769357505138 -0.00024291110865015518 0.0001842892490333078 0.00002061736650135648 -0.00006311760279754994 -0.00005825418464147505 -0.000031264328496075784 -0.000008478853574082542 0.0000014170233131853921 0.000001628224207313987 0.000003867778050515468 0.000001757534925060052 9.010256027908107e-7 2.9599664016926497e-7 3.1457077148695525e-8 -2.2108582681411902e-7 -1.798935553261792e-7 1.0725453267190109e-7 0.0000018763550098687662 0.000005251824444679485 0.00001110105581975867 0.000017029256039176845 0.000025520572291161962 0.000027479498476877646 0.0000319943247137155 0.00002767003183411728 0.000019851516747099277 0.000013782735086224268 0.000008690416916149605 -1.0486387740577996e-7 6.785219706883386e-9 3.4440078997967926e-8 5.3668987051915875e-8 5.3628961430707864e-8 5.2630592305531645e-8 4.039839380920774e-8 4.999685960397465e-8 4.408468061871421e-8 3.775602399884928e-8 3.173079723077502e-8 3.5496613333019694e-8 6.15411133003908e-8 6.632325215981538e-8 1.3487368548815553e-7 -7.245398854225499e-8 -5.417328838361422e-7 -0.0000016556637084448278 -0.000003576438901421154 -0.000009652037891040606 -0.000017500302435810352 -0.000034212052268593354 -0.000017424689564682974 -0.00003678365158655006 0.00023790329299176762 0.0006328624930630469 0.00150813317983939 0.0023001172740067044 0.003774400078219107 0.0014880216640830433 -0.0026593655251266417 -0.02305924044235683 -0.061824184157200104 -0.046710140014584275 0.013934480095089123 0.1112821006008612 0.3754281048877092 0.6206402405188641 0.45291344234977904 0.236100627792013 0.2920877291751781 0.26470151054968527 0.27141443868452597 0.1625911519262567 0.2252502468045387 0.2745696442602277 0.3853957138321551 0.39041575399208156 0.5471546256407849 0.7033100372534886 1.073154271904477 1.559880631247521 2.3903426755104067 2.8425824940495623 2.754349000348046 2.395114712987859 1.5326142757740753 1.0553147721816476 1.919095716200223 2.8637434931982173 3.0592526829250684 2.914962580767908 2.910908885630379 2.556337843501789 1.7275444919530725 1.4113665235628674 1.320338155068415 0.9483370529908544 0.6848028729487756 0.6088951584609342 0.5712842757850288 0.5173917502228739 0.42383106164775813 0.3041388178551506 0.617689581827179 1.0836302314872779 1.7496996345222033 2.0559650061350796 1.8114802315333425 1.6327901962815388 1.683186960047255 1.5462566376824862 1.9840036255217426 1.9034839161635673 2.5159190026863976 3.714746640221568 3.8898250396646255 4.180934513719167 3.7480116991949055 2.137459445122324 1.764165139169991 0.6456286614775648 -0.1810475065921167 -0.7176352080236837 -0.5887399143118747 -0.35599825901163423 -0.13953532894945683 -0.06357680209059298 -0.013766078133628642 -0.007728918591819877 -0.000198789317070357 0.001186993362185016 0.0005225724156186457 -0.0003405147202042505 0.00003493348415525101 -0.00012003251515380238 -0.00009929453792460448 -0.00008595272180314314 -0.00003737430959410546 -0.00001367694075812868 -0.0000024907069226006375 0.00000467368354586852 0.000004010126808088871 0.000002257708176112792 0.0000011024782097237133 3.300971166209972e-7 2.0282725321789473e-8 -2.134307428952755e-7 -1.736285637628987e-7 2.414403807624133e-7 5.83427841615423e-7 0.000004103587900819558 0.00000866410855009213 0.00001493044809828783 0.000020164625620149455 0.00002245049255109021 0.000023756607121979864 0.00002050195332231699 0.000016801175803270237 0.000011257064883509011 0.0000061206884064538066 -3.3974942880344357e-7 2.1010689247456247e-8 8.765912900374359e-8 8.902894735698045e-8 8.956974664882429e-8 1.009947044880447e-7 1.0775297135227288e-7 6.314933018687804e-8 7.918429032979069e-8 5.636395349564452e-8 5.786016197269505e-8 5.623769841238722e-8 5.245282525337805e-8 6.859152312872137e-8 9.278925598363802e-8 7.511396972762708e-8 -2.999456700653957e-7 -0.0000012849527773331407 -0.000002623369699801935 -0.000008758677304153035 -0.000021103800944966696 -0.000030983215242204544 -0.000029224791147458293 -0.000049769945951135305 0.00023715112874589874 0.0005388852929853816 0.001310636496143945 0.002447215645130117 0.002808370820852218 0.0035181867075520976 -0.004688158895357156 -0.03127200659757036 -0.050344780521319625 -0.01739585937355853 0.04954366597676685 0.2001088821826893 0.5333477166733169 0.6784161644579771 0.49643408465344563 0.19412444759179265 0.17810177627233542 0.07213701157935566 0.0641034729488622 0.04215800855376188 0.01843333368918424 0.07640041216009276 0.1086247186867091 0.20622769903854657 0.2783521769672588 0.4494799296364401 0.6670933097481355 1.2117901569305891 2.303646061858909 3.2942608405480986 3.3670049807605693 3.476272051823684 3.037619447009769 3.6134143508249914 3.002156417930671 2.8385508572186677 2.754557840612885 2.9465922492151635 2.5932691317399765 2.2501174678632134 1.9908334212229861 1.5291420244835345 1.2879190681324022 0.998522360564912 0.7599646575061736 0.52968714882463 0.4855951464044293 0.37021931139694275 0.2962386759652932 0.203469526868057 0.3626301923516821 0.9009854572479368 1.615541104099956 1.8301110132255858 1.7788158837354542 1.5079793600697293 1.5498227200902617 1.3930056246628661 1.7800603095324867 1.8877428291808165 2.1384884939900703 3.222008355641466 3.8631907330572752 3.541605349143556 3.800943087338126 2.6109692283989974 1.6732055423385168 0.4393962591807592 0.11840718416559497 -0.3577987021268474 -0.257940371611695 -0.147088016228119 -0.11305388671865468 -0.018894698529851775 0.0075625486420078415 0.00998968406805394 0.011595581183671048 0.004842221116164603 0.0009378143747887713 -0.000262421279914758 -0.0001917387497983069 -0.00031920869080933473 -0.000232013486902502 -0.00012090997540826882 -0.00006153521094795604 -2.5572157579199355e-7 -0.0000021951814691088083 0.000003629487313661996 0.000004157501580363321 0.0000025882039632126838 9.958446677538148e-7 4.37426647581698e-7 -5.356732027575058e-8 -2.0096296144908632e-7 -1.3781390403156986e-7 3.655877177076956e-9 8.2918939455309e-7 0.000002930050449165955 0.000005373351523482027 0.000009955327990577222 0.000013591903879725642 0.000015542906109145558 0.0000152737096520036 0.000014322212406356089 0.000011510407648563568 0.000007004061400735467 0.0000031928772901118765 -4.239335568477331e-7 5.3544450866009083e-8 1.8561730870293442e-7 1.7612185128527332e-7 1.393104060293706e-7 6.63621376256696e-8 7.060555654142519e-8 1.1659374704817563e-7 9.24839818060523e-8 1.2682901076992612e-7 1.0228744132919621e-7 8.487433772433259e-8 7.159754994844458e-8 8.596920608548043e-8 1.42281155617963e-7 2.0153096816624543e-8 7.13230466178132e-8 -0.0000010714619106638232 -8.492651814235803e-7 -0.000009868987137398325 -0.000021454154712500974 -0.000034306904352978896 -0.000043468279822932754 -0.00003835331658161959 0.00017612584609063992 0.0004892355990844875 0.001129497995423005 0.002545090014171814 0.002274209393320834 0.005584435911655674 -0.0043782184257175425 -0.021023014982524093 -0.04622256277243592 -0.00640824469984465 0.06493244771597856 0.2830640857124666 0.6800105386981398 0.6285348731208419 0.6280130420740186 0.22881708542686596 0.1263871452319946 0.040500429623252523 0.0000876089551068277 -0.015023338017525542 -0.03247355605428317 0.0030507868063106153 0.022471570590675633 0.05104771938373568 0.11160246421476913 0.33335024310021366 0.4377713950025642 0.8623498517092841 1.8833110982332946 2.760123808153986 3.549917931638422 3.210027110041259 2.478641317253128 2.75123643968992 2.462707960217958 2.0874758065204793 2.000145285149638 2.0050465106285578 1.9582047845041124 1.8308179343519704 1.4574574851472277 1.2715659235399146 1.100088295492087 0.9235235246826902 0.7312026300222564 0.5165604588297193 0.41111462937783205 0.24273430797181694 0.17011913690282718 0.16125382148038914 0.27861216819313184 0.6061597420713103 1.0132751308645846 1.2969509669582666 1.2936871344533667 1.282469938613636 1.0726978762457309 1.075064063724393 1.1654110144409464 1.4839691950586191 2.0690303548376394 2.8502231128824156 3.5871897873745024 3.691919081282893 3.3332720443674466 2.896373243734369 2.2385449078223703 0.4091864098273979 -0.08688083275640535 0.17340346366671838 0.1975454052413783 0.10655835691911617 0.0002611348529449098 0.013228643163544183 0.05338548937141112 0.022353746460332488 0.016412531285787933 0.006010371514263914 0.0003052349090217926 0.00012594716674504066 -0.0006143716495276066 -0.0005100302107035513 -0.00030104505738799724 -0.00017147660462711047 -0.00008069265810148359 -0.000013145846004824735 -0.000002284274536049062 0.000005081128763274639 0.00000552865577632223 0.0000027019779702312553 0.0000011009494296544841 4.389683561649975e-7 8.39234477898651e-9 -1.4254230385435064e-7 -2.8814411940640736e-7 -2.206715753267773e-7 6.709596461430392e-8 0.0000012761211722702866 0.0000038140194402418707 0.000005609120876478362 0.000007602335523192646 0.000009198676602457474 0.000009362674031364591 0.000007892261882911781 0.000005049329669232909 0.0000035643846301547483 0.000001973304796852412 -2.286629874260447e-7 6.766025825663838e-8 7.099437325133925e-8 6.7080998189266914e-9 -5.051117843733484e-8 3.790059880001296e-8 -1.3310437856962e-7 -3.486614191862268e-8 2.4154932084640034e-8 2.513648554758086e-8 7.919748663153385e-8 9.798051047317404e-8 9.488311482517093e-8 9.67881249789097e-8 1.6951069097578235e-7 2.416765897166489e-7 1.951625374746275e-7 -4.1689553529824833e-7 -9.169540343480741e-7 -0.000007530655231668304 -0.00002071713364575587 -0.00004050751672403654 -0.00003389474638382928 -0.00004843630031234938 0.0001278066769187635 0.00040548994629766114 0.0009687473923081985 0.001961096220074508 0.002476033024130477 0.0031703272771598126 0.0017353127481849265 -0.013677389834039131 -0.024364193172147237 -0.03967423215046179 0.12367595419152934 0.24856597033453423 0.5489468119088753 0.5967697480603885 0.38787463172515524 0.23235197847690986 0.07642217322677902 0.01912301202108894 0.010237932830191516 -0.011508162675570543 -0.021628255878809566 -0.035550159225207045 -0.007183351148525529 0.016776446784484804 0.005277725527608797 0.08549881115505423 0.2872122797514672 0.3870052894679811 1.1098607921264891 1.8403647096955338 2.493069859091064 2.112115051633078 2.1135757010147063 2.031037234317491 1.7932181916750238 1.6279262268543293 1.3984887666390637 1.1978900813676847 1.231995224588614 1.0729083880748471 1.0375296218683658 0.8647275563761804 0.8000475299617341 0.6985879226029749 0.5701223021006744 0.42304345973496305 0.3230241488345693 0.2060446930739422 0.17755321041433506 0.12093615362670267 0.0805306678355193 0.31494812532750727 0.632250845943308 0.802536879807412 0.8477144886456446 0.8077559535773701 0.7286511062977384 0.5889899411765633 0.5846073277964403 1.015982985886407 1.586579072163861 2.442921425615048 2.974639139528095 3.208130713142018 2.746712960753141 2.345273355693039 1.6190248475298563 0.7379398539307994 0.41146436509607875 1.0815039898512353 1.1634936899798491 0.33025019940057365 0.1770086541422206 0.10512825768364777 0.05817619152596342 0.045180544767659106 0.01754977914371038 0.009899254593880878 0.0012370937315325434 -0.00017172428580186318 -0.0010247642081143665 -0.0006560225674266347 -0.0004431554482529182 -0.00019677242903407365 -0.00007946941451164871 -0.000021390326678588444 -0.000009859202746175402 0.000007634946928533933 0.0000063974384042913335 0.000002997235128340002 0.0000010840006617450443 4.694066416994478e-7 3.109200023294036e-8 -6.222231861880786e-8 -2.3905995031227924e-7 -2.4677373080526836e-7 -1.7384626489319003e-7 1.880028290101547e-7 0.0000010905817574272315 0.0000025369667207757225 0.0000037533098461994797 0.0000034431176321115493 0.0000034656104278122086 0.0000025807719502032346 0.000002458251609593154 0.0000013905597696268854 3.429810740783432e-7 -2.8905447348716447e-7 7.012402356925094e-8 1.16804978097374e-8 -2.135133219881491e-7 -3.020498399600603e-7 -4.5433745660352814e-7 -3.611968260919629e-7 -2.2793170656128283e-7 3.4031217212644295e-8 -3.099276797602711e-8 2.9459873041529036e-8 1.2479538988031788e-7 1.3867481356122087e-7 1.1046482679388639e-7 1.680754106560227e-7 3.32802799554678e-7 3.4320744140858645e-7 8.215824964100556e-7 -0.00000177003290922777 -0.0000040915564630617335 -0.000021999068780804488 -0.00003473612400045455 -0.00004045985467229034 -0.00004835682335428525 0.0000762080877985208 0.0002999183423585871 0.0006439494792061078 0.0014312113793081428 0.0022229510596375236 0.0030579354613792004 -0.0018950403935848823 -0.011529016338601187 -0.008252298354268897 -0.01151633293194949 0.052226265506407465 0.20412323268820246 0.3336439335318767 0.30593242105866486 0.140832967963207 0.04120259119447927 -0.006544459135048889 0.05369832954498353 0.01592710597849455 0.006617834291587866 -0.03454486719140586 -0.056348620479328426 -0.04781585715995206 0.004643869380291831 0.04146799210588284 0.06479948616448312 0.07199212577067521 0.2079671141917326 0.44798976025196685 0.9690693809808122 1.3520234867559022 1.4083260484969142 1.1446139097190096 1.531777969641177 1.6920487603819396 1.43265580858607 1.1045333194294424 0.8578899756290391 0.7488938371407637 0.6413943428636367 0.6351809399987141 0.620934424598922 0.5528975356413987 0.4882621314702691 0.3807021888152818 0.3120188525543292 0.24690173637504584 0.19536029214558753 0.15406083187453073 0.11507403775587972 0.12153145748472086 0.08667590790976627 0.16508335473441152 0.27344335397780845 0.4161514757977452 0.4241536926348783 0.40536848479999216 0.3626458262472215 0.2194158703736097 0.46726282363891963 1.090767445487531 1.7786886447938122 2.3038071307755916 2.3094764857242014 2.0675364348078618 1.9364396315709909 1.7629452724474746 1.101143325603908 0.5965929228704927 0.8129565961433918 0.9227784612457506 0.41055487580324446 0.2007258385538319 0.1228409938802112 0.08036362463138251 0.04386302994016362 0.018178675556299578 0.008501230898555076 -0.000043078400902243934 -0.0003584491099119181 -0.0014975102782620012 -0.0008632883985272354 -0.0004873422091493286 -0.00020265567558649383 -0.00005610884660948813 -0.00003202805663071723 -0.0000028427259583750004 -7.182893032048524e-7 0.000005754616663597719 0.0000024948310673436963 0.0000013659039461186014 2.3341623120675375e-7 1.0312807656795024e-7 -9.394109781446375e-8 -1.5751713262973453e-7 -2.380648915647384e-7 -3.2651946684721883e-7 -8.922493074714488e-8 2.921312628391092e-7 6.559667412996361e-7 5.015925854409089e-7 0.0000012451014666858101 0.0000014383861076573998 0.0000014657957159191953 6.329750126816508e-7 4.6689745163695946e-7 -2.127248739893015e-7 -2.0062573386516538e-7 9.209724209197526e-8 -2.2057528331677219e-7 -8.70430272486833e-7 -0.0000011413414083855648 -0.0000012277072408602987 -0.000001584350989182493 -0.0000015148468605060506 -0.0000011604276314335313 -5.518722810217523e-7 -2.726220023792283e-7 -4.035857080923111e-8 8.576613961220246e-8 8.610132599786601e-8 2.2349674823517766e-7 3.8783100848960103e-7 4.2796328885247174e-7 8.387410934876921e-7 -7.320324076765239e-7 -0.0000030621006643495105 -0.000014538635416951652 -0.000035544730320543885 -0.00003558308825388575 -0.00004039819950441119 0.000028908731577656336 0.00023037645580908234 0.0005343349140519611 0.0010812890119537453 0.0012016147148622982 0.002699755481270083 -0.0006648184972160416 -0.0014619627623797678 -0.009507549710171734 0.015601318202090837 0.02885507091221815 0.09551867003617757 0.19783398866247476 0.1228947740288969 0.17861279456243884 -0.07361878972627323 0.13969657087837692 0.24067537140477616 0.20084346043967774 0.07055571421072843 0.018760112262845973 -0.025604037952009433 0.019596186071318956 0.012914070778274911 0.05481273653964338 0.04446722582062897 -0.019560435741388965 0.016159318339759348 0.21847492601582244 0.45431570481796596 0.5213406880635915 0.3441938602199183 0.2175779809513841 0.8935875138319325 1.0065428616435041 0.9756684197306781 0.7342854528851372 0.5965339596832985 0.46784404058132795 0.4318834583316453 0.3973280909122127 0.37172602466830473 0.3521186754155749 0.32458583169167127 0.25819041877845683 0.21333322659361673 0.16671227824371812 0.14714817613179718 0.1320565137893039 0.09009297774251843 0.05943729658399827 0.10741125020367222 0.12573681029679576 0.18152140355027582 0.2373430170185215 0.22462517302204682 0.12592403598519383 0.028585464882569585 -0.062248789648159795 -0.035852773691811474 0.429801718083087 1.322361738471565 1.7759372933183077 1.6686863383625974 1.6826302936132065 1.5401531022990909 1.7524741744630787 1.9561374154132416 0.7989688681269821 0.5553362713751924 0.44045491265661746 0.30396093480035663 0.1872777837476148 0.1217661547718937 0.07565943029270476 0.03926985495879001 0.017103810002894404 0.007603716263494937 -0.0024360990732218016 -0.0009207832645108992 -0.0016148049003494494 -0.0008480535046387416 -0.0004901156894547546 -0.00018725310731977946 -0.00003717477045846678 -0.000020960826931762936 -0.0000065028721235323964 0.000004561012981829554 0.000005369710058353723 0.000002855692956621009 0.0000012878719201184391 1.5647599697675267e-7 1.2190545412156457e-7 -7.830695307800468e-8 -1.287171743042135e-7 -1.8134296319304305e-7 -2.3084812573932493e-7 -3.454845484301373e-7 -4.2036376519314573e-7 -5.7127836696988056e-8 1.9679527620175735e-7 2.24532930451437e-7 2.815567875670717e-7 -1.606514776885196e-8 -3.342968846363743e-8 -1.6958832168619375e-7 -3.821455791877822e-7 -2.0546937988872025e-7 3.223953436610352e-8 -9.206882621126607e-7 -0.0000015742687157099108 -0.0000024428686865996397 -0.000002968807336957285 -0.000003220633509194238 -0.000002916974410648697 -0.0000025939298480356234 -0.000001484687980142427 -9.207765310845075e-7 -3.7595629734918277e-7 9.757898808297363e-8 1.5460584570155596e-7 1.705916037171301e-7 4.166123756754706e-7 4.447651385986082e-7 7.151545251865737e-7 -3.9976533734060736e-8 -0.000002707331739388814 -0.000010351594252044897 -0.00002377821941770278 -0.00003680724250937441 -0.00005310312328655389 0.000018593844224382157 0.00010400950976340579 0.0003074596580512122 0.0006289566657302731 0.0004920821056747013 0.0002282402639640795 -0.0027409739966883593 -0.002829041077460582 0.0010065853497074847 0.01744954257135413 0.06386567720723953 0.15339595559407157 0.22323262198399624 0.2830780777863066 0.3522350387478914 0.19429319776217313 0.5164438999375144 0.4690303167691412 0.33869400105918057 0.15561765142271902 0.04086798361152959 0.026956034304057297 0.030095020864871005 0.13921582291996581 0.21244017004938917 0.1436639856186876 0.10210337333405098 -0.16261966486644383 -0.06873009904463659 -0.08642928544570533 0.159186645219418 0.29525340950978474 0.28331679847800584 0.5814719640216389 0.8154824581527094 0.7777134663358919 0.5259779620822947 0.39043550616621947 0.24027368547671063 0.20428723590837483 0.19783827985621388 0.20197482943264 0.17888132205177038 0.14938874136130562 0.1423987983156522 0.11789069416491374 0.11147239530404508 0.11213054458957707 0.11722416026411644 0.09903189415573281 0.09785784764624773 0.15896443344125696 0.09004280232569659 0.08470750839952211 0.15193677836493596 0.15623290107152468 0.11130116863343686 -0.08749648639723717 -0.38566213219698176 -0.03377913661382141 0.21311159343148714 0.8536941559359993 0.9227692225158401 1.142180404498396 1.2345128786052575 1.2225072071351362 1.4219778630130329 1.7645326601223643 0.892611052795398 0.5065280951486215 0.3562923301904614 0.25550545268398434 0.14921346342863387 0.08936343258279637 0.06114686422051056 0.022662772354876175 0.013074847547703345 0.002484537233742505 -0.0014948836434388406 -0.002115053184006164 -0.0018802320960929107 -0.0007663923155379139 -0.0003830025631029062 -0.00021346611495316409 -0.00004829086915640162 -0.0000069781740201848155 -0.000002785750246905837 0.000003453516750370847 0.000007761080411975915 0.0000028489737425367364 0.0000013842157588587222 1.6841570030643636e-7 4.6221657754094343e-8 -6.44454604433412e-8 -9.17614767791463e-8 -1.4045069373303445e-7 -2.2149170782095995e-7 -1.7164380744518756e-7 -3.13209886432934e-7 -2.6030252966779187e-7 -1.1575737819169768e-8 -1.2446018446342954e-7 -2.2231117545879538e-7 -2.579185599684577e-7 -2.397071685243896e-7 -3.825983512957814e-7 -3.6804760195068394e-7 -1.7418580102933774e-7 7.830682212685266e-8 -0.0000015286119267606607 -0.000003294175882519547 -0.000004987129115278744 -0.000005707941624817918 -0.000005848026713819171 -0.000005470446164008624 -0.000004273222857170498 -0.000003014444530295384 -0.0000016263988127704511 -7.154793413620577e-7 -3.1660083424581296e-7 9.731524227406951e-8 1.2177920818743342e-7 3.1582657098750096e-7 5.206952937054627e-7 0.0000010785355026714512 2.030125375876972e-7 -0.0000027773523691278717 -0.000007804229696111388 -0.000018316740114327726 -0.00003165194056341135 -0.00006026877330921751 -0.000013986740878254069 0.000018135434534156333 0.00009968517288807463 0.00024036146291368015 0.00021041035577457054 -0.0004346075817485133 -0.002605524978637258 -0.004270444501713054 0.0038100646750655514 0.013690318688816244 0.07417934846283888 0.17941351885794185 0.39947707008294864 0.5477202104983252 0.6183373844531881 0.7319232395720052 0.7751828649982567 0.6367617764795164 0.39345254189048157 0.20461129585099158 0.08829489981690232 0.04555496041817693 0.07058061395643604 0.1921368509373315 0.3760054044212152 0.35094177569216306 0.28802254331314775 0.0682014852989221 -0.2066792123122762 -0.014293666156235313 0.24683081515277816 0.36245464922781406 0.4016186458239978 0.5536257557728794 0.6482480178976855 0.7570196755560716 0.5208552352504344 0.2544190476065833 0.15625121891896324 0.06924300141970308 0.08866476263460508 0.08072464146852495 0.07935788195437071 0.07568846950349892 0.051848870345564575 0.05364162895147153 0.05836001172737214 0.06693575667053946 0.08668441513833065 0.10328453927363798 0.11092700872696451 0.11299383189450381 0.11224328685391408 0.11014964204628228 0.1028795409446549 0.10152655195271815 0.07910270669150161 -0.011977092457696247 -0.29314542936676796 -0.07763918127702986 0.2925218763637148 0.49329042449296195 0.6950968063082449 0.8530760675752694 0.8976988539941829 1.0361183642368448 0.988607729568334 0.9183149001393156 0.7335929706935096 0.5108517579236548 0.3162820446553386 0.1998895168521128 0.09500548714455083 0.06189551673984962 0.029088903490000068 0.011961822143293258 0.005779502543484636 0.00020215988223064362 -0.002954419168753125 -0.002221983358688797 -0.0013395683402878929 -0.0007236879682401329 -0.00033217983160547913 -0.00016061222906481158 -0.00005376578003306973 0.0000023703460339767133 -0.000002374283768472072 0.0000070001536387205685 0.000005834224674579985 0.0000027955963210309494 0.0000014363971662396167 1.8370205518770994e-7 4.0582350355261796e-8 -3.682849482166605e-8 -7.626373648504183e-8 -1.046562423365558e-7 -1.2374816183127046e-7 -1.6467999363611342e-7 -2.3289900365214976e-7 -2.0144894978809972e-7 -2.661104117007299e-7 -1.7828968506773771e-7 -1.0267851464555606e-7 -9.992967327138134e-8 -9.945316228034436e-8 -1.612453002288494e-7 -1.0875929657095392e-7 -1.0188090347934218e-7 -8.609389675443438e-8 -0.000003551816878644928 -0.000005704399751032727 -0.000007806579927356662 -0.000008513280180570078 -0.000008871961475237489 -0.000008257032367214578 -0.000006645752376435916 -0.000004882758159467566 -0.000002732016637412611 -0.0000010293516129623894 -5.322116656776526e-7 -4.784769225889196e-8 1.6257374233066118e-7 2.549171814628792e-7 5.43865735144515e-7 0.0000010655000452764117 9.582309000053855e-7 -0.0000018043425188731272 -0.000004620209838809737 -0.00001342760453728097 -0.000023389374700459336 -0.00004429161818636953 -0.000015882961879561476 -0.0000029737189399080644 0.00008211483053407507 0.00010659550048977054 -0.000042416482677791286 -0.0005032264811919188 -0.0023581770667796638 -0.004702421945094883 -0.006703594696096729 0.010826098115868961 0.04989024236530876 0.16565702796285123 0.3192761558950709 0.5436304611533102 0.6634055065715377 0.9228519280564754 0.7647682188261019 0.609222911189638 0.41466997920123944 0.2707665096607821 0.10545649812137177 0.07395138348261612 0.11303368987948163 0.2180438988698479 0.42590184794563907 0.5247184149026474 0.32326782815211463 0.26239789634949673 0.12952916536808556 0.30977300437528055 0.36635771900365877 0.4784129992130406 0.3986290003567753 0.5013739993025503 0.6060542792563082 0.7113255040957149 0.4937667376695826 0.23750423728238476 0.17164666446910487 0.09319099466284116 0.026663306279616772 0.027674575330188356 0.029461170214219866 0.003583041626498521 0.0043755922335729155 0.004198724231179497 0.012394338692796023 0.05604418471072049 0.07837249930748334 0.10093725248592543 0.1115771277352888 0.1309442448648175 0.14970394722171307 0.16347393484736905 0.18302607851870284 0.18534862523754897 0.1792008730477745 0.19111027280692142 0.18184046763652023 0.2188394157801386 0.12866311941343972 0.2730152611842328 0.38207533976361613 0.5874383767813172 0.7522884802755794 0.8012402050916897 0.7982622453302103 0.7050263725900084 0.5250461773896219 0.37119542569216346 0.2504072875535635 0.13424854771604824 0.0691735027427475 0.021071513867049717 0.007269085020003698 0.003602260549335548 -0.0006738697062545146 -0.0012441305201020111 -0.002935313722934759 -0.0017986283482397168 -0.001059689617059956 -0.0005006095695051154 -0.0002616822444143336 -0.00009371237952583157 -0.00004864812263446421 -0.000006156115191441746 0.0000034366199633032526 0.000006460938761234661 0.000004112743283541258 0.0000031874463478508025 0.0000012833177163427127 8.972701885462197e-8 -1.1904453447356255e-8 -3.12736891580538e-8 -4.488408940059761e-8 -5.673080654170969e-8 -7.766543967443478e-8 -5.309094856696077e-8 1.2436193527252304e-8 3.977642352166125e-8 1.0060583740140616e-7 1.341009313819981e-7 1.658141589857065e-7 1.0135550834893047e-7 2.8583758035540403e-8 -2.771763897181051e-8 -8.627696940053244e-8 -6.353358539187025e-8 -4.357797634439187e-7 -0.000004434125152803638 -0.000008134360171465669 -0.00001055334083123042 -0.000012276851827819274 -0.000012548831338433373 -0.000011504294996528965 -0.000009224056217947796 -0.000006165674849034928 -0.0000038283049535685835 -0.000001224768384239587 -7.181793915204478e-7 -2.0247690028473648e-7 1.0051078385542269e-7 2.4277366776711445e-7 4.04375472518327e-7 7.418717590950328e-7 9.233944357097702e-7 3.322798936362419e-7 -0.0000034475414680685767 -0.000007750351255486957 -0.000018037546653420766 -0.000035688397031766806 -0.00002917091108201011 0.0000072381240531324 0.00005329182757477943 0.000020184625689118374 -0.00007812533972972265 -0.0003116170642982084 -0.002559675448551555 -0.005535397121933929 -0.009353927438138225 0.007136229516059247 0.022184527072599054 0.12122620153604756 0.22272666836360963 0.41164195828455175 0.623699163527224 0.7453509903107333 0.6768386641472489 0.5045404059662612 0.3545167632083276 0.2586081040683617 0.110850082618109 0.07751576626245042 0.12380970047369415 0.21501423442301318 0.3817447392678398 0.5842399302892468 0.5683663305144554 0.5515774711643703 0.4028926281948768 0.4528827194653724 0.5841397933130326 0.5233084981308973 0.519605674053784 0.5239643669741676 0.6013079020408254 0.5269291190863565 0.38524887496939964 0.22866338953797563 0.14855777953077898 0.13032982340237606 0.062257186365407696 0.010612431241468968 -0.004807543945526851 -0.02494610446001324 -0.03691447250233388 -0.0030217680401764986 0.02676753672761676 0.08212203669263775 0.09103700269574584 0.07378272010456362 0.09338250107920613 0.14455505611932903 0.14803661836620072 0.16967347449478473 0.2286038600425655 0.26328196604045656 0.292426194159709 0.2953784933107537 0.40677987397225684 0.47003939565684455 0.41873634320741066 0.40203672969074866 0.38053498927916496 0.42941285262440954 0.5621480563820797 0.5680126067361653 0.5576663972027833 0.4600053609875028 0.3618403769682128 0.25097207023787305 0.1272026363749241 0.07644391852231636 0.03688806218695428 0.004131591147794872 -0.0014353519960797812 -0.002562275707389722 -0.0035166896575160663 -0.004486040353364457 -0.0025788002756397628 -0.0013321279502915347 -0.0008136597168351054 -0.00036244049619406013 -0.00019853197581382048 -0.00003698882647103547 -0.000024225890802679823 -0.0000010299504337284932 0.000008055028062524977 0.000004917094572021452 0.00000610360280060683 0.000002036159801325972 9.026920256687974e-7 2.980957401492516e-7 -9.246352047244607e-8 -5.342022114019457e-8 -3.736769988507479e-8 -1.7306331987008714e-8 -1.1144967233478053e-8 6.922329686438223e-8 2.8698160738634385e-7 3.484301986469833e-7 4.291443777576448e-7 5.09203692241226e-7 4.850224828760047e-7 4.501266841638328e-7 2.7471773365932573e-7 1.5363166355664298e-7 -3.366117925789085e-8 -5.325207183083934e-8 -4.582298365335747e-7 -0.000006232434746168133 -0.000009071891938229462 -0.00001187391894999535 -0.00001401824163753792 -0.000014079778558391053 -0.000011537328780300929 -0.000010026521113056558 -0.000007179882948209036 -0.000004368684089322217 -0.000001661229210615845 -7.348690149346528e-7 -2.820030416200413e-7 1.0144552364563239e-7 1.989669113898515e-7 3.5665032635725835e-7 5.040717618368029e-7 8.026479028378202e-7 9.768988150487575e-7 2.1332372174271988e-8 -0.000005984887295627081 -0.000012047788472677358 -0.000020386180797176785 -0.000023384162076722454 0.0000023302500280458668 0.00002623768876381157 0.00010666119777204581 -0.000020082575091797275 -0.0004894835712170346 -0.0019506768257292362 -0.0062763445980401796 -0.013786390924270971 -0.011141457117342844 0.015511629047908948 0.05313867983479427 0.12404722959048924 0.2187355933512804 0.3811797129929106 0.4478037129228656 0.4653849642985586 0.46633457554759294 0.27140096869656655 0.15285966354747996 0.10630525657326648 0.08589220561890758 0.11096984113236405 0.18571465388804442 0.3015739246241048 0.4653755261108669 0.6578159339959079 0.7567375284346464 0.5308468711171646 0.48893569994483244 0.731917679933805 0.5961750445671383 0.4582680139180104 0.438066542461427 0.500666167856461 0.433157015943688 0.31729079784128134 0.19035380433256646 0.27668982635727374 0.22937115505936717 0.06129575286159116 0.016013005267593815 0.0026732556068097676 -0.016691711825307938 -0.03727257314038046 0.007225160597620721 0.06813981161770719 0.12231237470631506 0.11112130725150277 0.061540418382658536 0.08185634591505365 0.15834490287726177 0.17541482825595694 0.2391734594131117 0.24392904203297597 0.2747600458415295 0.3543970518713054 0.48542093570630734 0.5601647399752061 0.5906045428428789 0.7183501816764882 0.4625799473253911 0.3733646331970219 0.30690884850871103 0.3625768616201741 0.38680746304759345 0.36871735717008003 0.30621437457980605 0.23209265255877531 0.1450556166877837 0.07725946511066169 0.04526733215482582 0.009199356766876395 -0.004409537033430015 -0.002276413509039909 -0.008359585086767736 -0.00547839467091262 -0.004048813894875223 -0.002211130856579235 -0.0011715551275009682 -0.0004993029960289989 -0.00021043677094850877 -0.0001019238338552812 -0.000029026938464018163 -8.780535764597532e-7 0.000007494394379665607 0.00000944257123616355 0.000006892993442954733 0.000004780828611547359 0.0000015352312258134968 0.000001073540327235122 -3.825957173673445e-9 6.23985718887387e-8 -7.776847722679897e-8 -2.7717667306890168e-8 3.0835184228309125e-8 7.136308393154173e-8 3.103861291285326e-7 5.590102935452718e-7 9.350375968025459e-7 0.0000012196469304075877 0.0000013060148279187755 0.0000013183403594141747 9.448828528895208e-7 7.006410221204296e-7 4.402697378625425e-7 1.3414963955795636e-7 -6.890551123045996e-8 -6.401170720349807e-7 -0.000005564495758165959 -0.000008593019252949916 -0.0000122742106779727 -0.000013747466704817568 -0.000013812781817797274 -0.000013069999324687484 -0.0000103570913410652 -0.000007073881661122036 -0.000004185101251517689 -0.0000016109195428481953 -8.069887106960517e-7 -2.588554727425902e-7 1.0576063215734662e-7 1.646737158936361e-7 2.932474865073818e-7 4.3563686446083967e-7 6.258200373064553e-7 7.836937638142131e-7 8.903238564675573e-8 -0.0000010792976576337605 -0.000006816165535817968 -0.000016214920281546167 -0.000015003405669163943 0.00000655790757425964 0.00004455370708771411 0.0001695593954155199 0.00027725639042894517 -0.0007067202597838883 -0.00152018156033857 -0.0049134992448055135 -0.00981666181678928 -0.017849512000010715 -0.008261964316004382 0.011368717491997858 0.04697782029964803 0.10277551219725789 0.16427925515202543 0.2394370273780409 0.22418869001213537 0.18676626175421085 0.16040755984494465 0.10046653110865363 0.08116035491662936 0.06924072065416907 0.09768749422895184 0.1553507431090279 0.21720903672586472 0.3107110665108844 0.4426899755013554 0.4768100068593221 0.3916482286923184 0.33429610098970813 0.37833089001912673 0.39851324361190754 0.3705304738544491 0.3737538252840471 0.3430496287429467 0.2752707019423486 0.20732829298482267 0.14113283397929316 0.1258293519087188 0.09344991938416773 0.037074674744933686 0.021157693269234657 0.007532159199565479 -0.004767593031862667 -0.019886684266842303 0.01795268085367803 0.07412016584264633 0.09208495911418774 0.09922705998137808 0.07904904678129665 0.10906635132991124 0.14883649448470515 0.18592280851889217 0.2117737247077229 0.2600802784988318 0.28628795253440914 0.34783785061945005 0.45676051287206637 0.504126238324167 0.6488612791774465 0.5703048531750613 0.40208217143044456 0.30220843149433846 0.22410911289034954 0.22748565310045785 0.2021105979968764 0.20452417664809047 0.16190017064936857 0.09824969721256238 0.0604464217746838 0.03370621658875959 0.018826031118418046 -0.0077404056167650025 -0.006518672851214724 -0.01055561570403048 -0.007931682162013507 -0.004095446243738517 -0.0025636028135806515 -0.0016287073467543681 -0.0006203202396642178 -0.00033071928287547076 -0.00011859524777223026 -0.00004561244572385428 0.000005810354386619375 0.000001633485928039917 0.000005633411612179701 0.000011437108999108895 0.000005997863250396095 0.0000032541847846400727 0.0000015979154210426463 4.410811601340338e-7 4.856629232562886e-8 7.962004397277484e-9 -8.90912086310958e-8 8.721396252909804e-10 8.550149280063597e-8 2.535399591224316e-7 6.123114346838583e-7 0.0000010476692741094986 0.000001593681664041874 0.0000020319131083127323 0.0000021065192898915204 0.0000020873329809094827 0.0000016672666696185977 0.000001255505184463418 7.662927890327267e-7 2.8440039907085653e-7 -9.572677320950744e-8 -2.2442059710617742e-7 -0.000004418673841687059 -0.000007397072696843631 -0.000010350357176071196 -0.000011523883141158759 -0.000011862853408107737 -0.000010613469929655246 -0.000008721973379436786 -0.000006162050314680525 -0.0000034652675098425173 -0.0000017454851629783224 -6.152187175831957e-7 -2.517268059932774e-7 1.723571768717517e-7 1.3717376657088793e-7 2.5688033744082714e-7 3.4449005790502917e-7 6.521655225809545e-7 5.742509146079091e-7 1.9702868567054162e-7 -5.257442354561897e-7 -0.0000024693526609251826 -0.000007540813480117228 -0.000009381418933377242 0.000005523262519543649 0.0000635165792762739 0.00009872613957256882 0.00023419681120180345 -0.0004757970692374772 -0.001030916062776555 -0.003333548440085107 -0.006015361894220709 -0.014598105565756681 -0.018164935903333092 -0.004766061572646018 0.014469199878898525 0.03153196995954302 0.027385923356729125 0.04862300398413767 0.06787093756652121 0.08927135774564293 0.0878397184109466 0.05750516958977976 0.050351556173148064 0.039774540287893796 0.06216334188424886 0.10561712349658624 0.14965029073793756 0.20222939938254286 0.2416861845594845 0.23165223803432033 0.24014774761106444 0.24117780527301258 0.25714552851610556 0.25379376520253094 0.2291711019368663 0.2301804122377469 0.2087593190378988 0.1764877748815374 0.13383546494642345 0.09143439962187183 0.05456236122619898 0.04048760826380843 0.018540619905211365 0.013895848046428282 0.0023355658049358575 -0.0014073597496963622 -0.012656529755932002 0.0002878170278887036 0.0413218143569828 0.05865659286380238 0.07231660459443054 0.08098223794012226 0.10014814859363513 0.12900482812295372 0.15323788250305045 0.1778595143492582 0.19881078623575668 0.23311697184278393 0.28473689569008204 0.35066150788365813 0.4018577427049666 0.4352099107366074 0.3779033777799789 0.2772013223489298 0.2062239396294376 0.15683089658056712 0.13825285711657695 0.13327349022498033 0.11047137034443125 0.08299495582692211 0.052699970065463474 0.02343794878804117 0.011099545018915462 0.0012364319593966804 -0.004792135636594768 -0.007506766618524212 -0.008423060318289655 -0.005685653058497225 -0.003182827849774532 -0.0017534979388404218 -0.0009581750558307466 -0.0004114400508688901 -0.00010465802649526585 -0.000002165760439564943 0.000014522055531945457 0.000004755557339308222 0.0000056748011837545895 0.000007922044922183606 0.000008013727873225374 0.000004726953650446546 0.0000020682066317812638 0.0000012592081534848067 1.174611652477368e-7 3.599860605744762e-8 -5.8966632699953375e-8 -5.261779152640532e-8 1.829760958373378e-8 2.1292634882693797e-7 3.9295509706074936e-7 8.454507870006214e-7 0.000001516689926887795 0.0000022543758731826275 0.0000028313140069644174 0.000003463691804794636 0.000002827993107405214 0.0000025024425548967093 0.0000017516395450978754 0.0000011107982424274658 5.25636858378413e-7 -8.36561838172508e-8 -4.403065299380914e-8 -0.000003603340170302745 -0.000005277277891454812 -0.000007508980562350783 -0.000009217716031370342 -0.000008987878177065716 -0.00000811488083262592 -0.000006390945430033677 -0.00000438963047931506 -0.000002849343272409876 -0.0000011083553653738558 -3.5772383169700894e-7 -1.6298563702273996e-8 5.1709825818798485e-8 1.3792339543965972e-7 1.9139118621420686e-7 2.51415641611726e-7 4.137143527721193e-7 5.555810843883395e-7 5.864742394902604e-7 -4.9359496404970454e-8 -0.0000026431075907518755 -0.000005063328176705128 -0.000006856747292292643 0.0000032206126703646245 0.000027997959102509763 0.00007582135209860692 0.0002508118883975636 0.00025110076586752096 -0.000868589179880904 -0.0019681764293039967 -0.0038668547526006162 -0.0050393757418376005 -0.009771670512235315 -0.01420774291629141 -0.005339445535898636 0.0031213926160213084 0.0107437246753031 0.02705766206104502 0.03171559353250036 0.021393198786944935 0.020878718627720443 0.020517813084490008 0.02686391033356133 0.024019457105437958 0.032818116545517584 0.055757580465081426 0.07931040207241905 0.11212548183227901 0.12405613192885379 0.14176904567515636 0.13005870129418515 0.11752957630136786 0.11575034450153482 0.1211633971834192 0.12730718679507885 0.1350280278840925 0.12109023287923239 0.09950956359906935 0.06627977340491292 0.03560449928540252 0.02436372229603082 0.012508308688745834 0.0023644011502493654 0.0007618663832723218 0.0009164322799581423 -0.0029647112248798024 -0.0039811686739349705 -0.0003187586915280419 0.014295034071520368 0.03736681887362807 0.04273979364163709 0.05674063371682522 0.07430474314142678 0.09249301865300047 0.11354679139582456 0.1245352771591917 0.13846097952853498 0.1551174997538642 0.1890576395590702 0.21998389830354836 0.2270104577687254 0.2291889005430159 0.2077440728607603 0.12486684026986054 0.10991128829359864 0.08372593043915741 0.07433530708970569 0.06319894714902652 0.053720624251198855 0.03151663796081988 0.012482272557924008 0.008167271498387713 0.002292183307428546 -0.00532641687177424 -0.005944116570944955 -0.005972459707919644 -0.0056839234369705635 -0.003470510073454929 -0.0019830103368620984 -0.0011404022270176302 -0.000549353449675609 -0.00021646095645500469 -0.00002070771554183522 0.00003480703390142126 0.00000901475719882032 0.00001171211859875829 0.000011416980916235235 0.000007766036355419138 0.000006593388566432245 0.0000027473536869187547 0.0000014047457112489254 4.66891417459922e-7 -2.5050298723330335e-8 1.7023581528881833e-8 -7.356657939926197e-8 -3.9635846311710436e-8 4.580807819169418e-8 2.0915381500170035e-7 5.75094324789912e-7 0.0000010993697576651132 0.0000018560385611199423 0.0000026290664079919473 0.000003586005506821517 0.000003873626789868828 0.0000034795085803120466 0.000003102012188828471 0.000002090824877388467 0.0000013222599606545109 6.261138532428435e-7 -4.249448422966364e-8 -8.448657420564263e-8 -0.000002067624314097014 -0.0000035470236122379262 -0.000004676455600252021 -0.000005730018927121422 -0.000006094207714843209 -0.000005877966554331744 -0.000004264667324118197 -0.000002926631811041038 -0.0000016619275516388354 -5.272834776404419e-7 -1.8693838628370257e-7 -1.3537308224910861e-8 7.68273688906676e-8 1.2660062012690685e-7 1.0876417288991006e-7 1.7472551352673282e-7 2.709907304055665e-7 4.834537499857076e-7 5.127545402273728e-7 4.223543843473179e-7 -0.000001051109900005575 -0.0000030038949362351016 -0.000006593064138693784 0.0000012700207631905438 0.000019458599401777564 0.000058657067532830827 0.00003940787478747063 0.00020348130771876663 -0.00007601627093378109 -0.0001485591309510943 -0.001914511442050921 -0.003216988672938232 -0.0030835086157317134 -0.0031681096208608676 -0.008004623897351612 0.00014700200048394494 -0.005259943746819268 -0.00787536812780085 -0.007164053676495818 0.006472742016291362 0.0071511858253742585 0.00953505478595271 0.010092536794881906 0.010234127875396437 0.011087281798325875 0.016841760138875006 0.03439133706916236 0.05469873922790867 0.059695120010441714 0.05535996089109778 0.06435875838052213 0.0685249064363098 0.05723267429116286 0.05515602252422353 0.05378767755036676 0.054599558934955335 0.042205211152392744 0.0376612677781842 0.022081067191616073 0.016548932408386122 0.010214760151407149 0.008209052570529838 0.0047273436285027335 0.0019262805592288304 0.00008151803524695606 -0.00201004965622239 -0.0036855805313707446 -0.00009904771351357668 0.004939040406984212 0.01927438560677372 0.02612841342100411 0.03441724482715355 0.04507640790716466 0.057671761869554694 0.06665923317357621 0.07290612162164896 0.07689286522517917 0.0957120513045956 0.119184736375505 0.1292490186975484 0.13748270562375886 0.11588430908394608 0.1040093568883993 0.08728068501671414 0.07043679284063978 0.050335537809608547 0.0322926147233275 0.021992852815465768 0.015049741242435664 0.005221647645006218 -0.0010599653432519511 -0.00008554343235391893 -0.00483002305346498 -0.005492637269381078 -0.0045971609566521875 -0.004719327206149386 -0.003007961834140701 -0.002174322708771802 -0.001095067882338329 -0.000594017932538225 -0.000206968224521934 0.0000023121288737302545 0.00006338389982941749 0.000013836530715759397 0.000023424004973515216 0.000013076238996840617 0.000009321910441722624 0.000006059144125048659 0.000003320896165078538 0.0000018823026484110173 4.5861577293640353e-7 2.0334683618941313e-7 2.266060987008506e-8 -6.615895377137474e-8 -7.487837562064627e-8 -5.2083152196305834e-8 7.432696485034981e-8 2.4989212847859957e-7 5.965067519008991e-7 0.0000012268441835604922 0.000002218600781676044 0.0000029807465518231035 0.0000037824503642997105 0.000003992593112061596 0.0000041210881376692745 0.000003404753805115107 0.000002305136148718214 0.000001446065530443504 6.975929016161057e-7 -4.0865250457559756e-8 1.5425422319324853e-8 -9.453021295261196e-7 -0.0000020713822835833092 -0.000002933509265815525 -0.000003315120692775357 -0.000003532172895509262 -0.0000030220168068544193 -0.0000024246634995364434 -0.0000015396179096431478 -8.383407415934958e-7 -2.8203901790262995e-7 1.7390028575738314e-8 5.722490692754466e-8 8.41670759275744e-8 8.553396371214107e-8 7.769539418430096e-8 1.2042997962454095e-7 1.5929539425644216e-7 3.2796560287776815e-7 3.451277059196906e-7 4.060069402055199e-7 -7.116366328889976e-7 -0.000002114144946991788 -0.0000025216866538397024 -0.000005756186823327213 0.00001264515499100065 0.000032066219901582174 0.000033650852471654314 0.000032852691686699944 -0.000013190895641062098 0.000008598090930733114 -0.0003224563062076822 -0.0010995293582734312 -0.0021306496658272337 -0.0024321571652335602 -0.003984500048589417 -0.002054958900405107 -0.0016632542111805614 0.000285403602310366 -0.001401460687748233 -0.003117980619307551 0.000059267462644001885 0.0016336329825558248 0.004700261289694691 0.005777533822441091 0.006312435554042094 0.006985703625951998 0.007272178488046462 0.015581065270385414 0.022133447534956864 0.022671923008929267 0.02379081171478241 0.021341310052605374 0.020964045794225037 0.020600246982718777 0.017898028977382453 0.009416673274326774 0.015206278760460934 0.009242359186426513 0.011570878547711796 0.005946320217671545 0.006720513870930329 0.001468997363985756 -0.0002684425029874717 0.0001228177645258064 -0.0005387657417091211 -0.00027752199065163925 -0.001485522035154499 -0.0013279921493293855 0.004676078903229648 0.006400008279424864 0.011072425001303746 0.018202129706814292 0.021440432891364526 0.026327137954131333 0.031033656224179064 0.034562495250463135 0.030392630819700756 0.032541474844539044 0.048968819989822776 0.06059011544386589 0.06481887774250084 0.07354205420661003 0.05944841263345358 0.04498813539503066 0.03126305690755824 0.016880263336989568 0.013778346097147363 0.009760015031862093 0.005036935678652022 0.0009541153718061059 -0.001981204527651935 -0.00262728643307311 -0.003617625720015172 -0.0038690723825246056 -0.0037860435624091906 -0.0027948477005760174 -0.0017169774175135758 -0.0009653528741633622 -0.0005681445914939583 -0.00020940797713547875 -0.00008225195458925008 0.0000013910777983391823 0.000017013395771592993 0.000020045338303314245 0.000020559683396198678 0.000011715231648772683 0.000007564862647636546 0.000004391448360679138 0.000002277680414683463 6.974644871374626e-7 3.5626248572736557e-7 -1.5582879098146256e-8 -4.4344727630816624e-8 -1.1571806289806135e-7 -9.505166480745794e-8 -7.16954494704509e-8 3.567736975697553e-8 2.296840871191704e-7 5.643584006447807e-7 0.0000010694914267363993 0.0000018535452706919279 0.0000026225371862027787 0.000003546090495802224 0.00000415150879982307 0.000003432626727939357 0.0000028771491511169397 0.00000216368703528633 0.0000013890367433574057 6.729834365546011e-7 -4.6995055276228183e-8 1.49975950701332e-7 -2.96637228992073e-7 -6.594345139233713e-7 -0.000001388089286830627 -0.0000016564862795826418 -0.000001716956547724026 -0.0000015477550511472126 -0.000001061782846558277 -9.075424954168225e-7 -4.2080661725114927e-7 1.7082940970199408e-8 5.188713533602411e-8 5.8061575700624706e-8 5.858380626125027e-8 5.0940730295010464e-8 4.117139917545182e-8 6.352604698134146e-8 1.2200275394182095e-7 1.9579512962541115e-7 2.335058901047658e-7 4.058499636732492e-7 -1.2864893529277398e-7 -0.0000012973436449978681 -0.000001473745664246838 -0.0000019000913823885127 5.598296606749751e-7 0.00001386940533566 0.00003112202464519303 0.00006151226964749048 0.00004758773931988038 0.0001025993572650468 -0.000054506031130964203 -0.000345644417693335 -0.0008197534305491009 -0.0012917487924127091 -0.0014931523170926867 -0.0012993325229918844 -0.0011980820699440215 -0.0018560247079002184 -0.00043006950160725914 0.00034797579905832823 0.0006560966492351508 0.00038365296544740676 0.000031338265430874766 -0.0007045086147216107 -0.0005039409714486017 0.0006727765639790048 0.0024559596832566745 0.002483111792534246 -0.0003451219384050363 0.0019515984341628024 0.0014150702325364751 0.0027004978994739103 0.0008353409630534321 0.0020611307906854455 0.0038484828353836003 0.004177263255930726 0.0031868419667782644 0.0044414775730641795 0.0004237543223963667 0.0009087427304224539 -0.0016903660343678083 -0.000302385439850459 0.0001519257882774546 -0.0008735211846716749 -0.0005167522456049026 -0.00023571634735117781 -0.0005523186238682822 -0.0007400241663264936 -0.00008850948538824642 0.002748405089653496 0.003989399129775269 0.005018767708302543 0.006861475967984212 0.006136072177476584 0.007942307011857995 0.009883883638781349 0.013739246322318904 0.01684245181921857 0.00915228164392031 0.00962204959853382 0.021271117763484202 0.013076611686181046 0.014716136362597339 0.015589980977623076 0.010705695683478386 0.009591849612824931 0.0030841030020077277 0.0005203946197815998 -0.0017315241989407806 -0.0034754377850996616 -0.002590680265572188 -0.003777380922497862 -0.004644419635804511 -0.003611147105799961 -0.002353537363399225 -0.0016579769439348153 -0.0010504114576291757 -0.0005629621550860811 -0.0002469470234727954 -0.00011483533303969311 -0.00005745652643269644 0.0000540113248869222 0.000025065816699914302 0.000023631115893341495 0.00001536709306325733 0.00001034429772501182 0.000005080664081831175 0.000002994979152830866 0.0000010233098039164144 5.588134625796801e-7 7.690667829250275e-8 -7.162108353024076e-8 -8.681056688433066e-8 -1.1865226847801837e-7 -6.770050909452337e-8 -7.227393624890428e-8 8.065432838296827e-9 1.7979790328092544e-7 5.057044755530508e-7 8.544980310448355e-7 0.0000015807840271979475 0.000002340032179509758 0.000002816609597522889 0.0000031794834482462065 0.0000026900237459673533 0.00000240912969625949 0.0000016458290049536714 0.0000011576447502166129 5.725792394109462e-7 -8.262325374937664e-8 1.4840312238061142e-7 1.3794776160169143e-7 -1.3287858854668986e-7 -4.7256166792347444e-7 -5.010513582720601e-7 -4.991130563721984e-7 -2.598823501067112e-7 -3.733666813708173e-7 -8.611670440658055e-8 -5.6550994420732196e-8 8.821805303284355e-8 6.849415768549293e-8 4.943954950399739e-8 4.021932938551242e-8 3.461881474728861e-8 1.7849940138376502e-8 4.406840273057308e-8 6.811907709253232e-8 1.2457584714297592e-7 2.0145352711688703e-7 2.7112062071580974e-7 -1.2740552942812003e-7 -5.264372252850247e-7 -0.000001253497554657113 -9.703297587595308e-7 -0.0000027583285335968715 0.000006699584626150097 0.000008815017843183629 0.000031495532334863665 0.00002516937887859984 0.000014047986668312695 0.00003313399335175672 -0.00010519186509912061 -0.0003075447410266826 -0.00019377506098554437 -0.00028475848006464854 -0.0004078599661066623 -0.0003654122201081682 0.000307185168134494 -0.0001274518487597856 -0.0003146866867701885 -0.000323422003010027 -0.0012721103242749174 -0.0011918297125531167 -0.0013257018240052192 -0.0015251962104091317 -0.0033047615832188758 -0.002728509087377359 -0.005196710000982569 -0.004975421526422279 -0.0037009147186759105 -0.0046376661456101025 -0.006361776420864451 -0.0038361457986733757 -0.004158958338914375 -0.005221896346184298 -0.0019106634646168371 -0.0017576030933872746 -0.002569482442902073 -0.0010515938535054887 -0.0016068723298823852 -0.0011979165955323006 -0.001216577470867439 -0.0023155529322132712 -0.0008986412183505934 -0.0006086254509068253 -0.00035418744857936116 -0.0003279243496318231 -0.0005238140308965701 0.000004555249538345207 -0.0003078535240204527 0.0006444825727038496 0.0005887335415956975 0.0010039812175195342 0.002057277040200774 0.0022044921283657917 0.0012545681960629562 -0.0001460674874605492 0.00041217596240246044 0.0029702238672312882 0.003082413892336505 0.002925142700046878 0.005345707222816118 0.006536794130138098 0.0026973676632192378 0.002716068061802741 -0.0011354399509626283 -0.0030318105512265126 -0.0034441099559619484 -0.0036051107364173654 -0.0034302258173563023 -0.004294589369367309 -0.003771309366067681 -0.0029814595333090646 -0.0018688765990696968 -0.0013034170335294699 -0.0007499219414620858 -0.0004381976799747543 -0.00023064954459339396 -0.00011002519568187606 -0.000027200689169351595 0.00004108169783076988 0.00005607629339701019 0.000025624831084150627 0.00001939733443540924 0.000013076588785958465 0.000007359087929307392 0.000003660999566846173 0.000001500549974011743 5.395484835227549e-7 1.3116177915395847e-7 -8.88447755179567e-8 -2.1310053433796483e-8 -8.918182529207709e-8 -9.657928453408428e-8 -6.753452743337806e-8 -5.890434067605799e-8 -2.4023501052658867e-8 6.435920910612766e-8 3.960622143852608e-7 6.205291876619599e-7 0.000001166787995647374 0.0000015610285110398033 0.000002101169230018307 0.0000022292376546329083 0.0000020869519299139398 0.0000016627982284079608 0.0000012605871598088709 7.274847988880128e-7 3.175235872597686e-7 -8.116840253422939e-8 4.424659306604711e-8 8.314780104544324e-8 -3.559538345839428e-9 9.960137875957191e-8 8.138779490409283e-8 -1.1240524131536472e-7 -1.3164588333003547e-7 7.749188616716926e-9 4.376597400653782e-8 6.671324904814121e-8 8.532496819334387e-8 4.671384575030234e-8 3.813184023658452e-8 2.4999055022670018e-8 1.8014959412525837e-8 7.0523040988571005e-9 1.6871180157761902e-8 4.261660445908217e-8 7.657524907343491e-8 1.1845447910144902e-7 2.4756475493922615e-7 5.350626081672281e-8 -3.0427333098071266e-7 -9.665870527037019e-7 -9.01338604495981e-7 -0.000003138608247340746 4.423719417634467e-7 0.000004744372334748567 0.000005515288450066789 0.000018279275448743474 0.00002839984965562712 -0.00003692505268382872 -0.00006863456142246595 -0.0001859525334555517 -0.0002701512021420777 -0.00022718386179414497 -0.00011875881739466103 0.000014149626473309653 -0.00004706841549721066 -0.00014033613751600492 -0.00011785199704613824 -0.0005179314076942657 -0.0008492791746685843 -0.0017370940706954194 -0.002114147510743726 -0.002347223631745671 -0.0025251924040948525 -0.0024289719341550092 -0.00268631085120259 -0.005750888331025687 -0.009145997956245636 -0.006446453998934047 -0.004998204804910417 -0.004898012751862885 -0.004952132139955095 -0.003788664262325625 -0.0036918007186102744 -0.002292701236137405 -0.0016098749208449967 -0.0016986617194508435 -0.00166967148768323 -0.001482137917610412 -0.001537383807954754 -0.001168241187236796 -0.0007567554373543511 -0.0005855582342631692 -0.00033721573104259254 -0.0004941437599942125 -0.0006751869222211153 -0.001087344899204292 -0.0011385901037470369 -0.0017175261437110934 -0.002199293050606161 -0.0016477802802249283 -0.001591306984216501 -0.0016180676330699406 -0.0023965589668722624 -0.002110782283868543 -0.002462093876288276 -0.0008997844500804948 -0.0007400897515687131 -0.0009905491187771457 -0.000573080970671525 -0.003137022128597617 -0.001704993764621153 -0.0038171819308961733 -0.00391979239586545 -0.003556760087975617 -0.0026208613536611324 -0.003379966061090247 -0.0031805873724487354 -0.002906984479233805 -0.0020674804268352525 -0.0016207010907050717 -0.0011979113801717986 -0.0007046167730497497 -0.0004699976874909303 -0.00023750086986135984 -0.00006496658143011239 9.300520686600339e-7 0.000046242567573142214 0.000024670788679269454 0.00002680913455988562 0.000021439989743705253 0.00001619431615348258 0.000009073245707981525 0.000005491748705317859 0.0000018821097702101775 9.300140439824158e-7 3.860422178360511e-7 8.972296533128089e-8 -1.1493106347847755e-7 -5.894043813623273e-8 -7.94336019023437e-8 -5.972146805711841e-8 -5.3781381386569706e-8 -5.538541251267333e-8 -1.9411989686855862e-8 5.4666170087882444e-8 2.0080660529914096e-7 4.4836883409671506e-7 7.64381757394665e-7 9.919901458273031e-7 0.000001217318071810633 0.0000013658842385449314 0.0000012702583012434288 0.0000010939659634917224 7.796231746518813e-7 4.3477908958038725e-7 9.35504485333349e-8 -5.322216357678327e-8 2.162936597620764e-8 1.5478126438731743e-7 1.963838738587348e-7 1.30186521691203e-7 1.2252728964250918e-7 1.459066198611104e-7 1.1596226453934424e-7 1.5444957112081066e-7 7.346202758249633e-8 7.470821237815676e-8 6.37714490825633e-8 3.579898576299598e-8 2.2647688248470986e-8 1.2368770460357848e-8 4.049317809009326e-9 1.3031888640534996e-9 5.887388331113996e-9 1.3155545046492511e-8 4.1202199256422854e-8 8.036159169745678e-8 1.6110577618444732e-7 1.2308521113625323e-7 -5.3003266552069175e-8 -4.910594319288617e-7 -0.0000011367084814165962 -0.0000020241871406849405 -0.000002190682509245635 -6.382171483175135e-7 0.000004034569912864238 0.0000059704193311196396 0.000011046089330315896 -0.0000045556556103138875 -0.00005090603204019651 -0.00008286442919851403 -0.00010904546765053166 -0.00012360615568193664 -0.00013211043136502671 -0.00005106031489632592 -0.000036696102115660765 -0.00012262485936625518 -0.0001568096848187792 -0.0002963978888252521 -0.0006409873019512406 -0.0010678634865928561 -0.0014582554151702028 -0.0016941771444651797 -0.0019174921802305796 -0.0021521326807065833 -0.0026815385759946615 -0.00305353264891302 -0.0027753604998121996 -0.004437961462221798 -0.004792145695392571 -0.003799034036398224 -0.003749995991989614 -0.0034610262286006808 -0.002803749125755233 -0.0029334042387035683 -0.0026636286013046657 -0.002105377809306754 -0.0013487636264763409 -0.001110914780854758 -0.0009012122632808713 -0.0008169129772551328 -0.0006434358232701774 -0.00048347215776900373 -0.00028359018474819814 -0.0004072164026335642 -0.0005345346109974107 -0.0007750180584245559 -0.0012195209466417133 -0.0012201402488622832 -0.0013402925619241297 -0.001718213501303904 -0.002476380039313247 -0.0027763465596121603 -0.0027454244332339142 -0.003374403336203916 -0.00398408000921507 -0.004051093774429733 -0.0035417035971251126 -0.0034853370852966094 -0.003073200648206341 -0.0020425699296158914 -0.0024902107059823477 -0.002792001198953394 -0.0031681842364972195 -0.002512127971746612 -0.0028652117889375046 -0.002673946097277973 -0.0018536750048784793 -0.001475397925557845 -0.001163733172328645 -0.0007372873262198753 -0.0004262149359122043 -0.000255562269472211 -0.00018284120626311324 -0.000021057641961279872 -0.000026456621175363058 0.000016747443354836785 0.00003213049905389364 0.00003351033173576209 0.000025189641205997416 0.000016855285004586873 0.000010140588215012959 0.000004982950061818376 0.000003113224259236603 8.138944609393466e-7 3.6878059448925606e-7 1.5487288195336833e-7 -1.6776603330651484e-7 -7.727338322710881e-8 -5.691234861430017e-8 -5.148035139992228e-8 -4.345439170911374e-8 -4.224228294941814e-8 -3.596140616597538e-8 -4.522204763434255e-8 1.8307105502586123e-8 8.186883358442943e-8 1.978386898014299e-7 3.614584211720327e-7 5.618210538683209e-7 7.0503984933739e-7 7.114353508782225e-7 6.197056710275157e-7 5.218664441756418e-7 2.7192178089501177e-7 1.828334143825162e-7 6.350402870315043e-8 -4.464091469260019e-8 1.299417305440206e-8 1.331816876292907e-7 3.1467663221089074e-7 2.827065859677539e-7 2.829140341608712e-7 4.353596628294759e-7 2.5057849291705377e-7 1.6672877035221856e-7 9.321700507335717e-8 7.199690776967394e-8 3.003368743984518e-8 2.1134359881900183e-8 1.0146433415872346e-8 3.1785503115155635e-9 1.0653887343700195e-9 3.7981681781097026e-11 -4.5657607920661235e-10 6.853167304583633e-9 2.194081948230494e-8 4.84984187060039e-8 9.973384164230645e-8 1.4673219947702656e-7 -2.8680856004841813e-8 -2.2895180525941565e-7 -6.49222427192402e-7 -0.000001064082110147259 -0.0000014440069101732383 -0.0000014052320064019012 -0.0000024850292112017464 -0.0000031389435793522322 3.897922307974028e-7 -0.000003900834042219935 -0.000016132205423951098 -0.00004097988805573176 -0.00005035182269341991 -0.00007693822889978208 -0.00010416777478190687 -0.00010915711448870171 -0.00012941517782829993 -0.0001174650126045416 -0.00017334095876010488 -0.00029000110229095735 -0.00041370598104430113 -0.0005554287590677265 -0.0008550636177337294 -0.0009978168092733334 -0.0011401029970765052 -0.0011697265917929602 -0.0011183850460635943 -0.00162670784582959 -0.0018982739157578571 -0.002083098726120725 -0.0022007181094971604 -0.002110567069585517 -0.0019438117381669002 -0.0019018825815186587 -0.0017158001630018782 -0.0017186814269290033 -0.0014633333830004192 -0.0012319999259267109 -0.0009042412901356085 -0.0007183255432672398 -0.0007048034315040902 -0.0005143844239866708 -0.0003835294676274499 -0.0003060211292295543 -0.00023934734296444265 -0.00031519082899594564 -0.0004224240990816501 -0.0005480956623291628 -0.0007397494082495786 -0.00092186995955906 -0.0010988573545096917 -0.0012780275651130284 -0.001572722229842773 -0.0019703491230067304 -0.002074653008299003 -0.002154557834632117 -0.0025634337098140963 -0.0028579400722818656 -0.002364827825369875 -0.002307349262141851 -0.002248438753835892 -0.0025702936359917276 -0.0026378027909768863 -0.0022617552733930893 -0.0020602361713589114 -0.001884267891962015 -0.0016402231122511805 -0.0012737405860124811 -0.0010333712500086275 -0.0007305307223889351 -0.00044562425510989587 -0.0003477521626761488 -0.00024808472459924734 -0.00018160765747501364 0.000013078748600910715 -0.000013815951825913418 0.000038852134934247295 0.0000384270547472645 0.000028523603916263492 0.000023454458316098766 0.00001538894856838246 0.000009114845896489921 0.0000049143205428141646 0.0000026442032214749527 0.0000013934312821418107 4.103394701433258e-7 3.2621531742074765e-7 -3.128473895061845e-8 -7.926829265534124e-8 -5.607221238131387e-8 -5.413225372350652e-8 -3.489253651003525e-8 -2.5486106695155643e-8 -2.4350133025944413e-8 -2.573385253138095e-8 -3.744594073373103e-8 -3.7621306081615127e-8 -9.876241554910614e-9 1.1861304567195424e-8 1.1987179087007633e-7 1.3837703807496911e-7 2.486189998269433e-7 3.4332754341175915e-7 2.81564489382505e-7 2.071401601142035e-7 1.3096352611655325e-7 7.500037330644994e-8 -2.1980958535246684e-8 -2.6279437715591467e-8 3.0889769918739717e-9 1.897806344893341e-7 4.1728385675477957e-7 5.827356498044738e-7 0.0000010389697964351094 2.216826050565697e-7 2.4256653745565546e-7 1.7125495638649344e-7 1.6690870869172207e-7 6.562319486541533e-8 1.259681148407e-8 6.9986323962547774e-9 1.793870218060603e-9 1.0958212921042728e-9 1.359465712990592e-9 -9.371951341370188e-10 1.3963234911803766e-9 3.345484022956146e-9 1.0016487723225203e-8 2.7446486226271778e-8 7.204043302858998e-8 1.3153521509645684e-7 1.3280925218884033e-7 -3.399676806922495e-8 -2.5835092329165207e-7 -6.654285068049734e-7 -0.0000018062590110958382 -0.000001692797961752133 -0.000001697122759246614 -0.0000023835424027976945 -0.00000602846830141801 -0.00000626702982278487 -0.000012465991245260547 -0.000024162254971845497 -0.000037663991969240705 -0.00006032469823283207 -0.00007803869566450506 -0.0000985913940339824 -0.00011086992108713858 -0.00013849695641636583 -0.00017618987254291213 -0.000187293291260632 -0.00019743440350569597 -0.00025896479305700855 -0.0003255498900216803 -0.0004395785955398463 -0.0005392035065323169 -0.000547226596851975 -0.0006071261160954594 -0.000666952404327846 -0.0007125036984237619 -0.0009064814556292332 -0.0009273614703279275 -0.0009636071171832563 -0.0011035066102052851 -0.000973337485605615 -0.0008947771210206366 -0.000847866854524968 -0.0007505495733812072 -0.0006803861648230515 -0.0005588479792509441 -0.0004642286164998782 -0.00032494431258378966 -0.0002620469322388108 -0.00020306079397958544 -0.0001828683987591803 -0.0001865629104469123 -0.00018609698387694185 -0.00021026944317141327 -0.0002714511592470171 -0.00040030833234702787 -0.000491527780858959 -0.0006963479213426008 -0.000845749068641685 -0.0010233043722347724 -0.0011901131314308087 -0.0014151296029080711 -0.0015674745163924214 -0.0016283625836548254 -0.001656896054569662 -0.001690337411761259 -0.0017415791089917963 -0.0016842311011938834 -0.001707553032137822 -0.0016187244144290442 -0.0014872183258751478 -0.0013374067284167186 -0.0011875300883651514 -0.000997883289565179 -0.0008198479666551587 -0.0005777638923013142 -0.00041819951141471983 -0.0002924359857846606 -0.0001410031579836488 -0.00004682278489150738 0.00004562628259195788 0.000016706709556648693 0.00004327720995949757 0.00004599332004874514 0.000029846157842186765 0.000023215286353109285 0.000014202002805618975 0.000007814514914968242 0.000005200165568364516 0.0000029690025896200127 0.0000012795876032514434 4.710111435621431e-7 1.1442713149361063e-7 -6.801765860340033e-8 -1.6952369817573469e-7 -7.209112931585951e-8 -5.2806402772222646e-8 -3.4952768726487256e-8 -2.2931806756605018e-8 -1.278785058713361e-8 -8.365890473056322e-9 -1.3391224365632013e-8 -1.8023705470167533e-8 -1.6891070169790902e-8 -4.298059075162664e-9 -3.4697786784161545e-8 2.279725485635382e-8 6.520737053658344e-8 9.521419919491253e-8 4.356700946615794e-8 2.8447416711032427e-8 8.05107583628961e-8 2.5449655668368326e-8 -8.882609457108269e-9 -4.354741897152179e-8 -1.540365339289772e-8 -1.938885379713177e-8 5.642008255637722e-7 0.0000012133677783201601 0.0000021558411763554473 0.000001333167179133566 0.000001216968507890662 8.66394242965209e-7 2.988703747841951e-7 1.317717440755041e-7 5.855928392707205e-8 4.2954705545425166e-8 8.102607636719504e-9 2.522219120002594e-9 5.118489486152419e-10 1.3993520557722125e-9 3.550590979701486e-11 9.275466657051716e-10 3.2580405229349488e-9 8.213664996149725e-9 2.6559016032459452e-8 6.188609797176489e-8 8.548769059022449e-8 1.735240134037236e-7 1.7989013667071996e-7 6.203815868375134e-8 -1.9018001862202474e-7 -4.6062957922411954e-7 -6.917175499545609e-7 -9.707387214459423e-7 -0.0000012916404985413565 -0.0000032407815206547538 -0.000006105611896829685 -0.000008119650997691986 -0.000013415535399760675 -0.000026508135181701842 -0.000041890809940284776 -0.00005545554093888183 -0.00007773069200127322 -0.00009060038889750641 -0.00009567590283161154 -0.00009359662144916486 -0.00008311690881121564 -0.00007058553421774593 -0.00006893150557143574 -0.0000782802445642396 -0.00015897700558495354 -0.00015730057511969698 -0.00021016075767109002 -0.0002752557425969116 -0.00025054333740692276 -0.0003514978199499263 -0.0003621799025998236 -0.0002810074006914618 -0.00047296362853803213 -0.0003583544991510996 -0.00043962121343968087 -0.00046919618481719487 -0.00039906279004716847 -0.00041422856606559966 -0.0003272611689456442 -0.00022817376648757144 -0.00017107123180970835 -0.0001157090438367965 -0.00012939001634056698 -0.00008020403563379358 -0.0000874321484187965 -0.00007575809514977944 -0.00008788930604025924 -0.00011621960192417772 -0.00016383764638205482 -0.00019362261380253683 -0.00027083534016510857 -0.0003828288569040122 -0.0004979978965243767 -0.0005619347690831079 -0.0006416509188344551 -0.0007148857112527872 -0.0007768178337192527 -0.0009266186736019991 -0.0010295493307259217 -0.0010586060831985148 -0.001075959145125455 -0.0011287996657687166 -0.001135169370487932 -0.0010579664993781738 -0.0009803874069812314 -0.00091782369754663 -0.0006976217610372542 -0.0005194197750497205 -0.0003165215268651206 -0.00027715593041073 -0.00011772463989395933 -0.00007422722097263347 -0.0000049902332099365675 0.000008041597278440075 0.000015755159579061253 0.000042455743878482805 0.00003691950362180458 0.000024388481008938024 0.000014038445601133652 0.000009459187865546662 0.000007257289288797227 0.000004306528239410284 0.0000025364095004893476 8.424657190761338e-7 2.3428512701077955e-7 4.225849351788011e-8 -1.4435274061443384e-9 -1.3977828652205415e-7 -7.627388398476022e-8 -4.2487443177931805e-8 -3.2904375599880345e-8 -1.7519586382853593e-8 -7.283051316074075e-9 -1.9902728611527017e-9 1.5158876839814246e-9 -2.359980516695345e-9 -9.851203581273735e-9 -1.7829677840239996e-8 -2.6378764032867147e-8 -3.859175615461133e-8 -7.090116388430102e-8 -5.307051507455809e-8 -2.9743499343371107e-8 6.584602903170947e-9 -2.00677989420263e-8 -2.3630841050253807e-8 -4.4642516291838885e-8 -6.564061878883145e-8 -4.7819205831999504e-8 -1.1281972351576884e-8 1.092800010434778e-7 2.2623141337377576e-7 -2.184359227937055e-7 -0.0000021446807423139458 -0.000004430913571630604 -0.0000020982925601166635 -0.0000014003988731242004 3.158176153223992e-7 2.474857085435686e-7 6.846470208035517e-8 4.213541689855321e-8 1.0524353850668524e-8 3.8595797583461725e-9 5.703339331865546e-9 4.786292974415786e-9 6.925611484582595e-9 8.410439273469722e-9 1.1142119773954918e-8 1.63273885211696e-8 2.932438584672569e-8 5.2238108384905955e-8 8.558210849463431e-8 1.172474412975232e-7 1.566451906446075e-7 1.6622427706933507e-7 1.5613655190488866e-7 1.6880310119372733e-8 -2.2915669776475238e-7 -4.2316326969135595e-7 -5.458234852121782e-7 -0.0000019014086840141288 -0.0000034288524229649424 -0.000004850801297597887 -0.000007033864383593266 -0.000010362344786592958 -0.000019728036526870685 -0.000032093535549172425 -0.0000379508541365301 -0.000043732603792117637 -0.00004957887973706256 -0.000052229371076741746 -0.0000361536462710024 -0.000025550884725109 0.000011476531937097146 0.0000301490373488 0.00003809063405754106 -0.0000216345235981923 0.000012539149478129594 -0.0000018427936335590481 -0.0000793500247691001 -0.00009531634354876976 -0.000057032097714984615 -0.00007153209611712941 -0.00004205106853539406 -0.00010182955340493213 -0.00012856789182093408 -0.00011062161505261333 -0.00013865109354704996 -0.0001068882184996426 -0.00006913450409282223 -0.00006926352579967376 -0.00002786964857406562 -0.00002841424608992695 -0.00002480561520735273 -0.000031203042755166316 -0.00003935553490928944 -0.00004406642554950627 -0.000040867220777122624 -0.000025296994436367094 -0.00004617499356741389 -0.00008000165592697014 -0.00010154773867754216 -0.00012952715031037214 -0.00020856924255204738 -0.0002389017366682753 -0.00026937401327577643 -0.0002991970368124349 -0.0003944593881256959 -0.0004369997158833051 -0.00048371665947220956 -0.0005623696939724785 -0.0005728713839264757 -0.0005339307646897694 -0.000519082600723168 -0.0005087365236200303 -0.0004053544137404752 -0.00038511215500389926 -0.00026392210851913 -0.0001946213146638496 -0.0001493400033099251 -0.00004656801237674637 0.000004559296190883786 -0.000010484431002646706 0.000018954346090383906 0.000014453694609811794 0.00002547828845848161 0.00002668516639373126 0.000020918195378374092 0.00001578973331516829 0.0000071286101768007065 0.0000059146432215185265 0.0000030837466133937198 0.0000015686761609722126 8.398192643229839e-8 2.6052637687859403e-7 1.0430404667560347e-7 -6.6100295363503e-8 -1.0568988639697133e-7 -7.158098971832519e-8 -5.6543771135522145e-8 -3.032704324909955e-8 -1.6566530068249704e-8 -1.65832972682045e-9 7.851708507060562e-9 5.823706033081839e-9 7.716406446063188e-9 8.89967545730702e-9 4.274255326287967e-9 -3.912606961106895e-9 -9.759379214120196e-9 -1.7068570952649073e-8 -2.6915559987613073e-8 -2.4158819596422133e-8 -1.7246881944630926e-8 -2.202389357925553e-8 -1.8684991815262093e-8 -3.0721678962922703e-8 -3.324568777406933e-8 -3.459245989483394e-8 -2.6818915853201236e-8 -9.090908732082588e-9 3.19882872326618e-7 -4.245203348587562e-7 -0.000002529801258266115 -0.000008069707168029174 -0.000010072230712984273 -0.000009492605770065797 -0.000005374393850445762 8.108914883825e-7 6.909490502613291e-8 3.424284034698521e-8 1.1036448094967653e-7 3.110972072891619e-8 9.727633036788026e-9 5.5749548805599255e-9 1.0403077580961373e-8 1.7497716054518062e-8 1.748722025340464e-8 2.549276494757497e-8 2.4886577095124113e-8 3.2515136950814515e-8 4.2053384813548996e-8 6.558081672653733e-8 1.0459831025819663e-7 1.4754619125415268e-7 1.878451863448446e-7 1.959403153794586e-7 3.6394979121518063e-7 3.1974352650456075e-7 1.9888824171579155e-7 3.8923549571626464e-7 2.3569046756202244e-7 -9.51263410717009e-7 -0.0000018461069597873113 -0.000003756121974527875 -0.000006057454350601217 -0.000008377485498190884 -0.000010160898487337417 -0.000017129073850762536 -0.00001901039348832399 -0.00001603440930535239 -0.000010907146631920675 -0.000008418321758532505 -0.000002108590217137947 0.0000021666371025416342 0.00001527657040379822 0.000018511258549044082 0.00002777186353864021 0.000009080399649020059 -0.0000052479252009642125 0.0000439060582033619 0.00003382900052735228 0.000008726447280638055 -0.000021822646908167475 -0.00002563194905770934 -0.00002682496884732986 -0.000011882074501953617 -0.000006340998126355294 0.000012276767236065215 0.00001440428712798545 0.000001732453861994004 0.0000043935514111150396 0.000002246136476656793 -0.00001073001081050604 -0.00001616732578621894 -0.000009600118590130096 -0.000008522709979490498 -0.000006255128348825356 -0.000011044998776158107 -0.000011381285255049094 -0.000012354590533857763 -0.000004118956319897155 -0.00003421466844770917 -0.00003483416260192934 -0.00005126029889484681 -0.00008572589354106745 -0.0001467453171179105 -0.00016298082050516732 -0.00014235169891809764 -0.00017221854226392725 -0.0002045242581208543 -0.0002110330978155118 -0.0002593114521962617 -0.0002948950498359936 -0.0002724463123126985 -0.00022763206589827728 -0.00021924814220134284 -0.00010557120344541215 -0.00003634741911703073 -0.00003655318457866118 0.00001207667692481357 0.0000083442349695447 0.000011200150316719122 0.000031929799828572045 0.00002507744724983519 0.000022826471042389066 0.000026566689843516183 0.000014492597380099463 0.000010607069007790901 0.000005405040939639283 0.000004170239580034228 0.0000022007483118628314 1.8669776406317978e-7 4.6484902665186664e-8 -2.935373516076263e-7 -4.584200375205911e-9 -9.470425385561163e-8 -7.880380459538322e-8 -1.0895847906166884e-7 -5.52254572197222e-8 -4.04449082966349e-8 -1.8322235778526695e-8 6.212181805927281e-9 1.6809656008611125e-8 1.9867926547625216e-8 1.794949919913219e-8 1.390660962388827e-8 1.9535655041525985e-8 3.207570914717489e-8 2.6080490302079626e-8 9.727796580493128e-9 7.595925090635288e-9 6.857544167549174e-9 1.1342503248640691e-8 1.0630294876226093e-8 1.0165456228701085e-8 4.707886594499402e-9 1.952085820338274e-9 -9.647705869324006e-9 -1.0152205210187439e-8 -1.5495164719781755e-8 -7.530559569014059e-9 5.099262146663307e-7 -0.0000017719537309620365 -0.000007540071523833896 -0.000019019331950962837 -0.000026180878934665667 -0.000019656612386349857 -0.000010435410327954319 -0.0000024294915440355746 -1.6509261768634788e-7 4.0505367217025186e-8 8.299514619158892e-8 6.063103449389708e-8 1.2875254976309079e-8 1.6127453240200407e-8 1.696398876446044e-8 3.300534862027917e-8 4.203279297130519e-8 3.320335491198072e-8 3.210519514075967e-8 4.78179306045633e-8 4.167905111149076e-8 2.0503713609092178e-8 6.412776653689896e-8 6.761047921394076e-8 2.107921637992666e-7 3.4619001390282267e-7 3.5587738151765525e-7 4.1499046876850187e-7 2.491542923159319e-7 1.21376758382978e-7 2.3623511371553025e-7 3.979487770474086e-7 -1.70807274284855e-7 -6.326896895726902e-7 -7.35971813855932e-7 -0.0000029069626958939537 -0.000004162725349300036 -0.0000014064649716347975 -2.4542733983381625e-7 -0.000001738205718120819 -0.0000036445367114501496 -0.0000019068777513993398 5.636645781491579e-7 0.000006871021938472267 0.000020465150768410565 0.00002057524834122091 0.000022598773516556687 0.000034835656277432546 0.00004185280010997957 0.000028064153991584096 0.000021762953659242354 0.00002333260360247463 0.00002378608355510214 0.000020811561698740256 0.00001956670545296352 0.0000021315240650726155 -1.3477999472344928e-7 0.000021183557665121662 0.000011310539619171475 0.000002466396845699773 0.0000057751390673627016 0.000002884751165227869 0.000010407380728024105 0.000008802022318273006 0.0000030379789804940124 6.227727576971892e-8 4.751800714157935e-7 -3.834934392424685e-7 0.0000010321190332569457 -0.0000025122973665379405 -0.000004331336450778183 0.000007941031053350704 0.0000035843866345784963 -0.000004381003491689648 -0.000016493699694716313 -0.0000011036086233289388 -0.000013369946823689688 -0.000027135593909374178 -0.00002504695880299583 -0.00002916459639205066 -0.00007860585699134991 -0.0000854142302339378 -0.00004255940822893631 -0.00006488656385932844 -0.00008765033438790162 -0.00003710764121025436 -0.00002837690762270429 -0.00001981728598903112 0.000004208029677074306 0.000008604273775001678 0.00002029972070060242 0.000034443868657245454 0.000026751030484616572 0.000029352150649861458 0.00002390732509709627 0.000014504503968444876 0.000006115235446984743 0.000002736328214308391 0.0000020871029128456505 0.0000011384010080322423 1.966295281379288e-7 2.2630822408933075e-7 9.682073956009987e-8 -2.849217941347641e-8 -7.965829027330917e-8 -5.8483168229591035e-8 -1.0304944803597824e-7 -7.649483500625443e-8 -4.343119733699277e-8 -1.1180943689776674e-8 9.1078899211385e-9 2.139407110395417e-9 9.28779048439654e-9 1.797633866377141e-9 1.4517030852811894e-8 5.234201894726542e-9 8.27801198111607e-10 2.0727652606798333e-9 -1.2032277047572062e-8 9.35191033630751e-9 1.829389469878793e-8 4.82640606289905e-8 4.5850651152939444e-8 4.595808733107738e-8 4.632320352835094e-8 3.523709202739264e-8 2.6123273405992437e-8 1.6039445160932033e-8 5.218366657778327e-9 -4.165998159305327e-9 -5.69564170917381e-9 6.111083686843248e-7 -5.490875695466431e-7 -0.000015398605240285855 -0.00002024188999512631 -0.00003376252353851964 -0.000022021834833241255 -0.000013342707495827232 -0.0000014182564896083033 -4.5815411511195563e-7 8.094527639137956e-8 9.467521729200578e-8 1.0966812593879672e-8 1.979529052571858e-9 -2.7211704364269742e-9 2.952294037228626e-9 2.2226554816837276e-8 1.6325346272922357e-8 3.467459106253963e-8 4.7181498094296695e-8 -1.696865015371785e-8 -1.0876857066870898e-8 -5.776444784220191e-8 -1.2412596534729448e-7 -1.0222648654784709e-7 -1.2626045031065342e-7 -1.632208880313973e-7 -6.726204372868259e-8 -1.9013192565899229e-7 -2.0286174268827893e-7 -1.2084725530888594e-7 4.5924649224618467e-8 3.2666404633029033e-8 7.268391940173229e-7 2.3525936296466737e-7 -2.5272955626691765e-8 0.0000012144946529642175 8.592480216449631e-7 -2.1344599193718723e-8 7.763727906602048e-7 0.000002019668548701907 0.0000022447155283494505 0.0000017580335668692379 0.0000035212563460262448 0.000006496641596927909 0.000010240765945781083 0.000014004384985458206 0.00001751242735379794 0.000021082866013279337 0.000021583316098343013 0.000028278650885874057 0.000027014386890796282 0.00002664482353259885 0.000025285952681948435 0.00002351513990505606 0.000019151354515512632 0.00002675274755501985 0.000024560667157448202 0.000012774130838193173 0.000011800470422466459 0.000015263523072594945 0.000012991902677277127 0.000009810676819132358 0.000006251073926562788 0.00000649257967973216 0.000007401385303675038 0.000007237133455041835 0.000006189110316974604 0.000004414318522742864 0.000001976991287093944 0.0000023526311354449368 0.000003922015449708986 0.000003153435692117678 0.000003287264167913694 0.000008638532001758625 0.0000043889550513484096 -0.00000485802982122129 -9.763232782892506e-7 -0.000009203369191349958 -0.000004147924245299104 0.000007799703482079521 -0.000003165004811054376 -0.000011120465343142109 -0.00002827196009532949 -0.000011515106695973097 0.000024671484686645194 0.00004205825419239726 0.00002622776052570653 0.00001977224952020319 0.000017802937890051287 0.00002452281092302731 0.000028788413931522755 0.000022617431909705192 0.000019765975854598878 0.000015738653962955444 0.000009821264605997654 0.000004732910322067328 0.0000032526735130220035 9.466722845240447e-7 1.0507987213122198e-7 7.6624183281518e-9 -5.1047053672756554e-8 2.727853796529893e-8 -1.0310357518874597e-7 -1.2924238411447113e-7 -8.2249392054076e-8 -9.235553644102827e-8 -6.459579153538667e-8 -4.588389392428605e-8 -3.556111761668117e-8 -3.717051268316319e-8 -3.324454039936425e-8 -1.5361155112924955e-9 -1.9742002710236094e-8 5.38317936395175e-9 -2.134532584945677e-8 -5.4735595333997e-8 -6.613567151143119e-8 -8.588801713581745e-8 -5.603315714211497e-8 -3.2588138081402915e-8 -1.6441504352720788e-8 1.3748733283774606e-8 7.393443703460696e-8 1.1160351144415937e-7 9.209895773142992e-8 8.009372787519479e-8 5.2542719329185024e-8 3.7788865902546066e-8 2.2517825350928312e-8 9.070451133957568e-9 -4.1979363316392045e-9 6.89508520149442e-7 0.0000013283702325481837 -0.000009555816143953539 -0.000023968262376764617 -0.000034655935715431875 -0.00002633879291317747 -0.000012614238600868734 -0.000002109268459725481 -4.1927613675015535e-7 5.922314054508153e-7 -1.570850872484574e-8 -7.827142816186677e-8 -7.104206553267248e-8 -2.761475835001111e-8 -2.8276992582252357e-8 3.889813238874403e-9 -9.717537546793997e-9 -1.8497552782648567e-8 -9.489223525104296e-8 -1.7910539464629597e-7 -2.3831588901245342e-7 -2.8262445912062633e-7 -3.6941022957728504e-7 -4.5925172532365563e-7 -6.796567812638888e-7 -6.939137432737646e-7 -0.0000010036146450631295 -0.000001005077280557434 -9.981845372018672e-7 -6.852573930014882e-7 -6.02567602631115e-7 -1.794425527674863e-7 -2.997826983495029e-7 4.144910544925451e-7 6.483952515714842e-7 0.0000011167613661032883 0.0000017379628516794671 0.000001964555886850094 0.000001919736241085116 0.0000021105636777945733 0.000002823692406974024 0.000003860297961854777 0.000002872555041465301 0.000003990544732479612 0.0000057224952189847335 0.000007273165901314602 0.000010469216108213572 0.00001296629017251137 0.000015700371762284096 0.000018045191003181998 0.000018035374335264615 0.000017929696753351518 0.00001714271784847238 0.0000176798494673179 0.00001593877458016558 0.000014890312349673808 0.000011339723791127892 0.000011135985187141757 0.00000954280942755003 0.000006058410643987839 0.000008234724683089314 0.000007147209864812717 0.00000773540082144316 0.000006007854365833208 0.0000046138117401266615 0.000004139772748232453 0.0000042459370760405175 0.0000040111111419701205 0.000003838258036741348 0.000003617628701789883 0.000005492182274246587 0.000008320409198793817 0.000008847889844941271 0.000010346148623553933 0.000007940648995752988 0.000008381518958624309 0.000003628755374488838 0.000009547222043128848 0.000010040842543000298 0.000015715701236674723 0.000028530242201227308 0.000026896591107700176 0.00002786925340593942 0.000025695436641921835 0.000021313959142820804 0.000015741047820124373 0.000014483284249917624 0.000015421058760500206 0.00001893348250219219 0.000016123691245250202 0.00001606222626972027 0.000014210439966011888 0.000011293065613662556 0.000007724716374908937 0.000003536920104595474 0.0000025507918698373487 -1.0041630607790297e-7 -6.771691754452626e-8 -2.3525413691751058e-7 -1.2580358890810764e-7 -2.101553747115077e-7 -1.762919983742048e-7 -1.3191890040042994e-7 -1.0918806330404818e-7 -9.624188116031737e-8 -8.324566406811168e-8 -7.522318192117596e-8 -6.28553690884631e-8 -4.81673657854512e-8 -5.883472655263714e-9 8.538500525325187e-9 -4.997056253975364e-8 -8.171401421148632e-8 -1.8693830251701992e-7 -2.477256346705082e-7 -3.0230215947537236e-7 -2.8400863473836135e-7 -2.265191763963853e-7 -2.440910189200774e-7 -2.0468615479454026e-7 -5.449286998379209e-8 -6.010406109774161e-9 7.710337917249426e-8 1.088133503166033e-7 1.2310303324043144e-7 1.1136961440834881e-7 9.016395767392526e-8 5.8627392367317676e-8 3.838666576540657e-8 2.091319247960414e-8 -1.8563211454614302e-9 2.8130146518038697e-7 6.105973967625885e-7 -0.000008093367491236125 -0.000014329081977051276 -0.000013708542664279888 -0.000012389990512097573 -0.000005915964092491853 2.8888992547160474e-7 -9.106491510399079e-7 -2.18915689622571e-7 -2.8278743530645193e-7 -2.680788220599491e-7 -2.7768713359590517e-7 -2.1167622445950326e-7 -8.221562181159272e-8 -1.2460650133663373e-7 -1.3656051976242344e-7 -1.807303345335659e-7 -3.08917249984831e-7 -4.0912746798275254e-7 -6.186177821122373e-7 -9.789737762263277e-7 -0.0000012691120320226525 -0.0000014943653544490557 -0.0000014806148501879553 -0.0000019041026664257036 -0.0000019032068336932206 -0.000002458521431411031 -0.000002635479544047646 -0.0000031268881784826933 -0.0000030647451685681618 -0.000002611873869589409 -0.0000018391209220347273 -9.78262397961044e-7 -4.925346600812721e-7 -4.3739960102838886e-7 -1.5723277780927664e-7 2.9560373661833095e-7 0.000001060586385227313 0.0000013128273844053046 0.0000013328617590135492 0.000001188225992352942 9.319150237606003e-7 6.096487638358746e-7 0.0000019686729958833155 0.0000023115483615314693 0.0000037136300571227664 0.0000049301826332885255 0.000006067436126264669 0.000008146714712416577 0.000009473077342280708 0.000009997263380302032 0.000009806187868702536 0.000010210878132337128 0.000010816648812616374 0.00001197975754198506 0.000009322552575483388 0.000006689134886425501 0.0000056094665130243965 0.000006853427895844907 0.000005010982305276196 0.0000039508357079096435 0.000003917633747075928 0.0000034390816650313628 0.0000031535803460078345 0.000002590309121074342 0.000002122321694622016 0.0000020298940710156003 0.00000226144080139239 0.000002712087700936999 0.000003009306961222889 0.00000399816187418184 0.000005697753253405729 0.000006074708087785718 0.000009456523431681283 0.000010404873972481932 0.000013474935921330486 0.000010304650887467003 0.000009697090168184074 0.00001024624058164094 0.00001311298412832807 0.000012969228425682741 0.000013869093495195246 0.000013104121961579725 0.000014037572450181948 0.000011978581134662933 0.000011551320470930734 0.000013424954831018389 0.000013996325442253939 0.000011794670286046567 0.000009050385241621772 0.000006788359687913705 0.000005450131887314462 0.0000017948668301242946 3.113440840502963e-7 -0.000001123019150457628 -0.0000010614058106478394 -7.33294404677585e-7 -6.513173068547595e-7 -4.6670890822341996e-7 -2.571935641391214e-7 -2.442347349964344e-7 -2.1421401214891944e-7 -1.1100819502420617e-7 -6.891724427853465e-8 -6.815273823863438e-8 -9.143977636143497e-8 -1.0236665527506717e-7 -1.207676958961807e-7 -2.583544563096403e-7 -4.0560046288506495e-7 -4.226763024647786e-7 -4.514459729980186e-7 -5.767994755653022e-7 -7.027532226367056e-7 -7.91056342085235e-7 -7.882511247547931e-7 -8.770317371726857e-7 -6.628430131653326e-7 -5.77467991027074e-7 -3.9997235495151967e-7 -2.3426378367312498e-7 -9.591949471550884e-8 9.42735442093977e-8 1.484094985584822e-7 1.77698076403708e-7 1.0971848234975223e-7 7.634429427047884e-8 5.098255266477679e-8 2.6357243460958123e-8 2.9770024373056487e-10 1.7605557336380093e-7 0.0000015336089010567004 -0.0000010414966128948326 -0.000003287131755969085 -0.000006740233244945081 -0.000005517146758069316 -0.000003210580168160354 -0.0000016023286320485312 -8.567468105004888e-7 -8.250830563090347e-7 -7.756872896018989e-7 -7.278603031267395e-7 -6.123649562523028e-7 -4.81805198498683e-7 -4.804905003506839e-7 -3.819826740257277e-7 -4.0423200465358166e-7 -3.9975435124512665e-7 -4.770099136724359e-7 -8.365119700215608e-7 -0.0000013678383707894024 -0.0000016803670355377338 -0.0000022004700600067104 -0.0000031271909950768097 -0.0000036926118452426335 -0.0000035220611212982623 -0.000005014416570425445 -0.000005325658956822828 -0.0000057806894019253585 -0.000006170687541787128 -0.0000054149278401080405 -0.0000044792101386872135 -0.000003399823808754751 -0.000004365279368493056 -0.000002882435302385554 -0.0000022639184838085817 -0.0000012422962679913113 -8.713581878809989e-7 -6.111088185211601e-7 -2.1876904377088867e-7 -2.6143378999877944e-7 -5.508606544724942e-7 -0.0000010139830808925247 -0.0000013726965700244844 -0.000001872132739455023 -0.0000014483155084551378 -0.0000016474633278755466 -9.491242574760323e-7 -1.2669076879125674e-7 -1.7561949318070902e-7 3.631707410539577e-7 6.127815372859062e-7 0.0000019768727500347513 0.0000019946551435880367 0.0000028520772572091318 0.000002736347745383552 0.0000016175969314520585 7.663213970856011e-7 0.0000013438858435600859 0.0000013553158919619094 0.0000015211861009392845 0.0000010722261594154273 6.07999239839928e-7 5.344824992806527e-7 4.142293881500995e-7 1.861314888103399e-7 -1.208205409069819e-7 5.449880579882813e-7 2.701129463405764e-7 -5.575042258395235e-8 -4.5263232877398713e-7 0.0000011424488362166814 0.000002230592952180502 0.000004017565541003396 0.000004718033315081702 0.0000058484476791170486 0.000007036391986781412 0.000008704795702975292 0.000007102508415424588 0.000007648574465672408 0.000005833739251177853 0.000009206995926416113 0.000008989304062846677 0.000007745627000236518 0.000006540165886926017 0.0000046899368305985945 0.000003846873220114758 0.000003943591926623214 0.0000036227350253494557 0.0000038060493597778203 0.0000020404271873612062 7.155325946879746e-7 -0.0000014024627684253562 -0.0000017986590491568676 -0.0000020718451441623107 -0.0000020508360507166454 -0.0000016591167925791095 -0.0000014631025339443323 -9.941767940576216e-7 -9.147616215924471e-7 -7.036676116378878e-7 -5.059292227402519e-7 -3.931026903814689e-7 -3.0964611167238825e-7 -2.3173534352442132e-7 -2.535079588289017e-7 -2.717727589685254e-7 -3.851210805263749e-7 -6.321101006187515e-7 -7.087865872114952e-7 -9.109261630350147e-7 -9.254458026176642e-7 -0.0000010358006315522241 -0.0000011533405775931612 -0.00000124431912838342 -0.0000013815842028687802 -0.0000015986718710217253 -0.0000014717353183111883 -0.0000014393401191500679 -0.0000013049902820818269 -0.0000010713048895413632 -6.028578720926082e-7 -3.306051043840312e-7 -1.520547369170476e-7 -6.040878904124142e-8 1.284679287020445e-7 9.204624765136455e-8 7.366778458479597e-8 4.5906691698115317e-8 2.7181691684705408e-8 2.7852451165607582e-9 -4.210025231959205e-8 2.7687431576815782e-8 -0.0000010575618938786906 -0.000002121588282365688 -0.000002679275634279479 -0.0000016207162070559552 -0.000003736639578267082 -0.0000033994555661136987 -0.0000037027006184156806 -0.0000023488263421806263 -0.0000020060525070777864 -0.000001949399181022614 -0.000001499042479006019 -0.0000011924447464037964 -9.596756003242685e-7 -8.199258925274963e-7 -7.703111035137248e-7 -8.808158688088738e-7 -0.0000011730432969326163 -0.000001761244110380707 -0.0000024050763405429555 -0.000002877121376033906 -0.0000037558782401901675 -0.000004665397779618516 -0.000005727032787242678 -0.0000055191126741380785 -0.000005458235757070762 -0.000005683679931897968 -0.000007113783732909866 -0.0000062414230821579155 -0.000005726869617515705 -0.000007596693520942335 -0.000008753076041225467 -0.000004522126074062051 -0.000004329174257635697 -0.000004467569424420251 -0.0000036150578108760887 -0.000002794314019223478 -0.000002079347385768435 -0.0000019346351480441305 -0.0000019172065378877434 -0.0000018986288539558221 -0.000002288601850008322 -0.0000035465714098679623 -0.000004355816509541237 -0.000004178154167311111 -0.000005900172434748048 -0.000008448131399147649 -0.000006740695407087758 -0.0000056921994905224905 -0.000007175546192312083 -0.000007545811575361039 -0.000007090900430379501 -0.000003764693431355426 -0.000003904012209580143 -0.000004784990904499296 -0.0000017296466017910274 -0.00000190136850491507 -0.000003066699716602149 -0.000004459235128646955 -0.0000028886259283359284 -0.0000024210681545116497 -0.0000025057898450421836 -0.000002561306168875338 -0.0000021773050990080797 -0.0000024054054896584404 -0.0000020204286249035887 -0.00000347901710170916 -0.0000031286177252867467 -0.000003312249670778532 -0.000002481847266800664 -0.000002014577878110322 -7.763146057610685e-7 -8.316628939850546e-7 2.657557669142197e-7 5.958461007711452e-7 0.0000013596398762626502 0.0000026441796065349965 0.000002836854496512996 0.0000019621559357247717 0.0000018852905898644747 0.0000021392059719328327 0.0000010530980359695557 5.725062540653918e-7 6.471285285305115e-7 -0.0000011200135058592368 -0.0000014454505209166485 -0.0000019281657400320287 -0.0000024407674502572006 -0.000004090056347896106 -0.000004624257996202289 -0.000004626312071212348 -0.000003890751851551161 -0.0000030704071897902576 -0.0000032586732176358727 -0.0000029000010023961842 -0.0000030169105218572763 -0.0000025155407133564193 -0.000001823075967082343 -0.000001575522740813842 -0.000001336868678563801 -9.730019138618676e-7 -8.081225693350283e-7 -5.913607751493042e-7 -4.6427230342355406e-7 -4.477132569810433e-7 -4.904849035901864e-7 -8.3305442013739e-7 -0.0000011213852267347299 -0.0000014946438430691987 -0.0000016429287275547573 -0.0000018450341059040142 -0.000001629017284501198 -0.0000018686372008776903 -0.0000016924417073006254 -0.0000016373604161953747 -0.0000019237675815601816 -0.0000021240740786671175 -0.0000019155593496733753 -0.000001304969214502143 -0.000001807277595545413 -0.0000014374336620214843 -7.434148346821533e-7 -4.97508024986613e-7 -2.535544845677709e-7 -1.5618255963265672e-7 7.45497206062149e-10 1.751606757125119e-8 4.914142448491728e-8 2.712941607509932e-8 5.218567628390803e-9 -1.7054662918486648e-7 -5.736071283512097e-7 -8.826016156015398e-7 -0.0000010741812095585788 -0.000001869496150497176 -0.0000037070052804150575 -0.000002651806664722777 -0.0000034251157792958997 -0.0000031758931770362747 -0.000002366973837496553 -0.0000027475101192251874 -0.00000246629415458177 -0.000003340354605415186 -0.0000033120049485498836 -0.000002457640374003854 -0.0000016300694293508711 -0.0000012920849621290264 -0.0000012253527042909142 -0.000001702106638569146 -0.0000026126145575838094 -0.0000032172473715555273 -0.0000025715403907325696 -0.000004367005869578004 -0.00000470481467311835 -0.000007143784499534497 -0.000010373568264758882 -0.000009729156047293264 -0.000008054421103967388 -0.0000017082608763960933 -5.540518467361128e-7 -0.0000010641111598806115 1.8525766839896106e-7 -8.069387280150021e-7 -0.000004558378169398203 -0.000006076105853453786 -0.000006493426075056424 -0.000005319116861897883 -0.000005064272860828193 -0.000004189822560569398 -0.0000033795459988126436 -0.00000317641890064447 -0.000003413999828150543 -0.000004075388258729644 -0.000004787273412697007 -0.0000038869708060087045 -0.000003342340570486462 -0.0000048509736673578664 -0.000004385007175951639 -0.000007404666006111778 -0.00001203616455387199 -0.000010062288774472855 -0.000010545699800526895 -0.0000116837941626379 -0.00001116970690378131 -0.000007961132480136154 -0.000008337543753264527 -0.000005739438870807277 -0.0000043491076690653556 -0.000005489011911126717 -0.000006952032521312701 -0.000009145265406735067 -0.000005854299281589291 -0.0000075250803204137535 -0.000008215600499423434 -0.000007720216019936657 -0.0000068588812947047575 -0.000007371741742247748 -0.0000018785235042759634 -0.0000013317303090422018 -5.479353962025399e-7 -0.0000016470867455765073 -0.0000034678698576649155 -0.0000032703064025203 -0.0000023204779014714054 -0.0000020630559609233753 -0.0000020414978413765866 -0.0000024318427993391313 -0.000002489019082232613 -0.0000021712585675923983 -0.0000027702237041294328 -0.000004911887528523169 -0.000003209848336018401 -0.0000018069268845850968 -0.0000019717377942536328 -0.0000032311096712089744 -0.000006961542955328448 -0.0000058717588280219496 -0.000006521879252764177 -0.000005202696174439623 -0.000006345298134012043 -0.000004235503233029453 -0.000004756544043651305 -0.000005822257793792055 -0.000006590872370760635 -0.000004820819510694842 -0.0000036226407394764216 -0.000004060678883824543 -0.0000032604267772167013 -0.0000038632937711604826 -0.000002592882885075045 -0.0000019011413932609836 -0.0000016205812519801682 -0.000001200958543426015 -8.617819393804152e-7 -7.674450508065991e-7 -8.428417315562422e-7 -8.499075874490448e-7 -0.0000012163585513521768 -0.0000016217698006050841 -0.0000023504857474802845 -0.0000031308008612960827 -0.0000035916807200277283 -0.0000036267929609353527 -0.0000024262592439074802 -0.0000022092836745820366 -0.0000017183128329283863 -0.00000192810611027272 -0.000001067708354898594 -5.288412248646306e-7 -0.0000014671997903681978 -0.000001194422610140211 -0.000001966498949876778 -0.000001898503966254998 -0.0000015029013573560929 -0.0000010537213745270449 -4.1496284509687797e-7 -2.1646516615479484e-7 -9.139759517944731e-8 -6.727046142024706e-8 4.266922990166046e-8 1.3628291570385343e-8 -4.583080498207546e-7 -0.0000013879854208257266 -0.000002036324587067853 -0.000003244819710608195 -0.0000025347431318628953 -0.0000011802420112725589 -0.000004853758872963216 -0.000001150602576946572 -0.000004142062703317194 -0.000004171585264859696 -0.0000022779480101806655 -0.0000024970055575437745 -0.000004274783150385504 -0.000004735151271785891 -0.0000032980862193203965 -0.0000027990724088456746 -0.0000016872821087489152 -0.0000016513464050651934 -0.000001481154076669194 -0.0000018004948340770892 -0.0000016689119823750315 -0.0000033757510323037314 -0.000004481621353727786 -0.000010891353834927352 -7.913182095748846e-8 0.000002912250529892525 -0.0000018013880764739964 0.000004761600968621672 -0.000004364757084008772 5.164316835722708e-7 0.000005484345148528149 8.645335293957153e-7 0.00000337085089340499 2.0499294271465267e-7 0.0000010755550142922065 -0.000008317239802682997 -0.000005947665459412969 -0.000004556775795420952 -0.000005486299629991015 -0.000004151114231805742 -0.000003539585640250806 -0.0000041936616237872566 -0.0000024774361453415808 -0.000001966434314794837 8.580796642586026e-7 0.000003411056658568945 0.000003697075026750828 0.0000017126476438398137 -0.000002856464127627911 -5.498223501354105e-7 -0.000013478709884495248 -0.000013779106944547966 -0.000011820086237401269 -0.000010264216629144707 -0.0000015222781534436029 -0.0000020015218962176426 2.0436963572660548e-7 -0.0000014997387989521651 -0.0000014930602185799961 -0.0000035656905957152273 -0.000008496927257379755 -0.000016666985669684706 -0.000015568905545427137 -0.000012014647459758705 -0.000010773096825514918 -0.000007257285621580379 -0.0000030710116469305347 -7.563087580660144e-7 0.000002729547025978361 0.0000026622254869958456 0.000002318312055882497 0.00000232946500711818 -1.6355992982418243e-7 -0.000004794508001881708 -0.0000066162662941242635 -0.000004857909361532553 -0.000004439254676441689 -0.0000065113814568234605 -0.000004258555514171155 -0.000001609516643337829 0.00000117491809728865 -0.000001779561349102933 5.981931379445155e-7 0.0000012560313950167035 -4.2320092490686274e-7 0.000001911392900033268 -3.509057770683562e-7 -0.0000032780880962077755 -0.000002348541327859546 -0.000002663241504452058 -0.00000556946588234854 -0.0000025709556631381255 -0.0000012595061998632 6.764302771847987e-8 0.0000011599738922602492 -0.0000028645893682965683 -0.0000015599487635811987 -0.0000014431292610116445 -0.0000014223605272536019 -0.000003307927373505181 -0.000002488311486824327 -0.0000024606562643716816 -0.0000021488771539364698 -0.0000014890170684594977 -0.0000013139271284800985 -9.613397228456376e-7 -0.0000017442412311289797 -0.000002515430101781952 -0.000002395016489978772 -0.000001494250906325089 -0.000002027583040570097 -0.000001809782704067709 -0.0000022198013819540176 -0.000001506589298851222 -0.00000326745059522974 -0.000004897274907357321 -0.0000015603098846431044 -2.592558956172928e-7 9.610850870143176e-7 0.000002332281277948906 0.0000018557943093981212 -0.000001457718632326066 -0.0000028925781407115347 -0.0000021880154685877975 -0.0000016633444454365561 -9.990413889515385e-7 -6.826790314014534e-7 -2.826175549305328e-7 -1.8709320263615034e-7 -4.550237315747078e-8 3.002411129436879e-8 -0.000001307926605119598 -0.0000023845001335761825 -0.000004025586201251284 -0.0000037179215908720282 -0.0000036074193773786778 -0.0000017066457906586348 0.000004960638802616467 0.000008576392928931487 0.000011348057299239284 2.434479763542881e-7 -0.0000031759079512666562 -0.0000012272217530527815 -0.0000017862421902679727 -0.000004869724276489834 -0.000004893954029706496 -0.0000035190398709076344 -0.0000020151190269597605 -0.0000030539063293100777 -0.0000021243929126846754 -0.0000012611246791564584 -0.000002481128344671012 0.000002366005478631771 0.000010158421219106527 0.000017989613136798826 0.00001767583853166685 0.000022500593231626245 0.00004380222914579091 0.00003976534604023419 0.000046818729568192194 0.00005335249198866058 0.000047935745899214025 0.00005290290600126903 0.00004366809647220589 0.000022269778988435202 0.000013616503509354805 0.000009377138297154619 -0.0000021433341511213203 -0.000004339402334491883 -0.000007744613687378468 -0.000005175985785017989 -0.000003737556772694897 -0.0000025645332052825107 -5.862309148139268e-7 0.0000038661110214782214 0.000016434240383529256 0.000018318609560064374 0.000014818115950840664 0.00001746906159758408 0.000029818185177040075 0.000021780129882813927 0.000026211459633914754 0.000023172596685309748 0.00002389058723589167 0.000015699518086355484 0.00002626534598519536 0.00003130710226258832 0.000026986957539876358 0.000020951260530291608 0.000007970609804856017 0.0000033071104720285987 -9.178380956763654e-7 -0.00000892846961141151 -0.00001299216230342134 -0.00000408185197206456 -0.0000019644748949469623 0.000004010334708437489 0.000012688687220818515 0.000020889916977145683 0.000024908335452409678 0.000024485736978739178 0.00002096869137895731 0.000014891738182125391 0.000007317960918608988 0.0000019813701051464576 -0.0000010495017374963292 -0.0000032473863622973894 -0.000009850266756019899 -0.000003306977608248087 0.0000019271074214396028 0.000002325253121218892 0.0000047104286702308985 0.00000972768418172279 0.0000023612540552807538 0.0000018326371755386627 0.000015255540990450597 0.00001695973770839575 0.00001747669323489433 0.000017920330866219708 0.000010523512981758572 0.000008663430542704385 0.000006698707693313692 0.000010001494911846466 0.000010239581285104335 0.000009374246410835154 0.000008731638110977498 0.000012661239172973056 0.000007401593367466955 3.827472849438187e-7 -2.1519355923981335e-7 -0.000004289575766772658 -0.000003918923139379921 -0.0000016525264425542635 -0.0000020665295581450187 -7.882167614172931e-7 -1.92382133883357e-7 -9.84748301579572e-7 -0.000001944801525248826 -0.0000028936484623499957 -0.0000034245234139398975 -0.0000040557030584070585 -0.000004652478348939341 -0.000004692737851303306 -8.865144736910662e-7 6.998045936145051e-7 0.0000050309857863370705 0.000011389372344785667 0.000014704131334637329 0.000014304239089698495 0.000009333855533855472 0.000008896549047089586 0.000009439376474646578 0.0000073538285304531674 0.0000031232572453079236 -0.0000012774161879374978 -0.000002399631714163981 -0.0000014506961920817693 -0.0000011388601510523682 -9.527909837337298e-7 -3.4084345599582976e-7 -1.0681953471627454e-7 8.525931761006652e-9 -0.000001525142619582623 -0.00000440141618004879 -0.0000036778629075080916 -0.0000030313219130324154 0.0000026825857991977273 0.000006168539095158864 0.000028364865687349965 0.000030945726993066295 0.000029746948368870617 0.00003564087550810263 0.000027035785286432172 0.000010198944871448769 0.0000011004325653108862 -0.0000036771247420773867 -0.000005571632691530898 -0.0000051553121065986135 -0.000005796981062630523 -0.000011342534310282344 -0.0000014732551427023464 -4.363987052773938e-7 0.00001140266912874589 0.000017939662810611387 0.000021498632715482112 0.000029952326554831008 0.00005758840207572733 0.0000931278064434139 0.00008714176241714633 0.00011688969446746072 0.00014013578199931976 0.00013972695510249564 0.00014559637435676968 0.00013347886867102107 0.00011505180592903814 0.00009420474696906273 0.000050365292355392245 0.00001830246311961272 0.000013951199762836246 0.000007470512512549978 -0.0000028809226361058492 -0.0000027550865495087258 -0.0000038842055451816345 -0.0000028180574659908036 0.000006754926597669567 0.000029096429079493186 0.00003274484694135104 0.000050560803576753184 0.00006224635998095772 0.00007752036480854389 0.00007914260159682566 0.000075667483167844 0.00007404274745552577 0.00006238068210571147 0.00007212545272432437 0.00007806865253885414 0.00007388561084413495 0.00006948483544081493 0.00006502956378418651 0.00005819980256560644 0.000045752624555106923 0.000021465441380442167 0.000008617117723228835 0.00001120800038820711 0.000005742253354367698 0.000002867697499967294 0.00000955987613571763 0.00003068497333104877 0.00004306702742179568 0.00005461461716182308 0.00006074478878654756 0.0000531923570565393 0.00003843274029546279 0.000033151132650480066 0.000024498632707881203 0.00001528331537503982 0.00000892342103180567 0.000002485523231380255 0.00001219002889752725 0.000025036236310489713 0.000023482818115499072 0.00003976759810262506 0.000044633140685091944 0.000042008920339735454 0.00005357490704508911 0.00006286976933864682 0.000053129980269769877 0.000055787223574804415 0.00006149102262387201 0.00006444379793096409 0.00005162833958942989 0.000048847469413471305 0.00004159291315187631 0.000024369296855399908 0.000024957812283488412 0.00003139881709631443 0.000036535394954514536 0.000036716180613644516 0.000037761249231425814 0.00002539218017111827 0.00001554916404129419 0.000006075507332176555 -0.000004437611445113558 -3.549104967055856e-7 -3.373986197540441e-7 -3.949731748583404e-7 -0.0000012446930942800893 -5.6947646853409915e-8 -9.886816446480264e-7 -8.048125777836475e-7 -0.000006224459351950712 -0.0000026560851430849136 0.0000044953587524866 0.000013217822551660013 0.00002005972709287235 0.00002305001331202942 0.000030131293216841503 0.000029193277941105078 0.00003063702654028592 0.00003427244586037318 0.00003415009160393069 0.00003299740917523459 0.000022466592510628653 0.000012015776105661884 0.000009553208426905495 0.000004298573941371055 -7.906361056082186e-7 -0.0000012227962887475918 -0.00000111597208401085 -8.177399624967942e-7 -6.997508855364865e-7 -1.6513232171727303e-7 -6.424107407029572e-9 -0.0000027057862095870504 -0.000006905967326094308 -0.000003856606754910339 6.657378988987697e-7 0.0000075898635034444105 0.000033544155007300706 0.00006694584516716285 0.00007219107865762464 0.00009514247310823739 0.00008197235490396069 0.00006017591613382439 0.00004614631681333739 0.0000250776051836803 0.0000082434983333796 -0.000004769388388917515 -0.000008512347893566876 -0.000012436374989834675 -0.000005936595433202646 8.660800624522274e-7 -0.000010248168708555045 -0.000004370787295525867 0.00002376178072283092 0.00008116449576601573 0.00012065526746068414 0.0001460543869114953 0.00015735981729513696 0.0002156376210425333 0.00024062614640770434 0.0002595051175911314 0.0002887135738011364 0.0003006892899927946 0.00026428453619785293 0.00023934854165826662 0.00018291165826543298 0.00011928679688500309 0.00006576044397819994 0.00003617049041155593 0.00001222819701337206 9.62163948975379e-7 5.00767195199686e-7 -5.243263816822338e-7 0.000005812782738767265 0.000032602235799654586 0.000048133740317504804 0.00007011831175321422 0.00010687922548180967 0.00012884996157729863 0.00013571400022038696 0.00014063542238860175 0.00014175561215653374 0.0001589889533244142 0.0001855934214318662 0.00017224832593594448 0.00015426862597737212 0.00016898380109749234 0.0001749929256654768 0.00017053599340440803 0.00014431939364784215 0.00011064248283830722 0.00009120242362562888 0.00004365572619168336 0.00004633870293828585 0.000040198169663511366 0.000056616275221316137 0.00006467975387415959 0.00006978985760955726 0.00009114425462771943 0.00011561768678887141 0.00013469063650722502 0.00012546475276386227 0.00011776745319182562 0.00008161141912644549 0.00005600749614065772 0.00003563051914471166 0.000025693059578936653 0.00004719298247393585 0.0000588166351108043 0.00006840448484737177 0.0000935424105379874 0.00010277303689506379 0.00010790856457760585 0.0001127158257171044 0.00011632657786535004 0.00012090375349798316 0.00014371093154566566 0.00014388437699904244 0.00014491368731348763 0.00013122224192909236 0.00013131324240911856 0.00010672547734320199 0.00009980481974324564 0.00010166143628058699 0.00008941071072645184 0.0000810813012228811 0.00008199106203579151 0.00007890288752326622 0.00007046900172472645 0.00005419425696669064 0.00003822919745726195 0.00002666510882002275 0.000009380589572392746 0.000003921010241974659 -7.141980582110144e-7 0.000004242295929495152 0.000006499658320712107 0.000003854410574546413 0.000004531473713734034 0.000014652117974628191 0.000017011638593416225 0.000006888144981764313 0.000020757590770623625 0.000034660243231013154 0.00004513684705426847 0.0000525597792573043 0.00005992568024993689 0.00006327423225268845 0.00007340192907509181 0.00007834499985558844 0.00007851196217701904 0.0000707217906463287 0.000057377040856786585 0.000037259039396416376 0.000025688505371736354 0.000010178108239546098 0.000001964128167167771 0.0000015905160216408785 -0.0000012727428607625115 -9.026818051418742e-7 -6.634835235004908e-7 -2.984960685589173e-7 -3.625434953653327e-8 -0.000003659921023621437 -0.000006872997085433578 -0.000002395553135960165 -1.7901883246946613e-7 0.000044426323373679184 0.00009245433033297372 0.00012789235778607095 0.00022006385648233002 0.0002497340449928248 0.000238969967053741 0.00017165047653843393 0.0000960055316040609 0.00004763459486035219 0.000010287182401594197 -0.000006179458253409523 -0.000021069304198833696 -0.0000135031040483344 -0.00002640080454752523 -0.000012695287761956165 0.00005739694856289472 0.00008320630258670973 0.00009069374466940304 0.00014063215696476588 0.0002537238676002994 0.00031203145443771326 0.00034171247436972247 0.0003551608306960113 0.00040922771591446445 0.0004338356689699255 0.0004563549033250406 0.0004622385030104783 0.00045698933126608014 0.0003774619347099834 0.00030387620575034495 0.00022563720354014128 0.00012944051770728054 0.00006993539248304106 0.00003274797611814508 0.000011429752432234707 0.000008622557471815175 0.000011022291381015784 0.000022996791899724307 0.000043848552793432724 0.00007420743000049466 0.0001322871000982193 0.00017075030247931132 0.00020794852533462607 0.0002450891833753514 0.0002691153525205834 0.00029158589184609027 0.00030607653418362606 0.00030587180518827834 0.0003246067695504369 0.00033874698329051874 0.00032958883723050033 0.0003280963857451178 0.00028104912549950403 0.0002484386518758794 0.00020063900293059193 0.0001522811145501796 0.00011914734080492024 0.00012398997455627457 0.0001259473858620635 0.00011738241151691395 0.00012427011464929673 0.00014180204042085106 0.00018207459317680456 0.00021506700271867472 0.00022571577984783453 0.00021721296381514406 0.00020275220119955823 0.00014890289310845312 0.00010581918184352239 0.00009554673525488962 0.0000911133222053571 0.00009646383280879176 0.00012870722397623696 0.00015735652940190522 0.00018051928921770423 0.00019220998618284997 0.00019199477927531964 0.00020345133209779978 0.00021891441766900104 0.0002320634828646177 0.00024145960717541088 0.0002620158796651133 0.0002591889684450947 0.00025292696954065164 0.00022444767799843394 0.00021379223189788618 0.00017715378642679317 0.0001652455203137646 0.0001635407537195619 0.00017024884199781843 0.0001720671972336151 0.0001658560464041182 0.00014293194843055846 0.0001186559916157088 0.00007849112496600787 0.00005031417790376039 0.00001882833249373201 0.0000024259336483247203 -0.0000015186918924001242 -0.000006570279743410244 0.000003724233479244604 -0.000009474461580208076 0.000014471485420474447 0.000022692147324847548 0.00004380596967168275 0.00006387405899049439 0.00007702408667989223 0.00009164282273679292 0.00011549952030753299 0.00012121895520664211 0.00012113738598833929 0.0001173888108493916 0.0001243172097231696 0.00012944940731647491 0.0001236125225230717 0.00010919942925676015 0.00008797315783209793 0.00006387031353353053 0.00003776768147837051 0.000025621933774911063 0.000007156611894930128 0.000003346746201515374 3.5395308940753635e-7 -0.0000010457600853737325 -8.353676769668208e-7 -4.1184464962922503e-7 -6.969041739031952e-8 -0.00000433534397628161 -0.000007765746050578175 -0.000006421431828428509 0.000017471689896456667 0.00007928142912328933 0.00013905910312462266 0.00026557252685230543 0.00032935137892293575 0.00041064971982121497 0.00039941190408972357 0.0003366276013892443 0.00023166736341921894 0.00010600742333025979 0.0000487783621415526 -0.00000448906894383777 -0.000016577681337257007 -3.901193514013171e-7 0.000039948919336365266 0.00011732097874242418 0.00015560620352278174 0.00019641912315195102 0.0003129699012255904 0.00046378024287185165 0.0006040926131981991 0.0006034971170178198 0.0005934235547002997 0.0006218610754477539 0.0006083548765154354 0.0006327791836132026 0.0007021631693542708 0.0006769831497767136 0.0006001649245614112 0.0005219681913629033 0.0004318173967899839 0.000298467607508196 0.00018139317328644822 0.00010484944877820431 0.000050038820361639484 0.000030268738989512252 0.000010818339019341575 0.000023805079213904364 0.00003323893456559524 0.0000604067885388356 0.0001130999411727291 0.00017075117733833783 0.00024563573503124145 0.00029921386199440673 0.0003547829526411264 0.00041045498876287977 0.00043134733704012525 0.00045383901725782835 0.000493543525386789 0.0005536078465110883 0.0005589929563219575 0.0005485228233712625 0.0004979284427995176 0.0004445813721679718 0.0003858748433231468 0.0003174695373638994 0.00024023471279336565 0.00022991875649869224 0.00023275847468983384 0.00023488155571462586 0.00024276086797031277 0.0002601262110183043 0.0002521809433951061 0.00026845712344509783 0.00030617634601915047 0.0003201837468435992 0.0003151040094428619 0.0002805088025951547 0.00021253540420064436 0.00015680282996507463 0.0001405374580080133 0.0001471056039081811 0.00018901535684715334 0.0002465851370687442 0.0002966664010707444 0.0003375374818280615 0.00035614499474366214 0.0003354421904010338 0.00032933011354040307 0.00032683411272784883 0.0003489275808747987 0.00037208400638652007 0.00037707528954499995 0.000384201198621347 0.00037539208017364284 0.00034702818598826275 0.0003108635074057459 0.0002834997129304778 0.00025505432264997727 0.00024338804367564788 0.0002593650572660535 0.0002682329613333515 0.0002930634657036546 0.000250365121961934 0.00020243409117668294 0.00014934321732768902 0.00007789844285577026 0.00004373390130837787 0.000016272943251382898 0.0000299863243617296 0.00005441507243729123 0.0001452408045753631 0.00020890874487478712 0.00019141713389094644 0.00016412766142469368 0.00011925220703679773 0.00012778976887591254 0.00013624087624258905 0.00017108335045488087 0.00018191421560919335 0.0001841522055719012 0.00018691649444736925 0.00018638474527295055 0.00017495657008153063 0.00017279694787567798 0.00017463142384715653 0.00015305816413350892 0.00013204142169710232 0.00009067970265743834 0.000056392710971297844 0.00003148180656167931 0.000013279755032873823 0.000005713056624594381 0.0000011243910840512208 -3.023016312732568e-7 -8.293863694675937e-7 -5.902173549606985e-7 -1.3468233049422294e-7 -0.000006698132800433887 -0.000011313373181893189 0.000006900241941672724 0.000029350489992949415 0.00009824851341130931 0.0001914623014418854 0.00038607887335100386 0.000473040751611419 0.0006417524900543657 0.0006237379704487702 0.0005167498658859226 0.00034272337626328856 0.00019228214850536252 0.00006854391202922577 0.000011710117416812445 0.000026751349511506636 0.000015160605787247436 0.00010663339217287891 0.0002459064233354585 0.0003848477742799017 0.0005301878766764457 0.0005825746205896013 0.0007752280082358843 0.0008450109957773683 0.0010729571924993782 0.0009362920309102161 0.0007795565439370072 0.0007279905516223651 0.0007428398218522321 0.0007652604723834679 0.0007640699206749789 0.0007528888814873667 0.0006638243030245509 0.0004917370529119852 0.0003557932805316543 0.0002318772217289629 0.0001271336535023939 0.0000698910662386183 0.0000347245206251302 0.000018284315588806864 0.000026826054480911834 0.00004981824024882031 0.00008368224473507688 0.00013570226857050017 0.00020643747316030487 0.00029444095670760927 0.00039003720655883984 0.00045434550808701814 0.0005090233281650504 0.0005662044676904484 0.0006046049187002605 0.0007044995317310202 0.0007391316337018565 0.0008175975481495222 0.0008177823228574033 0.0006936602897709349 0.0005997995372471907 0.0004994989851124254 0.0004374929961448996 0.0003640826331336912 0.0003352038556230886 0.0003625170992132641 0.0003978623421029417 0.00042115691917141 0.0003938774472623607 0.0003636128470646387 0.0003739192635909497 0.0003889285089307957 0.00041405273873129287 0.00039583676199596193 0.000338935046489792 0.00028301928607927813 0.0002163683745125741 0.0001986572286263654 0.00023320012802232926 0.00032741754494205506 0.0003931352870108383 0.0004596185316000937 0.0005675386482464097 0.0005759595247972952 0.0005003947538227605 0.0004486837823725432 0.00043183710738663015 0.00042547009925232305 0.00045873333261084594 0.0005012155428325657 0.0005139154816243186 0.0004842477453318899 0.0004650803694693469 0.00044315776301943454 0.00036855278560256506 0.0003478708265352954 0.00033561562201151276 0.0003419065652840214 0.0003732348125665701 0.00037270955119209266 0.0003210874937059445 0.0002747483333389769 0.000192782146587777 0.00012397354804227282 0.00005823172728575497 0.000004288454851777746 0.0000840980487426523 0.00015941018636643194 0.0002950587780904957 0.0004141742737278355 0.00046198442461444763 0.0003641863579552566 0.00023126060139426507 0.00021100673266296685 0.00022300425466821437 0.00024561232603661484 0.00025162326237466114 0.0002569012827529196 0.00024401693267158688 0.00022688288084970413 0.00021582576935367007 0.00021165915986266106 0.0002167195187303921 0.0002018708819561547 0.00015705983102931863 0.00011947107968090964 0.00007807517503712199 0.000037459708686111485 0.0000058716264824529915 0.000007637897706471244 0.000001658199792537746 -4.97630886398006e-7 -8.293417266217043e-7 -8.698677191737883e-7 -2.028537164539084e-7 -0.000006030429738480007 -0.000004822837729626302 0.000011640984753078906 0.00003062692249484147 0.00011509631103549179 0.00023343571860399756 0.00037975500231158393 0.0005491789991836604 0.0007022353878825376 0.0006862688944879398 0.0006745584883835185 0.00046724811855123526 0.000244888255869543 0.00005809204666855283 0.00002310393955829961 0.00003656962252902641 0.00005170144246166527 0.00018476575867197427 0.0004311484178668776 0.0009496877600555257 0.0007662678132785211 0.0008931280344210438 0.0010501959499139542 0.001282729917535808 0.0012482552703917509 0.0011128417235553819 0.0009116849255494913 0.0008147430036367319 0.0007944144003743435 0.0007870775876341775 0.0008586669882890373 0.0008146490071074097 0.0006553243073752536 0.0005440168282792343 0.00040129506292710425 0.0002663994900012139 0.00013672677230788425 0.00008367012804625604 0.00004055574670455695 0.000027038484354388775 0.000027495679624140636 0.00005554565911906016 0.00008511050863727664 0.00014412629886248468 0.00023890995404774463 0.0003273559958642189 0.000408866364665694 0.00048435820584371886 0.0005821074899221986 0.0007032475083094758 0.00075698147208754 0.0008108255305069556 0.0009774170538999155 0.0009413782323746125 0.0009466845023218508 0.0008687762319057727 0.0006753994559478119 0.0005641701041763767 0.0004660115850571089 0.0004073400356533031 0.00039961854381476847 0.0004764126801579019 0.0005574127774241852 0.0005124444357490667 0.0004356066858633025 0.0004185006460375879 0.0004179175288761591 0.00042654148932804765 0.0004573892329160552 0.0004145833644983032 0.0003745431226112242 0.00029720572144260296 0.00023966220826352868 0.00024122180176912948 0.0003391833619081637 0.00041547078923392786 0.0005034863807935044 0.0006630730944609339 0.000768689020270396 0.000839531872913934 0.000679027317849363 0.0005205489239014826 0.0004773763253031128 0.0004775792579764374 0.0005099824098149156 0.000572959636049495 0.0005574987763171136 0.0005500690658648025 0.0005209143028556988 0.00044836458499951517 0.0004116658597535368 0.0004100935639908957 0.0003797604450493109 0.00042676957874397843 0.0004165504803536434 0.00042111087546352533 0.00038074547041340104 0.0003079660425677823 0.0002307444325289829 0.00013994264926570386 0.00006562244121598413 0.000024196337748568256 0.00010671429187660437 0.0003110813700200331 0.0004880214312712709 0.0007667195995514064 0.0006480444611294858 0.0004981579469550911 0.0003524086430339575 0.0002687431448871314 0.0002623494768236515 0.00029604019579413136 0.00032975048646021577 0.0003249148730632287 0.0002955908892760777 0.0002503393292452689 0.00023134261544781982 0.00022406798377658268 0.00022284722750655142 0.0002003372327956839 0.00016811221097598686 0.00013756227087018518 0.00010749863629091761 0.00006676935147044472 0.00001349985785492512 0.00000614675132963258 0.0000013232680399017291 -8.595359522303589e-7 -8.897171526698216e-7 -9.813780782137851e-7 -2.0721321410347945e-7 -0.000006050885224948763 -0.0000010839582724742097 0.00000814363968066479 0.00003655220198548743 0.00009969465644197231 0.00021228436049380026 0.0003546867529710376 0.0005368600822914827 0.0006891897222306544 0.0007304360227910229 0.000625439185040215 0.00036189018317150506 0.00019137665598522062 0.00005553912937634213 0.000025118147579286146 0.000031736502781589 0.0000866804931837347 0.00018237930814523346 0.0004125137234782317 0.0008610640142824516 0.0008189260671094706 0.0008995461671649238 0.0011379582849283813 0.001134802353012557 0.0010786356777919407 0.001028634815489814 0.0008295038074867498 0.0007280052527635534 0.0007387390826484202 0.0007748470270570712 0.0007313040421739763 0.0007190194328407143 0.000625189119035293 0.0004841612125334705 0.0003474609809460745 0.00022611232851540395 0.0001307024169720963 0.0000799288070404257 0.000031151270953526055 0.00002780760243124515 0.000026941875240597203 0.00005084862143819962 0.00008137779090883994 0.0001315915175487306 0.0002059467778886005 0.00030618523216660365 0.00041221145719985095 0.0004995994460396683 0.000571282442714235 0.0006284729472049128 0.0007144800475884528 0.000858523073859027 0.0010814046019027765 0.0010862624540330594 0.0010760101361541455 0.0008091903115775583 0.0006776879903043841 0.0005790167564562547 0.000495909074426996 0.0004161691964807474 0.00036103257455955803 0.0004005004537360353 0.0004393106095123563 0.0005079270365936649 0.00047303036482874733 0.0004215239527782178 0.00041559476146860505 0.0004261646258197733 0.00044267602139259443 0.00042456857810282896 0.0003540102142441547 0.0002736802235248234 0.0002192241583000912 0.00023288511062940327 0.0003467524661936953 0.0004855148287391421 0.0005259974328166325 0.0005914208087429498 0.000698619251605673 0.0008335381136680051 0.0006031066725407924 0.0005021445825803573 0.00042599558181257466 0.00045265314752838276 0.00048755080780650794 0.0005259956711530078 0.0005973484125049815 0.0005731678416469256 0.0005149899776501801 0.00045884492804182527 0.0004047421191322099 0.00039580569284787 0.0004412750103322094 0.0004206252362612663 0.0004080743239273125 0.00038490197709737387 0.00034093068075822104 0.0003161383116326568 0.00022197371979173718 0.00013153811397970057 0.00006507384519931926 0.00003544635791796384 0.0001018393657046296 0.0003641819375853456 0.0005864819434886185 0.0006992300368682527 0.0008208289831801877 0.0006038302185812894 0.0003619402625549948 0.0002829015662135839 0.00027730723020625555 0.0003196289239066244 0.00032919989739301484 0.00031522120272964207 0.00026594609540741366 0.00023403884789637166 0.00022121780196028372 0.00021521087880097987 0.00020285946533165245 0.00019069592372391065 0.00016811060708508266 0.00012170906408890371 0.00018044314985730638 0.00012196803580865134 0.00002904533220823878 0.000005368919025663822 0.0000012383682561225901 -8.901612245103139e-7 -0.0000010633103349281015 -9.37216015441917e-7 -1.5330660858720137e-7 -0.000004859722447069018 -9.45344445884039e-7 0.000004260642808970039 0.00003034225851534461 0.00007073401500614322 0.00014180782139503766 0.00027393573128640166 0.0003738442839399699 0.00046406991689443153 0.00045696417981817654 0.00042834132457907575 0.0003071664481930419 0.00015450143772823162 0.00002989108737965699 0.00001694257773800808 0.000010848303266937606 0.000016849861439836867 0.0001251916467450494 0.00029301516924029966 0.0004538093833845095 0.0005041921355921884 0.0006031691211119847 0.0007821073136916352 0.0008709358827069473 0.0009214171320988776 0.0006865141606762003 0.0006407784548730286 0.0005782941592065944 0.0005575382944252238 0.0005697665158654458 0.000601819308631787 0.0005762377480524203 0.0005323407044400463 0.0004179876618414806 0.0002893415359715695 0.00018393780261281777 0.00010122494176889299 0.00005849797137218171 0.00002669259693823807 0.000022418470983284767 0.00002093438165134683 0.00003170576806127848 0.0000602636581579483 0.00010552982399889517 0.00014888425218771733 0.00023813398251186372 0.00031327304975964555 0.000399858893260684 0.0004562533479596671 0.0005144837398567279 0.0005659869038679716 0.0006436667422404165 0.0007465895676621058 0.0008788088094620205 0.0008618568502951757 0.0007038901740467466 0.0005615700540806224 0.0004784563918286601 0.00040600263944225374 0.00034131576117571715 0.0003173967392825476 0.00033158775521721173 0.00039156455717713793 0.00037058257271363205 0.0003503259436728563 0.000327596171145714 0.00032711262280028835 0.0003435142977963618 0.00034915235661399493 0.0003410515127319555 0.0002900313313086575 0.0002237233481993671 0.00016761718870335283 0.00020369224151345767 0.0002296817069610692 0.0003286430380347155 0.00040054508685187165 0.0004943477162140681 0.00064253792864312 0.0005928658358252927 0.0005210451955058416 0.00042216691953358813 0.0003715201106362101 0.00038022820508188207 0.0004081461489157558 0.0004674713450740672 0.000477856907806025 0.0004806639393118271 0.00044673873537654304 0.00038839035812397716 0.0003477748993065456 0.00032266837681720127 0.00033438808570243064 0.00033535194406231157 0.00033852488648139305 0.0003426600447905751 0.000328200695275359 0.00026598574325091345 0.00018869447176993076 0.00009941002950584326 0.0000512385464649916 0.00004056213544462616 0.0000999735145353751 0.0002243252225824209 0.0004400302584487463 0.0005261366748035141 0.0004618028730373656 0.00042245776852228254 0.00027690861244595373 0.00021124311279371416 0.00022143225833565536 0.0002531444355878985 0.0002591789097697658 0.0002474420994936727 0.00023439600303352354 0.00020557913894066722 0.0001840195256589939 0.00017529936521903578 0.00017255042825358138 0.0001576683389358153 0.00012812599639345975 0.00009189348078186829 0.00007716670366857127 0.00005835889103606997 0.000005831571603776424 0.0000014899614133206177 5.069837680249609e-7 -4.632379696221404e-7 -0.0000012004352293882219 -6.785112604862151e-7 -1.0799231287647743e-7 -0.0000030838238309354177 -0.0000029514873067637657 -0.0000028535349895884097 0.000021409970632779227 0.00005408369763051579 0.0000994299086919855 0.0001396327978004068 0.0002160759984970735 0.0002519539374842584 0.000277118436775849 0.00021862752366166995 0.00014439093831293743 0.00006550767924131117 0.000021597108345946916 -3.844021887005288e-8 -0.000021832992029967284 0.00002788907280380731 0.000004740678921642125 0.00010442376834006976 0.00019145926754019114 0.00022751024504851164 0.0002799029493246726 0.0003445531139301977 0.0004768376162625147 0.0005262751086678308 0.0004927455616919205 0.0004287564681087446 0.0004100019372080892 0.00039576371852489327 0.0004222825447210192 0.0004288459390151696 0.00041712622080518997 0.00038562963365755174 0.0002925324765837447 0.00021249700389300245 0.00014558808601777135 0.00006737667100926416 0.00002874507011608128 0.000013638177931362927 0.00001332490034622804 0.000011245782924000489 0.000013337880904716968 0.00003686317140326804 0.00006534929235575086 0.00011379119266564384 0.0001452031016208022 0.00021706587858230306 0.00027349522926456215 0.00032080816196994186 0.000365112367325841 0.00039612507260858434 0.0004416665768220545 0.0004787311557443311 0.0005091964337127225 0.0005140651795987233 0.00045305207467853957 0.00043215670680782283 0.00036259701421421985 0.00029756769538476035 0.00022976356134023446 0.00021619549943297642 0.00020011270062077278 0.00020292459666855319 0.00020817085332742875 0.00022044932368768156 0.0002316346312004604 0.00023456451664128028 0.0002513735838183723 0.0002669152716161142 0.00023565057386463301 0.0002184029672704399 0.00015962590326701906 0.0001221792447041298 0.00013362015076654238 0.00015762414450154575 0.0001948237890092988 0.0002715532176807627 0.0003484166828134534 0.00038808256794869555 0.00039520274295670564 0.00030588249009630945 0.00027373995187237384 0.0002469634202279569 0.00026987576598354356 0.00030388853925026243 0.0003120140633052814 0.0003233479092375959 0.00032886900639313843 0.00030719869314569005 0.0002767193829963513 0.00025761022498965995 0.00023332544028075553 0.0002438525665200602 0.00025077919584822107 0.0002493050652403307 0.00024680056700971325 0.0002288890931229765 0.0001704198255581031 0.00013936215031562545 0.00006086412934291919 0.000031408574071561685 0.000004668199771001992 0.000044716391538165046 0.00008342248711897957 0.00014320764509054504 0.0002727580035262701 0.00026228602039586943 0.0001792418549650749 0.00014867287600112787 0.0001478874052238075 0.0001386352733534753 0.00017099416994474247 0.00018529859371438972 0.00018282326772453902 0.00015885968853154275 0.00013896934298751596 0.00013087425357074148 0.00012886366501270517 0.00012103291141889907 0.00010584904263264272 0.00008478046185388626 0.00006141418111470252 0.000051982742685716994 0.000024480124209503888 -0.0000019498261824691917 0.0000015053170213859387 5.1002487621146335e-8 -7.137111934502366e-7 -0.0000011270906506491336 -5.217159916724825e-7 -7.246745180273489e-8 -0.0000023817850274241905 -0.0000037909464758765983 -0.000007598026103716649 0.0000025791934070226456 0.000025132847860898337 0.00005515861370558496 0.00009086517731209077 0.00012051864957482905 0.00013673588182590234 0.0001095429802433817 0.00009426435978862556 0.00006480347879992805 0.00003923669945722709 0.000016694375445032715 -0.000006805010774716916 -0.00001498701063532837 -0.00001010699361199897 0.0000021358472790243124 0.000001939837185024337 0.000010007701498194984 0.0000036925358964380477 0.00005595884099682378 0.00009540779922447186 0.00015003768458804175 0.00020820236272100096 0.00019530938068277866 0.00019899935598934835 0.00020275435663068362 0.00023732081520507536 0.000276653597689348 0.0002829947162001672 0.00026876881790014617 0.00022369903432890268 0.0001867793399601385 0.00013575513981030625 0.00007171630990436662 0.000034822056082262545 0.000020722236310185608 0.000006212721476603021 0.00000525310365017942 0.000005039451372939792 0.00000904113137483813 0.000019662298541701582 0.00003556171821916061 0.00005768894812303838 0.00009356270752954607 0.00013168923505781137 0.00016702696163649008 0.0001968807516691908 0.00022234753345734903 0.0002390247770395044 0.00026239242228423754 0.000236130398933269 0.00025939061346997086 0.00026531201514730726 0.0002945648363474545 0.000253738403014073 0.00023284336818620415 0.0001874657013640683 0.00013309359774828724 0.0001301092979352198 0.00011280537571381549 0.00010985716820451542 0.00010212891769864857 0.00011805389482942901 0.00012376479592390594 0.0001334764356291907 0.00014806915798135458 0.00016384425386809529 0.00015581426411069737 0.00012616774146235712 0.0000956903294598958 0.00008752362290316681 0.00006931808535373705 0.00009588874349457525 0.00012412542609514923 0.00014692485747125084 0.00016868261581390627 0.00017106914363104186 0.0001560771504272871 0.00014147254147946854 0.00014985135221306484 0.0001378013298397392 0.00015432456163326692 0.0001766191104002212 0.00019619625854164487 0.0002065284197560122 0.0001933169088650202 0.00018392636108314266 0.00017330944676914676 0.00016283464324715042 0.00014955477047629847 0.00014184411658353755 0.00014416248803210388 0.0001464353514836796 0.00014372014534354776 0.00013534215958106607 0.0000985300938539205 0.00005373651756472855 0.00004602506115206826 0.00001536505459955885 0.0000014005025733788875 0.000018678205485418072 0.00003656153093789354 0.00005327301732603782 0.00006259372078834808 0.000043743883052006156 0.00005517452255512971 0.00007086604010127866 0.00005989865414600617 0.00005904559606481934 0.00008839173698982675 0.00009641094851728198 0.00010091189304342697 0.00009383296814954871 0.00007817473612625038 0.0000835700132321048 0.00007779841645623841 0.00007031108844690124 0.00006362638191344725 0.000048728634257378604 0.000028823166933466014 0.000015787946585810877 0.000003521817675302094 0.000001284114041149695 7.788234773637797e-7 -9.619259670331494e-7 -9.550110540975287e-7 -8.274813892482247e-7 -4.1727947964770254e-7 -2.4435606855896543e-8 -0.0000012227394325130488 -0.000004150221355294817 -0.00000678364263886021 -0.0000040455416248067056 0.000002801544382171792 0.000019447324135707138 0.000030180191374156596 0.00003782406844747585 0.00003862414785682687 0.00004006297533018362 0.00003076849250938743 0.000017291067878916634 0.000013132813391560334 0.0000033237692867116 -0.0000024683105433335243 -0.000007615114102164328 -0.000013892229622864212 -0.00000741536082646411 -0.000021862721905707828 -0.000013635807953119357 -0.000015753849797017273 0.00000417250042749404 0.000020684324184037705 0.0000392949175369162 0.000040756524299228986 0.00006134392146198389 0.00009490251743405568 0.00011691873764017157 0.00010760022526833984 0.00012019119628867668 0.00012957137623534378 0.00012376300561802112 0.00012419521521620132 0.00010316110754435234 0.00007413880740940228 0.00004233484161181738 0.000014220723355343934 0.000003743583183220327 -0.0000020156881999790944 -0.0000017676312852660671 -4.972094159319097e-7 -2.0062195848680356e-7 8.361907085566848e-7 0.000016872360189151986 0.000025860363263420476 0.000047602136919456 0.000048866737371161684 0.00007384977755327843 0.00009377939401740633 0.00010601488362787644 0.00010955827724376688 0.00011858795767370998 0.0001223224686071378 0.00013848329609296152 0.0001494790706255333 0.00013555325916180032 0.0001279348243488925 0.0001193389818553191 0.0000862422233651961 0.00006723047997329725 0.000049691870439690496 0.000038626942821675115 0.00003115903309948758 0.000027327323587808984 0.000026381572326757777 0.00004408016355312243 0.00006456144430512978 0.00008864916709207096 0.00009383694579068866 0.00007574278064270966 0.00006811940710417912 0.00005695482644802574 0.00004034900557685598 0.0000233236959134203 0.000024753607204906295 0.00004979792944667015 0.0000772741176143537 0.00008981708730234787 0.00008564483457427722 0.00008047871163381105 0.00008170550876850819 0.00007147713155008073 0.00006904152140070346 0.00007074193710265363 0.0000893528739133258 0.00009597727926801662 0.00009890346581997887 0.00009963477684362181 0.00009888195710934224 0.00008940992439918003 0.00008955018116928488 0.00008551256716064839 0.00007248286099794865 0.00007428395777814107 0.00007394614020807311 0.00008084939537488127 0.00006567863409403721 0.0000507405026680557 0.00003641817155481768 0.000011212181380049825 0.000004064955244215797 -0.00000769032920514129 -0.000010318234318070323 0.000009388704732303928 0.0000037948179054493473 0.000024269058146834543 0.000029610681942657152 0.00001910899349691217 0.000009984015780311744 0.000014548962592650066 0.000021350580992458435 0.0000295584988340244 0.000042513749723849915 0.00004144720301592603 0.00004087058981026712 0.00003335758163824999 0.000034590841568518167 0.000034956267375414156 0.0000352449695629467 0.000029131767813004087 0.000022090150070296823 0.000013882178364393984 0.000006790584496830547 0.000002071157775472562 8.539372196199685e-7 -9.416165786228664e-7 -9.334767695559233e-7 -8.324370366447756e-7 -6.512070475016049e-7 -3.364605575548239e-7 4.1223374616848225e-9 -5.765436724555923e-7 -0.000003161918942177903 -0.000005143611032535887 -0.00000419164536540301 -0.000006024518059354489 0.0000010252576059844585 0.000004491725415439119 0.000004179402405880251 0.000011088462415125103 0.000007709448619507821 0.000005892276102334474 -0.0000012353945158031102 -0.000002576672245810699 -3.520787600093718e-7 -0.0000042128550713710226 -0.000005921744764800736 -0.000007330987655491788 -0.000007903606784965739 -0.000008323441893170838 -0.000009032438302635362 -0.000011650727825643421 -0.000017385256016920067 -0.000009023420884671246 0.0000015242972601416167 0.0000189897782023619 0.000025386723467187634 0.000025496244712672243 0.000030307943691529756 0.00005083331649233831 0.00005138816579408889 0.000056546999493478186 0.0000595183328778355 0.00005007570849163512 0.00003931282325304957 0.000017030376242339497 0.0000037986159301314594 0.000005189833259713345 -0.0000034508292246040973 -0.0000030978672807265916 -0.0000036658210497242853 -0.000004241030910373972 -0.000003863177083178329 -0.0000010634797551537793 -0.0000010753806557027423 0.000003742833244381169 0.000011683967900544889 0.000027554262593035604 0.00002595292463768553 0.00003079774907980141 0.00003644778289905213 0.00004891351124161663 0.000047619335499899915 0.00005591597937389495 0.000047862421373689335 0.0000431710654588898 0.000055204642916163824 0.00006369253489728234 0.000053460986540094245 0.000040360523477451314 0.000023997707044563343 0.000007066703093640747 0.000007714980768547459 0.000004965816383684227 0.000010094557153846217 0.000009081058287844444 0.000022354265857885846 0.00002712987541395558 0.000020422268070174042 0.00003375335337302713 0.00003982023459675228 0.00003216227142030755 0.00001643003009420782 0.000010580324323744988 0.000007249156387345151 0.00000531163375680639 0.0000014496919948346843 0.000006373530913349488 0.000008700481277766946 0.00002735800023190999 0.000023034653478375467 0.000024288797275785134 0.00002532218277966937 0.00002634456998880266 0.000029671275967924488 0.000020645793336211835 0.000025347214733772315 0.00003148514121633861 0.00003846654360008612 0.00003791864760330171 0.00003784704025982006 0.00002631175148981952 0.000020362249528305058 0.000029472552010437223 0.00003391592557002675 0.00003478007204308165 0.000022015101821652264 0.00001417825934340004 0.000011103140071869434 0.000003332383560919097 0.000003680461073292877 -0.0000018216218561460642 -0.000004426763961563449 -0.000007257991984200783 -0.0000053300033045422365 -0.00000939299442063761 -0.000012174023749213886 -0.000003674106323749866 -0.0000011445608325751254 -0.0000010860649355419963 0.0000027918275796057737 0.000006238176774373712 0.0000065864771857424965 0.00000475514716441897 0.00001048049041388076 0.00001365580140373093 0.00001545068228692723 0.000014004447358469849 0.000014758057950654158 0.000012529116334924714 0.000007665451574793284 0.0000018069597737109896 0.000001563299849516392 -8.996111826807658e-8 2.924160773883635e-7 -1.8619712065742503e-8 -0.0000018634155913984101 -9.481820020249994e-7 -7.524057531004831e-7 -3.7304584717039295e-7 -1.3685454210977316e-7 1.727460365320798e-8 -2.2725499731723114e-7 -0.0000019906493879749973 -0.000003557927496578049 -0.000005437678948686396 -0.000007969909742956738 -0.000007402085365528087 -0.0000040257703948995156 -0.000003333446373520315 0.0000017813231825760673 0.0000016570755107644365 -0.000001587343076134278 -0.0000032441864061065333 -0.000003386675742308863 -0.000004669927327810137 -0.0000027582002937329387 -0.0000026083337453349715 -0.0000037060574977857927 -0.000004083463227874077 -0.000005491702507168707 -0.000005288646665172647 -0.000008322483946664361 -0.000011937926915705794 -0.000014568371477797506 -0.0000055901405192841145 -0.000008236617127103404 -0.00000532562247372555 -0.000007016046642357046 -0.0000032552215398377495 -0.000001728740435574519 -3.751696172861866e-7 -6.518355792643105e-8 -0.0000027572869574441793 -0.0000014521428404623745 -0.000005598962775799423 -0.000010717804002905557 -0.000004902942531608536 -0.0000072541288487910265 -0.000006166851269217479 -0.00000512304219734201 -0.000004948928615298613 -0.0000041175694104373265 -0.0000048742088539784955 -0.000004377741358189915 -0.000003047392437759156 -0.000005532995293040102 -0.000007738388633359372 -0.000002316075815134622 -3.9685732801755514e-7 0.000006052835314175635 0.000004075838038728244 0.000004367036364739752 -5.633760476111241e-7 -8.574220113323232e-7 0.0000022215427436867294 -0.000008232309239709859 -0.0000027110988862784114 0.00000439536750749288 0.000014589444626735722 0.000007673962977710616 -0.0000036337296442365983 -0.000009728642747821063 -0.000017197179832084165 -0.00001721642231349705 -0.00001628048229299077 -0.000008212846512901576 -0.000004007845350054115 0.000004229232051055166 0.000014809203973687457 0.000013926342561497464 0.000002794174236544342 -4.343899429825371e-7 -0.0000034660879880974217 -0.0000069358774098803566 -0.000008233359354280596 -0.0000036585279003208567 -0.000004174754814141526 -0.0000024169471424519452 -0.000008807194599968903 -0.000009217760516981253 -0.000006729119344029887 -0.000011740543653108013 -0.000010940311982030496 -0.000009010484412484495 -0.0000033338900112925523 0.0000010543281314868244 -0.000006131404799034005 -0.0000065169619561417655 -0.0000031123067023475383 -0.000004015945258568075 -0.0000031654927624754424 -0.000001064100431239148 -9.479530963131792e-7 -4.021391820773127e-7 -0.000008044897498450676 -0.00001082400510399377 -0.000003828790313068089 -0.0000014945698750483094 -0.000004666842851243591 -0.00000431946427770455 -0.0000033311867271329713 -0.000005534678753653115 -0.000005562614147187858 -0.000006097181095956048 -0.000005074961168261818 -0.00000255726657216339 -0.00000785272670017448 -0.000009511074701513829 -0.000004446131402699031 -0.00000475305322503294 -0.000007433968872658703 -0.000007725556016220248 -0.000003569275489690163 2.4713683764496756e-7 -0.000002055764747526998 -0.000003687265162925547 -0.000002902354467901971 -0.0000021491814437840017 -0.0000029854342578630668 -0.000004032376345236026 -0.00000231479437370238 -0.0000019399676396235582 -2.8733538981640416e-7 -0.0000011723206792114621 -0.000002054415880874861 -0.0000029962195027646374 -0.000001995869237675273 -6.074127334551795e-7 -3.672755720520136e-7 -1.8119385914176043e-7 -2.957600952989508e-8 2.2763048918456326e-8 8.937713210237675e-9 -4.3974068487371807e-7 -0.0000012539873506332584 -0.0000024376212061259595 -0.000004015006650599543 -0.00000494534378373152 -0.000004091410049861035 -0.000004540778776377721 -0.000006434478542901253 -0.000004757517739490404 -0.000004129721454310259 -0.000004138385821404219 -0.000003440626108911793 -0.0000022304680873551944 -0.0000014340020410092105 -9.84640436257815e-7 -6.695117419682753e-7 -1.1764891216504472e-7 -2.8635966385556143e-7 -0.0000015694790875073744 -0.0000023999103656080984 -0.0000031196821338176166 -0.00001006127053781713 -0.000014494281237744636 -0.00001364459142949149 -0.0000170237570357686 -0.00002364286214216018 -0.00002424033354685511 -0.000021853761411326305 -0.000016534192426224075 -0.00002115128013292315 -0.000019081966660248055 -0.000014467956555228099 -0.000011929564913395495 -0.000007816532790502485 -0.000005615471075489646 -0.0000050237216122127144 -0.000003637010832596631 -0.000002501978643772122 -0.0000018900713285776202 -0.0000017545110105071356 -0.0000018645040166426605 -0.0000030947478276596554 -0.0000028694941848170034 -0.000003959749991309286 -0.000005827802977739804 -0.000009322308936434043 -0.000009882690815475512 -0.00001483944145277913 -0.000015252319891909461 -0.000019671229128943448 -0.000017864918718860598 -0.000017832670004979436 -0.00002117652168697093 -0.00001682685670081419 -0.000015415782221651886 -0.00001472948765429499 -0.000014551407377853937 -0.000016356264139018574 -0.000013716303998716468 -0.000011019886189928825 -0.00001027674542169709 -0.000008768066846351035 -0.000007285193807485626 -0.000007612631618796521 -0.000008354125485329449 -0.000009737221314395872 -0.000011826837239784027 -0.000009623204742816658 -0.000009792586169827026 -0.000010275719522907083 -0.0000093200620918787 -0.00000836300150512283 -0.000008682549103529216 -0.00000938219753038549 -0.000006680818124093359 -0.000005857404339351335 -0.000007932155031749008 -0.000010947326744244551 -0.00001029324336219687 -0.00001006511565056268 -0.000010247355533449107 -0.000012434329028878887 -0.00001595681247711905 -0.000012620156666888353 -0.000010867275439833359 -0.000011120102050189146 -0.000012169197887621618 -0.000013103278300217672 -0.00001144053309184825 -0.000010723249281031329 -0.000009434000333072157 -0.000009583404654835688 -0.000007126076480576143 -0.000005130736037786028 -0.00000496683596775913 -0.000007525366580609041 -0.000008521396972505232 -0.0000048658853588399965 -0.000004359367499286708 -0.0000036631078331864655 -0.0000019987658515476285 -0.0000011776278178001102 -0.0000013202287236081402 -0.0000013096253070656594 -0.0000011272202198082712 -0.0000012570963933602873 -0.0000025263701634715724 -0.0000051337267602429995 -0.000005229164458371289 -0.000004001038612796238 -0.000004562691481219115 -0.000005756667210446007 -0.000004739517806691891 -0.0000044701973242924085 -0.000005454185126454398 -0.00000488745841419639 -0.000004978327362568361 -0.0000037653574915427673 -0.000003032976242282755 -0.0000022200121616821524 -0.0000020019482159174925 -0.0000015819411582296004 -0.000001266453012977253 -8.717556082557666e-7 -4.648322097359755e-7 -1.4648217800496995e-7 -4.5801018827110084e-8 -3.868608049715969e-9 1.638483430804644e-8 7.943499246738938e-9)
(UseCyclicTransform "false")
(UseDirectionCosines "true")

// ResampleInterpolator specific
(FinalBSplineInterpolationOrder 3)
(ResampleInterpolator "FinalBSplineInterpolator")

// Resampler specific
(CompressResultImage "false")
(DefaultPixelValue 0)
(Resampler "DefaultResampler")
(ResultImageFormat "nii")
(ResultImagePixelType "float")
